-- phpMyAdmin SQL Dump
-- version 5.1.1
-- https://www.phpmyadmin.net/
--
-- Host: 127.0.0.1
-- Generation Time: May 11, 2022 at 06:42 PM
-- Server version: 10.4.20-MariaDB
-- PHP Version: 7.3.29

SET SQL_MODE = "NO_AUTO_VALUE_ON_ZERO";
START TRANSACTION;
SET time_zone = "+00:00";


/*!40101 SET @OLD_CHARACTER_SET_CLIENT=@@CHARACTER_SET_CLIENT */;
/*!40101 SET @OLD_CHARACTER_SET_RESULTS=@@CHARACTER_SET_RESULTS */;
/*!40101 SET @OLD_COLLATION_CONNECTION=@@COLLATION_CONNECTION */;
/*!40101 SET NAMES utf8mb4 */;

--
-- Database: `pusatherbalstore`
--

-- --------------------------------------------------------

--
-- Table structure for table `address_member`
--

CREATE TABLE `address_member` (
  `Id_address` int(11) NOT NULL,
  `Id_member` int(11) NOT NULL,
  `Id_city` int(11) NOT NULL,
  `Id_province` int(11) NOT NULL,
  `Address` varchar(100) NOT NULL,
  `Status` int(11) NOT NULL
) ENGINE=InnoDB DEFAULT CHARSET=utf8mb4;

--
-- Dumping data for table `address_member`
--

INSERT INTO `address_member` (`Id_address`, `Id_member`, `Id_city`, `Id_province`, `Address`, `Status`) VALUES
(1, 5, 1, 21, 'haha hehe hihi', 0),
(2, 5, 14, 19, 'JALAN AMBON MANIS NO 1111', 1),
(4, 5, 259, 19, 'JALAN MERDEKA RAYA NO 1', 0),
(5, 5, 95, 28, 'jalan sungai saddang baru lr mumin II no 3', 1),
(6, 5, 444, 11, 'jalan ngagel madya V no 89', 1),
(7, 40, 75, 11, 'jalan blitar raya 61', 1),
(8, 41, 32, 1, 'jalan kuta', 1),
(9, 42, 89, 15, 'jalan bontang', 1),
(10, 43, 14, 19, 'tatata', 1),
(11, 44, 318, 32, 'jalan nasi padang no 123', 1),
(12, 31, 128, 1, 'hahaha', 1),
(13, 47, 254, 28, 'jalan ternate no 11', 1),
(14, 48, 262, 27, 'jalan hartika no 123', 1),
(15, 49, 98, 29, 'jalan kina', 1),
(16, 50, 114, 1, 'jalan kuta123', 1),
(17, 51, 106, 3, 'jalan hasanuddin no 123', 1),
(18, 52, 50, 8, 'batang hari', 1),
(19, 53, 456, 3, 'jalan trisakti no 89', 1),
(20, 54, 114, 1, 'jalan bali zoo', 1),
(21, 55, 130, 7, 'jl. saputra no 123', 1),
(22, 56, 48, 17, 'jalan kk indonesia', 1),
(23, 57, 156, 8, 'Kota jambi', 1),
(24, 58, 17, 1, 'pantai', 1),
(25, 59, 75, 11, 'jalan hahahaha', 1),
(26, 62, 17, 1, 'pantai kuta no 123', 1),
(27, 30, 116, 32, 'hahahaha', 1),
(28, 63, 70, 34, 'salam dari binjai', 1),
(29, 64, 106, 3, 'rans cilegon', 1),
(30, 65, 34, 9, 'banjar', 1),
(31, 33, 99, 19, 'jalan hehehe', 1),
(32, 66, 62, 4, 'jalan bengkulu no 124', 1),
(33, 67, 444, 11, 'rungkut', 1),
(34, 68, 114, 1, 'adada', 1),
(35, 27, 15, 34, 'www', 1),
(36, 71, 18, 13, 'hahaah', 1),
(37, 72, 116, 32, 'ytateyaj', 1),
(38, 75, 17, 1, 'jalan kuta raya utara no 1', 1);

-- --------------------------------------------------------

--
-- Table structure for table `affiliate`
--

CREATE TABLE `affiliate` (
  `Id_affiliate` int(11) NOT NULL,
  `Id_product` int(11) NOT NULL,
  `Id_variation` int(11) NOT NULL,
  `Poin` int(11) NOT NULL,
  `Status` int(11) NOT NULL
) ENGINE=InnoDB DEFAULT CHARSET=utf8mb4;

--
-- Dumping data for table `affiliate`
--

INSERT INTO `affiliate` (`Id_affiliate`, `Id_product`, `Id_variation`, `Poin`, `Status`) VALUES
(21, 38, 85, 200, 1),
(22, 39, 84, 50, 1),
(23, 40, 40, 100, 1),
(24, 42, 83, 100, 1),
(25, 41, 82, 100, 1),
(26, 138, 185, 200, 1);

-- --------------------------------------------------------

--
-- Table structure for table `affiliate_member`
--

CREATE TABLE `affiliate_member` (
  `id` bigint(20) UNSIGNED NOT NULL,
  `Id_member` int(11) NOT NULL,
  `Id_product` int(11) NOT NULL,
  `Total_diklik` int(11) NOT NULL,
  `created_at` timestamp NULL DEFAULT NULL,
  `updated_at` timestamp NULL DEFAULT NULL
) ENGINE=InnoDB DEFAULT CHARSET=utf8mb4 COLLATE=utf8mb4_unicode_ci;

--
-- Dumping data for table `affiliate_member`
--

INSERT INTO `affiliate_member` (`id`, `Id_member`, `Id_product`, `Total_diklik`, `created_at`, `updated_at`) VALUES
(1, 5, 38, 11, NULL, NULL),
(2, 5, 39, 1, NULL, NULL);

-- --------------------------------------------------------

--
-- Table structure for table `bank`
--

CREATE TABLE `bank` (
  `Id_bank` int(11) NOT NULL,
  `Bank_name` varchar(30) NOT NULL,
  `Account_number` varchar(20) NOT NULL,
  `Account_name` varchar(50) NOT NULL,
  `Bank_branch` varchar(50) NOT NULL,
  `Status` int(11) NOT NULL
) ENGINE=InnoDB DEFAULT CHARSET=utf8mb4;

--
-- Dumping data for table `bank`
--

INSERT INTO `bank` (`Id_bank`, `Bank_name`, `Account_number`, `Account_name`, `Bank_branch`, `Status`) VALUES
(1, 'BCA', '1580061521', 'ADRIEL EDGARD HARJONO', 'MAKASSAR', 1),
(2, 'BCA', '1580061521', 'ADRIEL EDGARD HARJONO', 'MAKASSAR', 0),
(3, 'BRI', '1530908940805', 'ADRIEL EDGARD HARJONO', 'MAKASSAR', 1),
(4, 'MANDIRI', '1250840949909', 'SIMONHARJONO', 'MAKASSAR', 1);

-- --------------------------------------------------------

--
-- Table structure for table `banner`
--

CREATE TABLE `banner` (
  `Id_banner` int(11) NOT NULL,
  `Banner_image` varchar(50) NOT NULL,
  `Banner_header` varchar(50) NOT NULL,
  `Banner_content` varchar(50) NOT NULL,
  `Banner_cta` varchar(20) NOT NULL,
  `Id_product` int(11) NOT NULL,
  `Banner_position` int(11) NOT NULL,
  `Urutan` int(11) NOT NULL
) ENGINE=InnoDB DEFAULT CHARSET=utf8mb4;

--
-- Dumping data for table `banner`
--

INSERT INTO `banner` (`Id_banner`, `Banner_image`, `Banner_header`, `Banner_content`, `Banner_cta`, `Id_product`, `Banner_position`, `Urutan`) VALUES
(2, 'Banner-92397.jpg', 'Sehat bugar dengan Vitamin C', 'Vitamin C untuk keperluan sehari-hari kamu!', 'Ambil promo', 41, 1, 1),
(11, 'Banner-36485.jpg', 'Kolesterol mengintai', 'Atasi kolesterol dengan bahan alami !', 'Cek promo', 38, 1, 2),
(12, 'Banner_2-28044.jpg', 'cukupkan vitamin D harian', '', 'shop now', 42, 2, 1),
(14, 'Banner-97563.png', 'Natesh', 'natesh bagus', 'beli yuk', 45, 1, 3),
(15, 'Banner-87054.jpeg', 'KK Liforce', 'bagus untuk meredam radiasi', 'shop now', 39, 1, 4),
(16, 'Banner-33017.jpg', 'tess', 'tess', 'ess', 39, 1, 5);

-- --------------------------------------------------------

--
-- Table structure for table `brand`
--

CREATE TABLE `brand` (
  `Id_brand` int(11) NOT NULL,
  `Brand_name` varchar(20) NOT NULL,
  `Status` int(11) NOT NULL
) ENGINE=InnoDB DEFAULT CHARSET=utf8mb4;

--
-- Dumping data for table `brand`
--

INSERT INTO `brand` (`Id_brand`, `Brand_name`, `Status`) VALUES
(1, 'KK INDONESIA', 1),
(2, 'TOLAK ANGIN', 0),
(3, 'MADUKULA', 0),
(4, 'FORMAKOL', 0),
(5, 'MADUKULA', 0),
(6, 'AA HEALTH', 1),
(7, 'TOLAK ANGIN', 1),
(8, 'MADUKULA', 1),
(9, 'PUREWAY', 1),
(10, 'PONDS', 0),
(11, 'NIVEA', 1),
(12, 'MARK & SPENCER', 1),
(13, 'PONDS', 1),
(14, 'BLACKMORES', 1),
(15, 'GURAH', 1),
(16, 'HERBANA', 1),
(17, 'TIENSI', 1),
(18, 'SUNI', 1),
(19, 'RAHSA NUSANTARA', 1),
(20, 'MSS (MELIA)', 1);

-- --------------------------------------------------------

--
-- Table structure for table `cart`
--

CREATE TABLE `cart` (
  `Id_cart` int(11) NOT NULL,
  `Id_product` int(11) NOT NULL,
  `Id_variation` int(11) NOT NULL,
  `Qty` int(11) NOT NULL,
  `Id_member` int(11) NOT NULL
) ENGINE=InnoDB DEFAULT CHARSET=utf8mb4;

-- --------------------------------------------------------

--
-- Table structure for table `category`
--

CREATE TABLE `category` (
  `Id_category` int(11) NOT NULL,
  `Category_code` varchar(4) NOT NULL,
  `Category_name` varchar(50) NOT NULL,
  `Status` int(11) NOT NULL
) ENGINE=InnoDB DEFAULT CHARSET=utf8mb4;

--
-- Dumping data for table `category`
--

INSERT INTO `category` (`Id_category`, `Category_code`, `Category_name`, `Status`) VALUES
(1, 'SUPP', 'SUPPLEMENT', 0),
(2, 'MNMN', 'MINUMAN', 0),
(3, 'JAMU', 'JAMU HERBAL', 0),
(4, 'VTMN', 'VITAMIN', 0),
(5, 'MADU', 'MADU HERBAL', 0),
(6, 'KCMT', 'KACAMATA', 1),
(7, 'JAMU', 'JAMU HERBAL', 0),
(8, 'SUPP', 'SUPPLEMENT', 1),
(9, 'JAMU', 'JAMU HERBAL', 0),
(10, 'MNMN', 'MINUMAN', 1),
(11, 'VITA', 'VITAMIN', 1),
(12, 'MKAN', 'MAKANAN', 1),
(13, 'ALMD', 'ALAT MANDI', 1),
(14, 'JAMU', 'JAMU HERBAL', 0),
(15, 'JAMU', 'JAMU HERBAL', 0),
(16, 'JAMU', 'JAMU HERBAL', 1),
(17, 'SKIN', 'SKIN CARE', 1),
(18, 'SUSU', 'SUSU', 0),
(19, 'ALKS', 'ALAT KESEHATAN', 1),
(20, 'CRKS', 'HERBAL OLES', 1),
(21, 'KBSH', 'KEWANITAAN', 1),
(22, 'MNYK', 'MINYAK', 1);

-- --------------------------------------------------------

--
-- Table structure for table `chat`
--

CREATE TABLE `chat` (
  `id` bigint(20) UNSIGNED NOT NULL,
  `Type` varchar(255) COLLATE utf8mb4_unicode_ci NOT NULL,
  `Id_ticket` varchar(255) COLLATE utf8mb4_unicode_ci NOT NULL,
  `Id_member` int(11) NOT NULL,
  `Content` longtext COLLATE utf8mb4_unicode_ci NOT NULL,
  `created_at` timestamp NULL DEFAULT NULL,
  `updated_at` timestamp NULL DEFAULT NULL
) ENGINE=InnoDB DEFAULT CHARSET=utf8mb4 COLLATE=utf8mb4_unicode_ci;

--
-- Dumping data for table `chat`
--

INSERT INTO `chat` (`id`, `Type`, `Id_ticket`, `Id_member`, `Content`, `created_at`, `updated_at`) VALUES
(1, 'text', '1', 8, 's', '2022-05-10 13:45:22', '2022-05-10 13:45:22'),
(2, 'file', '1', 6, '2_Screenshot_79.png', '2022-05-10 14:30:44', '2022-05-10 14:30:44'),
(3, 'text', '1', 6, 'asas', '2022-05-10 14:30:44', '2022-05-10 14:30:44'),
(4, 'text', '2', 8, 'sdh ada kabar?', '2022-05-11 12:47:27', '2022-05-11 12:47:27'),
(5, 'text', '2', 9, 'iya error', '2022-05-11 12:48:16', '2022-05-11 12:48:16');

-- --------------------------------------------------------

--
-- Table structure for table `cust_order_detail`
--

CREATE TABLE `cust_order_detail` (
  `Id_detail_order` int(11) NOT NULL,
  `Id_order` int(11) NOT NULL,
  `Id_product` int(11) NOT NULL,
  `Id_variation` int(11) NOT NULL,
  `Qty` int(11) NOT NULL,
  `Normal_price` int(11) NOT NULL,
  `Id_promo` int(11) NOT NULL,
  `Discount_promo` int(11) NOT NULL,
  `Fix_price` int(11) NOT NULL
) ENGINE=InnoDB DEFAULT CHARSET=utf8mb4;

--
-- Dumping data for table `cust_order_detail`
--

INSERT INTO `cust_order_detail` (`Id_detail_order`, `Id_order`, `Id_product`, `Id_variation`, `Qty`, `Normal_price`, `Id_promo`, `Discount_promo`, `Fix_price`) VALUES
(6, 52, 40, 40, 1, 190000, 0, 0, 190000),
(7, 52, 38, 69, 2, 500000, 88, 50000, 450000),
(8, 53, 38, 69, 1, 500000, 88, 50000, 450000),
(9, 53, 40, 40, 2, 190000, 0, 0, 190000),
(10, 54, 38, 69, 6, 500000, 88, 150000, 350000),
(11, 54, 40, 40, 4, 190000, 0, 0, 190000),
(12, 55, 38, 69, 6, 500000, 88, 150000, 350000),
(13, 56, 40, 40, 1, 190000, 0, 0, 190000),
(14, 57, 40, 40, 3, 190000, 0, 0, 190000),
(15, 58, 40, 40, 3, 190000, 0, 0, 190000),
(16, 59, 40, 40, 3, 190000, 0, 0, 190000),
(17, 60, 40, 40, 3, 190000, 0, 0, 190000),
(18, 61, 40, 40, 1, 190000, 0, 0, 190000),
(19, 62, 40, 40, 1, 190000, 0, 0, 190000),
(20, 62, 38, 69, 1, 500000, 88, 50000, 450000),
(21, 63, 40, 40, 1, 190000, 0, 0, 190000),
(22, 63, 38, 69, 1, 500000, 88, 50000, 450000),
(23, 64, 40, 40, 1, 190000, 0, 0, 190000),
(24, 64, 38, 69, 5, 500000, 88, 150000, 350000),
(25, 65, 38, 69, 1, 500000, 88, 50000, 450000),
(26, 66, 38, 69, 10, 500000, 88, 150000, 350000),
(27, 67, 38, 69, 10, 500000, 88, 150000, 350000),
(28, 67, 40, 40, 1, 190000, 0, 0, 190000),
(29, 68, 38, 69, 10, 500000, 88, 150000, 350000),
(30, 68, 40, 40, 1, 190000, 0, 0, 190000),
(31, 69, 38, 69, 10, 500000, 88, 150000, 350000),
(32, 69, 40, 40, 1, 190000, 0, 0, 190000),
(33, 70, 38, 69, 10, 500000, 88, 150000, 350000),
(34, 70, 40, 40, 1, 190000, 0, 0, 190000),
(35, 71, 38, 69, 10, 500000, 88, 150000, 350000),
(36, 71, 40, 40, 1, 190000, 0, 0, 190000),
(37, 72, 38, 69, 10, 500000, 88, 150000, 350000),
(38, 72, 40, 40, 1, 190000, 0, 0, 190000),
(39, 73, 38, 69, 10, 500000, 88, 150000, 350000),
(40, 73, 40, 40, 1, 190000, 0, 0, 190000),
(41, 74, 38, 69, 10, 500000, 88, 150000, 350000),
(42, 74, 40, 40, 1, 190000, 0, 0, 190000),
(43, 75, 38, 69, 10, 500000, 88, 150000, 350000),
(44, 75, 40, 40, 1, 190000, 0, 0, 190000),
(45, 76, 38, 69, 10, 500000, 88, 150000, 350000),
(46, 76, 40, 40, 1, 190000, 0, 0, 190000),
(47, 77, 38, 69, 10, 500000, 88, 150000, 350000),
(48, 77, 40, 40, 1, 190000, 0, 0, 190000),
(49, 78, 38, 69, 10, 500000, 88, 150000, 350000),
(50, 78, 40, 40, 1, 190000, 0, 0, 190000),
(51, 79, 38, 69, 10, 500000, 88, 150000, 350000),
(52, 79, 40, 40, 1, 190000, 0, 0, 190000),
(53, 80, 38, 69, 10, 500000, 88, 150000, 350000),
(54, 80, 40, 40, 1, 190000, 0, 0, 190000),
(55, 81, 38, 69, 10, 500000, 88, 150000, 350000),
(56, 81, 40, 40, 1, 190000, 0, 0, 190000),
(57, 82, 40, 40, 2, 190000, 0, 0, 190000),
(58, 83, 40, 40, 2, 190000, 0, 0, 190000),
(59, 84, 40, 40, 2, 190000, 0, 0, 190000),
(60, 85, 40, 40, 2, 190000, 0, 0, 190000),
(61, 86, 40, 40, 2, 190000, 0, 0, 190000),
(62, 87, 40, 40, 2, 190000, 0, 0, 190000),
(63, 88, 40, 40, 2, 190000, 0, 0, 190000),
(64, 89, 40, 40, 2, 190000, 0, 0, 190000),
(65, 90, 40, 40, 2, 190000, 0, 0, 190000),
(66, 91, 40, 40, 2, 190000, 0, 0, 190000),
(67, 92, 40, 40, 2, 190000, 0, 0, 190000),
(68, 93, 40, 40, 2, 190000, 0, 0, 190000),
(69, 94, 40, 40, 2, 190000, 0, 0, 190000),
(70, 95, 40, 40, 2, 190000, 0, 0, 190000),
(71, 96, 40, 40, 2, 190000, 0, 0, 190000),
(72, 97, 40, 40, 2, 190000, 0, 0, 190000),
(73, 98, 40, 40, 2, 190000, 0, 0, 190000),
(74, 99, 40, 40, 2, 190000, 0, 0, 190000),
(75, 100, 40, 40, 2, 190000, 0, 0, 190000),
(76, 101, 40, 40, 2, 190000, 0, 0, 190000),
(77, 102, 40, 40, 2, 190000, 0, 0, 190000),
(78, 103, 40, 40, 2, 190000, 0, 0, 190000),
(79, 104, 40, 40, 2, 190000, 0, 0, 190000),
(80, 105, 40, 40, 2, 190000, 0, 0, 190000),
(81, 106, 40, 40, 2, 190000, 0, 0, 190000),
(82, 107, 40, 40, 2, 190000, 0, 0, 190000),
(83, 108, 40, 40, 2, 190000, 0, 0, 190000),
(84, 109, 40, 40, 2, 190000, 0, 0, 190000),
(85, 110, 40, 40, 2, 190000, 0, 0, 190000),
(86, 111, 40, 40, 2, 190000, 0, 0, 190000),
(87, 112, 40, 40, 2, 190000, 0, 0, 190000),
(88, 113, 40, 40, 2, 190000, 0, 0, 190000),
(89, 114, 40, 40, 2, 190000, 0, 0, 190000),
(90, 115, 38, 69, 1, 500000, 88, 50000, 450000),
(91, 116, 38, 69, 1, 500000, 88, 50000, 450000),
(92, 117, 38, 69, 1, 500000, 88, 50000, 450000),
(93, 118, 38, 69, 1, 500000, 88, 50000, 450000),
(94, 119, 38, 69, 1, 500000, 88, 50000, 450000),
(95, 120, 38, 69, 1, 500000, 88, 50000, 450000),
(96, 121, 38, 69, 1, 500000, 88, 50000, 450000),
(97, 122, 40, 40, 5, 190000, 0, 0, 190000),
(98, 122, 38, 69, 5, 500000, 88, 150000, 350000),
(99, 123, 40, 40, 4, 190000, 0, 0, 190000),
(100, 123, 38, 69, 5, 500000, 88, 150000, 350000),
(101, 124, 40, 40, 2, 190000, 0, 0, 190000),
(102, 124, 38, 69, 2, 500000, 88, 50000, 450000),
(103, 125, 40, 40, 2, 190000, 0, 0, 190000),
(104, 125, 38, 69, 2, 500000, 0, 0, 500000),
(105, 126, 40, 40, 19, 190000, 0, 0, 190000),
(106, 127, 40, 40, 1, 190000, 0, 0, 190000),
(107, 128, 40, 40, 20, 190000, 0, 0, 190000),
(108, 129, 40, 40, 20, 190000, 0, 0, 190000),
(109, 130, 40, 40, 20, 190000, 0, 0, 190000),
(110, 131, 40, 40, 8, 190000, 0, 0, 190000),
(111, 132, 40, 40, 25, 190000, 0, 0, 190000),
(112, 133, 40, 40, 5, 190000, 0, 0, 190000),
(113, 133, 38, 69, 5, 500000, 0, 0, 500000),
(114, 134, 40, 40, 1, 190000, 0, 0, 190000),
(115, 134, 38, 69, 1, 500000, 0, 0, 500000),
(116, 135, 40, 40, 1, 190000, 0, 0, 190000),
(117, 135, 38, 69, 1, 500000, 0, 0, 500000),
(118, 136, 40, 40, 1, 190000, 0, 0, 190000),
(119, 136, 38, 69, 1, 500000, 0, 0, 500000),
(120, 137, 40, 40, 1, 190000, 0, 0, 190000),
(121, 137, 38, 69, 1, 500000, 0, 0, 500000),
(122, 138, 40, 40, 1, 190000, 0, 0, 190000),
(123, 138, 38, 69, 1, 500000, 0, 0, 500000),
(124, 139, 40, 40, 1, 190000, 0, 0, 190000),
(125, 139, 38, 69, 1, 500000, 0, 0, 500000),
(126, 140, 40, 40, 2, 190000, 0, 0, 190000),
(127, 140, 38, 69, 2, 500000, 0, 0, 500000),
(128, 141, 40, 40, 2, 190000, 0, 0, 190000),
(129, 141, 38, 69, 2, 500000, 0, 0, 500000),
(130, 142, 40, 40, 4, 190000, 0, 0, 190000),
(131, 142, 38, 69, 4, 500000, 0, 0, 500000),
(132, 143, 40, 40, 1, 190000, 0, 0, 190000),
(133, 143, 38, 69, 1, 500000, 0, 0, 500000),
(134, 144, 40, 40, 1, 190000, 0, 0, 190000),
(135, 144, 38, 69, 1, 500000, 0, 0, 500000),
(136, 145, 40, 40, 1, 190000, 0, 0, 190000),
(137, 146, 40, 40, 1, 190000, 0, 0, 190000),
(138, 147, 40, 40, 1, 190000, 0, 0, 190000),
(139, 148, 40, 40, 1, 190000, 0, 0, 190000),
(140, 149, 40, 40, 1, 190000, 0, 0, 190000),
(141, 150, 40, 40, 1, 190000, 0, 0, 190000),
(142, 151, 40, 40, 1, 190000, 0, 0, 190000),
(143, 152, 40, 40, 1, 190000, 0, 0, 190000),
(144, 153, 38, 69, 1, 500000, 0, 0, 500000),
(145, 154, 40, 40, 1, 190000, 0, 0, 190000),
(146, 155, 40, 40, 1, 190000, 0, 0, 190000),
(147, 156, 40, 40, 3, 190000, 0, 0, 190000),
(148, 156, 38, 57, 2, 179000, 89, 10000, 169000),
(149, 156, 38, 58, 2, 350000, 0, 0, 350000),
(150, 157, 40, 40, 1, 190000, 0, 0, 190000),
(151, 157, 38, 57, 1, 179000, 89, 10000, 169000),
(152, 157, 38, 58, 1, 350000, 0, 0, 350000),
(153, 158, 40, 40, 1, 190000, 0, 0, 190000),
(154, 158, 38, 57, 1, 179000, 89, 10000, 169000),
(155, 158, 38, 58, 1, 350000, 0, 0, 350000),
(156, 158, 39, 70, 3, 150000, 0, 0, 150000),
(157, 159, 38, 57, 1, 179000, 89, 10000, 169000),
(158, 159, 38, 58, 1, 350000, 0, 0, 350000),
(159, 159, 39, 70, 3, 150000, 0, 0, 150000),
(160, 160, 38, 57, 1, 179000, 89, 10000, 169000),
(161, 160, 38, 58, 1, 350000, 0, 0, 350000),
(162, 160, 39, 70, 3, 150000, 0, 0, 150000),
(163, 161, 38, 57, 1, 179000, 89, 10000, 169000),
(164, 162, 38, 57, 1, 179000, 89, 10000, 169000),
(165, 201, 38, 57, 1, 179000, 89, 10000, 169000),
(166, 202, 38, 57, 10, 179000, 89, 10000, 169000),
(167, 203, 38, 57, 1, 179000, 89, 10000, 169000),
(168, 203, 38, 58, 1, 350000, 0, 0, 350000),
(169, 203, 39, 70, 3, 150000, 0, 0, 150000),
(170, 204, 38, 57, 2, 179000, 89, 10000, 169000),
(171, 204, 38, 58, 2, 350000, 0, 0, 350000),
(172, 204, 39, 70, 4, 150000, 0, 0, 150000),
(173, 205, 39, 70, 120, 150000, 0, 0, 150000),
(174, 205, 38, 57, 1, 179000, 89, 10000, 169000),
(175, 501, 39, 70, 120, 150000, 0, 0, 150000),
(176, 501, 38, 57, 1, 179000, 89, 10000, 169000),
(177, 986, 39, 70, 120, 150000, 0, 0, 150000),
(178, 986, 38, 57, 1, 179000, 89, 10000, 169000),
(179, 987, 39, 70, 120, 150000, 0, 0, 150000),
(180, 987, 38, 57, 1, 179000, 89, 10000, 169000),
(181, 988, 39, 70, 120, 150000, 0, 0, 150000),
(182, 988, 38, 57, 1, 179000, 89, 10000, 169000),
(183, 989, 38, 57, 1000, 179000, 89, 10000, 169000),
(184, 989, 39, 70, 1, 150000, 0, 0, 150000),
(185, 989, 39, 71, 111, 400000, 0, 0, 400000),
(186, 990, 39, 70, 1, 150000, 0, 0, 150000),
(187, 991, 39, 70, 1, 150000, 0, 0, 150000),
(188, 992, 39, 70, 1, 150000, 0, 0, 150000),
(189, 993, 39, 70, 1, 150000, 0, 0, 150000),
(190, 994, 39, 70, 1, 150000, 0, 0, 150000),
(191, 995, 39, 70, 1, 150000, 0, 0, 150000),
(192, 996, 39, 70, 1, 150000, 0, 0, 150000),
(193, 997, 38, 57, 1, 179000, 89, 10000, 169000),
(194, 997, 39, 70, 1, 150000, 0, 0, 150000),
(195, 997, 39, 71, 5, 400000, 0, 0, 400000),
(196, 997, 40, 40, 2, 190000, 0, 0, 190000),
(197, 998, 39, 71, 5, 400000, 0, 0, 400000),
(198, 999, 39, 70, 3, 150000, 0, 0, 150000),
(199, 1000, 38, 57, 1, 179000, 89, 10000, 169000),
(200, 1001, 38, 57, 1, 179000, 89, 10000, 169000),
(201, 1002, 38, 57, 10, 179000, 89, 10000, 169000),
(202, 2001, 38, 57, 10, 179000, 89, 10000, 169000),
(203, 2002, 38, 57, 10, 179000, 89, 10000, 169000),
(204, 2003, 40, 40, 2, 190000, 0, 0, 190000),
(205, 2004, 38, 57, 1, 179000, 89, 10000, 169000),
(206, 2005, 38, 57, 1, 179000, 89, 10000, 169000),
(207, 2006, 38, 57, 1, 179000, 89, 10000, 169000),
(208, 2007, 38, 57, 1, 179000, 89, 10000, 169000),
(209, 2008, 38, 57, 2, 179000, 89, 10000, 169000),
(210, 2009, 39, 71, 5, 400000, 0, 0, 400000),
(211, 2010, 38, 69, 3, 500000, 0, 0, 500000),
(212, 2011, 40, 40, 1, 190000, 0, 0, 190000),
(213, 2012, 40, 40, 1, 190000, 0, 0, 190000),
(214, 2013, 38, 58, 1, 350000, 0, 0, 350000),
(215, 2014, 38, 58, 1, 350000, 0, 0, 350000),
(216, 2015, 38, 69, 1, 500000, 0, 0, 500000),
(217, 2016, 40, 40, 1, 190000, 0, 0, 190000),
(218, 2017, 41, 59, 1, 180000, 0, 0, 180000),
(219, 2018, 41, 59, 1, 180000, 0, 0, 180000),
(220, 2019, 41, 59, 1, 180000, 0, 0, 180000),
(221, 2020, 38, 69, 1, 500000, 0, 0, 500000),
(222, 2021, 39, 71, 2, 400000, 0, 0, 400000),
(223, 2021, 39, 70, 1, 150000, 0, 0, 150000),
(224, 2021, 38, 58, 10, 350000, 0, 0, 350000),
(225, 2021, 38, 69, 12, 500000, 0, 0, 500000),
(226, 2021, 38, 57, 12, 179000, 89, 10000, 169000),
(227, 2022, 39, 70, 1, 150000, 0, 0, 150000),
(228, 2023, 39, 70, 1, 150000, 0, 0, 150000),
(229, 2024, 39, 70, 1, 150000, 0, 0, 150000),
(230, 2025, 39, 70, 1, 150000, 0, 0, 150000),
(231, 2026, 39, 70, 1, 150000, 0, 0, 150000),
(232, 2027, 39, 70, 1, 150000, 0, 0, 150000),
(233, 2028, 39, 70, 1, 150000, 0, 0, 150000),
(234, 2029, 38, 58, 12, 350000, 0, 0, 350000),
(235, 2030, 50, 77, 1, 180000, 0, 0, 180000),
(236, 2031, 50, 77, 1, 180000, 0, 0, 180000),
(237, 2032, 38, 57, 1, 179000, 89, 10000, 169000),
(238, 2033, 38, 57, 1, 179000, 89, 10000, 169000),
(239, 2034, 39, 70, 123, 150000, 0, 0, 150000),
(240, 2034, 38, 58, 12, 350000, 0, 0, 350000),
(241, 2034, 40, 40, 1, 190000, 0, 0, 190000),
(242, 2035, 39, 70, 1, 150000, 0, 0, 150000),
(243, 2036, 39, 70, 1, 150000, 0, 0, 150000),
(244, 2037, 39, 70, 1, 150000, 0, 0, 150000),
(245, 2038, 39, 70, 1, 150000, 0, 0, 150000),
(246, 2039, 39, 70, 1, 150000, 0, 0, 150000),
(247, 2040, 39, 70, 1, 150000, 0, 0, 150000),
(248, 2041, 39, 70, 1, 150000, 0, 0, 150000),
(249, 2042, 39, 70, 1, 150000, 0, 0, 150000),
(250, 2043, 38, 57, 3, 179000, 89, 10000, 169000),
(251, 2044, 39, 71, 12, 400000, 0, 0, 400000),
(252, 2045, 39, 70, 1, 150000, 0, 0, 150000),
(253, 2046, 39, 70, 1, 150000, 0, 0, 150000),
(254, 2047, 39, 70, 2, 150000, 0, 0, 150000),
(255, 2048, 39, 70, 2, 150000, 0, 0, 150000),
(256, 2049, 38, 58, 12, 350000, 0, 0, 350000),
(257, 2050, 39, 70, 1, 150000, 0, 0, 150000),
(258, 2051, 39, 70, 2, 150000, 0, 0, 150000),
(259, 2052, 39, 70, 3, 150000, 0, 0, 150000),
(260, 2053, 41, 59, 1, 180000, 0, 0, 180000),
(261, 2054, 41, 59, 1, 180000, 0, 0, 180000),
(262, 2055, 38, 57, 1, 179000, 89, 10000, 169000),
(263, 2056, 38, 57, 1, 179000, 89, 10000, 169000),
(264, 2057, 38, 57, 1, 179000, 89, 10000, 169000),
(265, 2058, 38, 57, 1, 179000, 89, 10000, 169000),
(266, 2059, 38, 57, 1, 179000, 89, 10000, 169000),
(267, 2060, 38, 57, 1, 179000, 89, 10000, 169000),
(268, 2061, 38, 57, 1, 179000, 89, 10000, 169000),
(269, 2062, 38, 57, 1, 179000, 89, 10000, 169000),
(270, 2063, 38, 57, 1, 179000, 89, 10000, 169000),
(271, 2064, 38, 57, 1, 179000, 89, 10000, 169000),
(272, 2065, 38, 57, 1, 179000, 89, 10000, 169000),
(273, 2066, 38, 57, 1, 179000, 89, 10000, 169000),
(274, 2067, 38, 57, 1, 179000, 89, 10000, 169000),
(275, 2068, 39, 70, 1, 150000, 0, 0, 150000),
(276, 2069, 39, 70, 123, 150000, 0, 0, 150000),
(277, 2069, 38, 58, 12, 350000, 0, 0, 350000),
(278, 2069, 40, 40, 1, 190000, 0, 0, 190000),
(279, 2070, 39, 70, 1, 150000, 0, 0, 150000),
(280, 2071, 39, 70, 1, 150000, 0, 0, 150000),
(281, 2072, 40, 40, 1, 190000, 0, 0, 190000),
(282, 2073, 40, 40, 4, 190000, 0, 0, 190000),
(283, 2074, 39, 70, 1, 150000, 0, 0, 150000),
(284, 2075, 39, 70, 1, 150000, 0, 0, 150000),
(285, 2076, 39, 70, 1, 150000, 0, 0, 150000),
(286, 2077, 40, 40, 6, 190000, 0, 0, 190000),
(287, 2078, 40, 40, 54, 190000, 0, 0, 190000),
(288, 2079, 40, 40, 54, 190000, 0, 0, 190000),
(289, 2080, 40, 40, 54, 190000, 0, 0, 190000),
(290, 2081, 44, 67, 10, 298000, 0, 0, 298000),
(291, 2081, 39, 71, 1, 400000, 0, 0, 400000),
(292, 2081, 39, 70, 1, 150000, 0, 0, 150000),
(293, 2081, 49, 76, 2, 12000, 0, 0, 12000),
(294, 2082, 43, 65, 1, 150000, 0, 0, 150000),
(295, 2082, 44, 67, 1, 298000, 0, 0, 298000),
(296, 2082, 45, 72, 1, 30000, 0, 0, 30000),
(297, 2082, 50, 77, 1, 100000, 0, 0, 100000),
(298, 2082, 48, 75, 1, 999000, 0, 0, 999000),
(299, 2082, 47, 74, 1, 150000, 0, 0, 150000),
(300, 2082, 51, 78, 1, 78000, 0, 0, 78000),
(301, 2082, 52, 81, 1, 105000, 0, 0, 105000),
(302, 2082, 41, 82, 1, 180000, 0, 0, 180000),
(303, 2083, 43, 65, 1, 150000, 0, 0, 150000),
(304, 2083, 44, 67, 1, 298000, 0, 0, 298000),
(305, 2083, 45, 72, 1, 30000, 0, 0, 30000),
(306, 2083, 50, 77, 1, 100000, 0, 0, 100000),
(307, 2083, 48, 75, 1, 999000, 0, 0, 999000),
(308, 2083, 47, 74, 1, 150000, 0, 0, 150000),
(309, 2083, 51, 78, 1, 78000, 0, 0, 78000),
(310, 2083, 52, 81, 1, 105000, 0, 0, 105000),
(311, 2083, 41, 82, 1, 180000, 0, 0, 180000),
(312, 2084, 43, 65, 1, 150000, 0, 0, 150000),
(313, 2084, 44, 67, 1, 298000, 0, 0, 298000),
(314, 2084, 45, 72, 1, 30000, 0, 0, 30000),
(315, 2084, 50, 77, 1, 100000, 0, 0, 100000),
(316, 2084, 48, 75, 1, 999000, 0, 0, 999000),
(317, 2084, 47, 74, 1, 150000, 0, 0, 150000),
(318, 2084, 51, 78, 1, 78000, 0, 0, 78000),
(319, 2084, 52, 81, 1, 105000, 0, 0, 105000),
(320, 2084, 41, 82, 1, 180000, 0, 0, 180000),
(321, 2085, 43, 65, 1, 150000, 0, 0, 150000),
(322, 2085, 44, 67, 1, 298000, 0, 0, 298000),
(323, 2085, 45, 72, 1, 30000, 0, 0, 30000),
(324, 2085, 50, 77, 1, 100000, 0, 0, 100000),
(325, 2085, 48, 75, 1, 999000, 0, 0, 999000),
(326, 2085, 47, 74, 1, 150000, 0, 0, 150000),
(327, 2085, 51, 78, 1, 78000, 0, 0, 78000),
(328, 2085, 52, 81, 1, 105000, 0, 0, 105000),
(329, 2085, 41, 82, 1, 180000, 0, 0, 180000),
(330, 2086, 43, 65, 1, 150000, 0, 0, 150000),
(331, 2086, 44, 67, 1, 298000, 0, 0, 298000),
(332, 2086, 45, 72, 1, 30000, 0, 0, 30000),
(333, 2086, 50, 77, 1, 100000, 0, 0, 100000),
(334, 2086, 48, 75, 1, 999000, 0, 0, 999000),
(335, 2086, 47, 74, 1, 150000, 0, 0, 150000),
(336, 2086, 51, 78, 1, 78000, 0, 0, 78000),
(337, 2086, 52, 81, 1, 105000, 0, 0, 105000),
(338, 2086, 41, 82, 1, 180000, 0, 0, 180000),
(339, 2087, 43, 65, 1, 150000, 0, 0, 150000),
(340, 2087, 44, 67, 1, 298000, 0, 0, 298000),
(341, 2087, 45, 72, 1, 30000, 0, 0, 30000),
(342, 2087, 50, 77, 1, 100000, 0, 0, 100000),
(343, 2087, 48, 75, 1, 999000, 0, 0, 999000),
(344, 2087, 47, 74, 1, 150000, 0, 0, 150000),
(345, 2087, 51, 78, 1, 78000, 0, 0, 78000),
(346, 2087, 52, 81, 1, 105000, 0, 0, 105000),
(347, 2087, 41, 82, 1, 180000, 0, 0, 180000),
(348, 2088, 43, 65, 1, 150000, 0, 0, 150000),
(349, 2088, 44, 67, 1, 298000, 0, 0, 298000),
(350, 2088, 45, 72, 1, 30000, 0, 0, 30000),
(351, 2088, 50, 77, 1, 100000, 0, 0, 100000),
(352, 2088, 48, 75, 1, 999000, 0, 0, 999000),
(353, 2088, 47, 74, 1, 150000, 0, 0, 150000),
(354, 2088, 51, 78, 1, 78000, 0, 0, 78000),
(355, 2088, 52, 81, 1, 105000, 0, 0, 105000),
(356, 2088, 41, 82, 1, 180000, 0, 0, 180000),
(357, 2089, 43, 65, 1, 150000, 0, 0, 150000),
(358, 2089, 44, 67, 1, 298000, 0, 0, 298000),
(359, 2089, 45, 72, 1, 30000, 0, 0, 30000),
(360, 2089, 50, 77, 1, 100000, 0, 0, 100000),
(361, 2089, 48, 75, 1, 999000, 0, 0, 999000),
(362, 2089, 47, 74, 1, 150000, 0, 0, 150000),
(363, 2089, 51, 78, 1, 78000, 0, 0, 78000),
(364, 2089, 52, 81, 1, 105000, 0, 0, 105000),
(365, 2089, 41, 82, 1, 180000, 0, 0, 180000),
(366, 2090, 38, 85, 1, 179000, 0, 0, 179000),
(367, 2091, 38, 85, 1, 179000, 0, 0, 179000),
(368, 2091, 43, 65, 1, 150000, 0, 0, 150000),
(369, 2091, 44, 67, 1, 298000, 0, 0, 298000),
(370, 2092, 38, 85, 1, 179000, 0, 0, 179000),
(371, 2092, 43, 65, 1, 150000, 0, 0, 150000),
(372, 2092, 44, 67, 1, 298000, 0, 0, 298000),
(373, 2092, 51, 78, 1, 78000, 0, 0, 78000),
(374, 2092, 52, 81, 1, 105000, 0, 0, 105000),
(375, 2093, 38, 85, 1, 179000, 0, 0, 179000),
(376, 2093, 43, 65, 1, 150000, 0, 0, 150000),
(377, 2093, 44, 67, 1, 298000, 0, 0, 298000),
(378, 2093, 51, 78, 1, 78000, 0, 0, 78000),
(379, 2093, 52, 81, 1, 105000, 0, 0, 105000),
(380, 2093, 56, 92, 1, 450000, 0, 0, 450000),
(381, 2093, 57, 131, 3, 250000, 0, 0, 250000),
(382, 2094, 38, 85, 1, 179000, 0, 0, 179000),
(383, 2094, 43, 65, 1, 150000, 0, 0, 150000),
(384, 2094, 44, 67, 1, 298000, 0, 0, 298000),
(385, 2094, 51, 78, 1, 78000, 0, 0, 78000),
(386, 2094, 52, 81, 1, 105000, 0, 0, 105000),
(387, 2094, 56, 92, 1, 450000, 0, 0, 450000),
(388, 2094, 57, 131, 3, 250000, 0, 0, 250000),
(389, 2094, 96, 143, 1, 47000, 0, 0, 47000),
(390, 2094, 97, 144, 1, 110000, 0, 0, 110000),
(391, 2094, 94, 141, 1, 169000, 0, 0, 169000),
(392, 2094, 108, 155, 1, 300000, 0, 0, 300000),
(393, 2094, 120, 167, 1, 50000, 0, 0, 50000),
(394, 2094, 133, 180, 1, 168000, 0, 0, 168000),
(395, 2094, 137, 184, 1, 38000, 0, 0, 38000),
(396, 2095, 38, 85, 1, 179000, 0, 0, 179000),
(397, 2095, 43, 65, 1, 150000, 0, 0, 150000),
(398, 2095, 44, 67, 1, 298000, 0, 0, 298000),
(399, 2095, 51, 78, 1, 78000, 0, 0, 78000),
(400, 2095, 52, 81, 1, 105000, 0, 0, 105000),
(401, 2095, 56, 92, 1, 450000, 0, 0, 450000),
(402, 2095, 57, 131, 3, 250000, 0, 0, 250000),
(403, 2095, 96, 143, 1, 47000, 0, 0, 47000),
(404, 2095, 97, 144, 1, 110000, 0, 0, 110000),
(405, 2095, 94, 141, 1, 169000, 0, 0, 169000),
(406, 2095, 108, 155, 1, 300000, 0, 0, 300000),
(407, 2095, 120, 167, 1, 50000, 0, 0, 50000),
(408, 2095, 133, 180, 1, 168000, 0, 0, 168000),
(409, 2095, 137, 184, 1, 38000, 0, 0, 38000),
(410, 2096, 38, 85, 1, 179000, 0, 0, 179000),
(411, 2096, 43, 65, 1, 150000, 0, 0, 150000),
(412, 2096, 44, 67, 1, 298000, 0, 0, 298000),
(413, 2096, 51, 78, 1, 78000, 0, 0, 78000),
(414, 2096, 52, 81, 1, 105000, 0, 0, 105000),
(415, 2096, 56, 92, 1, 450000, 0, 0, 450000),
(416, 2096, 57, 131, 3, 250000, 0, 0, 250000),
(417, 2096, 96, 143, 1, 47000, 0, 0, 47000),
(418, 2096, 97, 144, 1, 110000, 0, 0, 110000),
(419, 2096, 94, 141, 1, 169000, 0, 0, 169000),
(420, 2096, 108, 155, 1, 300000, 0, 0, 300000),
(421, 2096, 120, 167, 1, 50000, 0, 0, 50000),
(422, 2096, 133, 180, 1, 168000, 0, 0, 168000),
(423, 2096, 137, 184, 1, 38000, 0, 0, 38000),
(424, 2097, 38, 85, 1, 179000, 0, 0, 179000),
(425, 2097, 43, 65, 1, 150000, 0, 0, 150000),
(426, 2097, 44, 67, 1, 298000, 0, 0, 298000),
(427, 2097, 51, 78, 1, 78000, 0, 0, 78000),
(428, 2097, 52, 81, 1, 105000, 0, 0, 105000),
(429, 2097, 56, 92, 1, 450000, 0, 0, 450000),
(430, 2097, 57, 131, 3, 250000, 0, 0, 250000),
(431, 2097, 96, 143, 1, 47000, 0, 0, 47000),
(432, 2097, 97, 144, 1, 110000, 0, 0, 110000),
(433, 2097, 94, 141, 1, 169000, 0, 0, 169000),
(434, 2097, 108, 155, 1, 300000, 0, 0, 300000),
(435, 2097, 120, 167, 1, 50000, 0, 0, 50000),
(436, 2097, 133, 180, 1, 168000, 0, 0, 168000),
(437, 2097, 137, 184, 1, 38000, 0, 0, 38000),
(438, 2098, 38, 85, 1, 179000, 0, 0, 179000),
(439, 2098, 43, 65, 1, 150000, 0, 0, 150000),
(440, 2098, 44, 67, 1, 298000, 0, 0, 298000),
(441, 2098, 51, 78, 1, 78000, 0, 0, 78000),
(442, 2098, 52, 81, 1, 105000, 0, 0, 105000),
(443, 2098, 56, 92, 1, 450000, 0, 0, 450000),
(444, 2098, 57, 131, 3, 250000, 0, 0, 250000),
(445, 2098, 96, 143, 1, 47000, 0, 0, 47000),
(446, 2098, 97, 144, 1, 110000, 0, 0, 110000),
(447, 2098, 94, 141, 1, 169000, 0, 0, 169000),
(448, 2098, 108, 155, 1, 300000, 0, 0, 300000),
(449, 2098, 120, 167, 1, 50000, 0, 0, 50000),
(450, 2098, 133, 180, 1, 168000, 0, 0, 168000),
(451, 2098, 137, 184, 4, 38000, 0, 0, 38000),
(452, 2098, 73, 115, 2, 1100000, 0, 0, 1100000),
(453, 2098, 66, 107, 5, 438000, 0, 0, 438000),
(454, 2098, 91, 138, 4, 302000, 0, 0, 302000),
(455, 2098, 115, 162, 4, 182000, 0, 0, 182000),
(456, 2098, 131, 178, 5, 220000, 0, 0, 220000),
(457, 2099, 38, 85, 1, 179000, 0, 0, 179000),
(458, 2099, 43, 65, 1, 150000, 0, 0, 150000),
(459, 2099, 44, 67, 1, 298000, 0, 0, 298000),
(460, 2099, 51, 78, 1, 78000, 0, 0, 78000),
(461, 2099, 52, 81, 1, 105000, 0, 0, 105000),
(462, 2099, 56, 92, 1, 450000, 0, 0, 450000),
(463, 2099, 57, 131, 3, 250000, 0, 0, 250000),
(464, 2099, 96, 143, 1, 47000, 0, 0, 47000),
(465, 2099, 97, 144, 1, 110000, 0, 0, 110000),
(466, 2099, 94, 141, 1, 169000, 0, 0, 169000),
(467, 2099, 108, 155, 1, 300000, 0, 0, 300000),
(468, 2099, 120, 167, 1, 50000, 0, 0, 50000),
(469, 2099, 133, 180, 1, 168000, 0, 0, 168000),
(470, 2099, 137, 184, 4, 38000, 0, 0, 38000),
(471, 2099, 73, 115, 2, 1100000, 0, 0, 1100000),
(472, 2099, 66, 107, 5, 438000, 0, 0, 438000),
(473, 2099, 91, 138, 4, 302000, 0, 0, 302000),
(474, 2099, 115, 162, 4, 182000, 0, 0, 182000),
(475, 2099, 131, 178, 5, 220000, 0, 0, 220000),
(476, 2100, 38, 85, 1, 179000, 0, 0, 179000),
(477, 2100, 43, 65, 1, 150000, 0, 0, 150000),
(478, 2100, 44, 67, 1, 298000, 0, 0, 298000),
(479, 2100, 51, 78, 1, 78000, 0, 0, 78000),
(480, 2100, 52, 81, 1, 105000, 0, 0, 105000),
(481, 2100, 56, 92, 1, 450000, 0, 0, 450000),
(482, 2100, 57, 131, 3, 250000, 0, 0, 250000),
(483, 2100, 96, 143, 1, 47000, 0, 0, 47000),
(484, 2100, 97, 144, 1, 110000, 0, 0, 110000),
(485, 2100, 94, 141, 1, 169000, 0, 0, 169000),
(486, 2100, 108, 155, 1, 300000, 0, 0, 300000),
(487, 2100, 120, 167, 1, 50000, 0, 0, 50000),
(488, 2100, 133, 180, 1, 168000, 0, 0, 168000),
(489, 2100, 137, 184, 4, 38000, 0, 0, 38000),
(490, 2100, 73, 115, 2, 1100000, 0, 0, 1100000),
(491, 2100, 66, 107, 5, 438000, 0, 0, 438000),
(492, 2100, 91, 138, 4, 302000, 0, 0, 302000),
(493, 2100, 115, 162, 4, 182000, 0, 0, 182000),
(494, 2100, 131, 178, 5, 220000, 0, 0, 220000),
(495, 2101, 38, 85, 1, 179000, 0, 0, 179000),
(496, 2101, 43, 65, 1, 150000, 0, 0, 150000),
(497, 2101, 44, 67, 1, 298000, 0, 0, 298000),
(498, 2101, 51, 78, 1, 78000, 0, 0, 78000),
(499, 2101, 52, 81, 1, 105000, 0, 0, 105000),
(500, 2101, 56, 92, 1, 450000, 0, 0, 450000),
(501, 2101, 57, 131, 3, 250000, 0, 0, 250000),
(502, 2101, 96, 143, 1, 47000, 0, 0, 47000),
(503, 2101, 97, 144, 1, 110000, 0, 0, 110000),
(504, 2101, 94, 141, 1, 169000, 0, 0, 169000),
(505, 2101, 108, 155, 1, 300000, 0, 0, 300000),
(506, 2101, 120, 167, 1, 50000, 0, 0, 50000),
(507, 2101, 133, 180, 1, 168000, 0, 0, 168000),
(508, 2101, 137, 184, 4, 38000, 0, 0, 38000),
(509, 2101, 73, 115, 2, 1100000, 0, 0, 1100000),
(510, 2101, 66, 107, 5, 438000, 0, 0, 438000),
(511, 2101, 91, 138, 4, 302000, 0, 0, 302000),
(512, 2101, 115, 162, 4, 182000, 0, 0, 182000),
(513, 2101, 131, 178, 5, 220000, 0, 0, 220000),
(514, 2102, 38, 85, 1, 179000, 0, 0, 179000),
(515, 2102, 43, 65, 1, 150000, 0, 0, 150000),
(516, 2102, 44, 67, 1, 298000, 0, 0, 298000),
(517, 2102, 51, 78, 1, 78000, 0, 0, 78000),
(518, 2102, 52, 81, 1, 105000, 0, 0, 105000),
(519, 2102, 56, 92, 1, 450000, 0, 0, 450000),
(520, 2102, 57, 131, 3, 250000, 0, 0, 250000),
(521, 2102, 96, 143, 1, 47000, 0, 0, 47000),
(522, 2102, 97, 144, 1, 110000, 0, 0, 110000),
(523, 2102, 94, 141, 1, 169000, 0, 0, 169000),
(524, 2102, 108, 155, 1, 300000, 0, 0, 300000),
(525, 2102, 120, 167, 1, 50000, 0, 0, 50000),
(526, 2102, 133, 180, 1, 168000, 0, 0, 168000),
(527, 2102, 137, 184, 4, 38000, 0, 0, 38000),
(528, 2102, 73, 115, 2, 1100000, 0, 0, 1100000),
(529, 2102, 66, 107, 5, 438000, 0, 0, 438000),
(530, 2102, 91, 138, 4, 302000, 0, 0, 302000),
(531, 2102, 115, 162, 4, 182000, 0, 0, 182000),
(532, 2102, 131, 178, 5, 220000, 0, 0, 220000),
(533, 2102, 134, 181, 1, 126000, 0, 0, 126000),
(534, 2102, 135, 182, 1, 35000, 0, 0, 35000),
(535, 2102, 123, 170, 1, 49000, 0, 0, 49000),
(536, 2102, 128, 175, 1, 135000, 0, 0, 135000),
(537, 2102, 113, 160, 1, 108000, 0, 0, 108000),
(538, 2103, 43, 65, 1, 150000, 0, 0, 150000),
(539, 2103, 44, 67, 1, 298000, 0, 0, 298000),
(540, 2103, 45, 72, 1, 30000, 0, 0, 30000),
(541, 2103, 50, 77, 1, 100000, 0, 0, 100000),
(542, 2103, 48, 75, 1, 999000, 0, 0, 999000),
(543, 2103, 47, 74, 1, 150000, 0, 0, 150000),
(544, 2103, 51, 78, 1, 78000, 0, 0, 78000),
(545, 2103, 52, 81, 1, 105000, 0, 0, 105000),
(546, 2103, 41, 82, 1, 180000, 0, 0, 180000),
(547, 2103, 38, 85, 1, 179000, 0, 0, 179000),
(548, 2103, 43, 65, 1, 150000, 0, 0, 150000),
(549, 2103, 44, 67, 1, 298000, 0, 0, 298000),
(550, 2103, 51, 78, 1, 78000, 0, 0, 78000),
(551, 2103, 52, 81, 1, 105000, 0, 0, 105000),
(552, 2103, 56, 92, 1, 450000, 0, 0, 450000),
(553, 2103, 57, 131, 3, 250000, 0, 0, 250000),
(554, 2103, 96, 143, 1, 47000, 0, 0, 47000),
(555, 2103, 97, 144, 1, 110000, 0, 0, 110000),
(556, 2103, 94, 141, 1, 169000, 0, 0, 169000),
(557, 2103, 108, 155, 1, 300000, 0, 0, 300000),
(558, 2103, 120, 167, 1, 50000, 0, 0, 50000),
(559, 2103, 133, 180, 1, 168000, 0, 0, 168000),
(560, 2103, 137, 184, 4, 38000, 0, 0, 38000),
(561, 2103, 73, 115, 2, 1100000, 0, 0, 1100000),
(562, 2103, 66, 107, 5, 438000, 0, 0, 438000),
(563, 2103, 91, 138, 4, 302000, 0, 0, 302000),
(564, 2103, 115, 162, 4, 182000, 0, 0, 182000),
(565, 2103, 131, 178, 5, 220000, 0, 0, 220000),
(566, 2103, 134, 181, 1, 126000, 0, 0, 126000),
(567, 2103, 135, 182, 1, 35000, 0, 0, 35000),
(568, 2103, 123, 170, 1, 49000, 0, 0, 49000),
(569, 2103, 128, 175, 3, 135000, 0, 0, 135000),
(570, 2103, 113, 160, 1, 108000, 0, 0, 108000),
(571, 2103, 86, 133, 5, 315000, 0, 0, 315000),
(572, 2104, 43, 65, 1, 150000, 0, 0, 150000),
(573, 2104, 44, 67, 1, 298000, 0, 0, 298000),
(574, 2104, 45, 72, 1, 30000, 0, 0, 30000),
(575, 2104, 50, 77, 1, 100000, 0, 0, 100000),
(576, 2104, 48, 75, 1, 999000, 0, 0, 999000),
(577, 2104, 47, 74, 1, 150000, 0, 0, 150000),
(578, 2104, 51, 78, 1, 78000, 0, 0, 78000),
(579, 2104, 52, 81, 1, 105000, 0, 0, 105000),
(580, 2104, 41, 82, 1, 180000, 0, 0, 180000),
(581, 2104, 38, 85, 1, 179000, 0, 0, 179000),
(582, 2104, 43, 65, 1, 150000, 0, 0, 150000),
(583, 2104, 44, 67, 1, 298000, 0, 0, 298000),
(584, 2104, 51, 78, 1, 78000, 0, 0, 78000),
(585, 2104, 52, 81, 1, 105000, 0, 0, 105000),
(586, 2104, 56, 92, 1, 450000, 0, 0, 450000),
(587, 2104, 57, 131, 3, 250000, 0, 0, 250000),
(588, 2104, 96, 143, 1, 47000, 0, 0, 47000),
(589, 2104, 97, 144, 1, 110000, 0, 0, 110000),
(590, 2104, 94, 141, 1, 169000, 0, 0, 169000),
(591, 2104, 108, 155, 1, 300000, 0, 0, 300000),
(592, 2104, 120, 167, 1, 50000, 0, 0, 50000),
(593, 2104, 133, 180, 1, 168000, 0, 0, 168000),
(594, 2104, 137, 184, 4, 38000, 0, 0, 38000),
(595, 2104, 73, 115, 2, 1100000, 0, 0, 1100000),
(596, 2104, 66, 107, 5, 438000, 0, 0, 438000),
(597, 2104, 91, 138, 4, 302000, 0, 0, 302000),
(598, 2104, 115, 162, 4, 182000, 0, 0, 182000),
(599, 2104, 131, 178, 5, 220000, 0, 0, 220000),
(600, 2104, 134, 181, 1, 126000, 0, 0, 126000),
(601, 2104, 135, 182, 1, 35000, 0, 0, 35000),
(602, 2104, 123, 170, 1, 49000, 0, 0, 49000),
(603, 2104, 128, 175, 3, 135000, 0, 0, 135000),
(604, 2104, 113, 160, 1, 108000, 0, 0, 108000),
(605, 2104, 86, 133, 5, 315000, 0, 0, 315000),
(606, 2104, 72, 114, 6, 1067000, 0, 0, 1067000),
(607, 2105, 39, 84, 1, 150000, 0, 0, 150000),
(608, 2105, 38, 85, 3, 179000, 0, 0, 179000),
(609, 2106, 127, 174, 1, 109000, 0, 0, 109000),
(610, 2107, 38, 85, 1, 179000, 0, 0, 179000);

--
-- Triggers `cust_order_detail`
--
DELIMITER $$
CREATE TRIGGER `trginsertcustorder` AFTER INSERT ON `cust_order_detail` FOR EACH ROW begin
 declare done int(2); 
 declare Var_Id_variation int(11); 
 declare Var_Qty int(11);  
 declare Var_stock_atc_awal int(11);

 set Var_Id_variation   = new.Id_variation;
 
 set Var_stock_atc_awal = (select Stock_atc from variation_product where Id_variation = Var_Id_variation);
 set Var_Qty   = new.Qty + Var_stock_atc_awal;
 
 
 update variation_product set Stock_atc = Var_Qty where Id_variation = Var_Id_variation;
  

end
$$
DELIMITER ;

-- --------------------------------------------------------

--
-- Table structure for table `cust_order_header`
--

CREATE TABLE `cust_order_header` (
  `Id_order` int(11) NOT NULL,
  `Date_time` datetime NOT NULL,
  `Id_member` int(11) NOT NULL,
  `Address` varchar(200) NOT NULL,
  `Id_province` int(11) NOT NULL,
  `Id_city` int(11) NOT NULL,
  `Name` varchar(50) NOT NULL,
  `Email` varchar(100) NOT NULL,
  `Phone` varchar(20) NOT NULL,
  `Courier` varchar(20) NOT NULL,
  `Courier_packet` varchar(25) NOT NULL,
  `Affiliate` varchar(20) NOT NULL,
  `Tracking_code` varchar(20) NOT NULL DEFAULT '',
  `Id_prospect` int(11) NOT NULL DEFAULT 0,
  `Id_voucher` int(11) NOT NULL,
  `Weight` int(11) NOT NULL,
  `Gross_total` int(11) NOT NULL,
  `Shipping_cost` int(11) NOT NULL,
  `Discount` int(11) NOT NULL,
  `Grand_total` int(11) NOT NULL,
  `Receipt_number` varchar(50) NOT NULL DEFAULT '',
  `Shipper` int(11) NOT NULL,
  `Resi_input_shipper` int(11) NOT NULL DEFAULT 0,
  `Printed` int(11) NOT NULL DEFAULT 0,
  `Status` int(11) NOT NULL
) ENGINE=InnoDB DEFAULT CHARSET=utf8mb4;

--
-- Dumping data for table `cust_order_header`
--

INSERT INTO `cust_order_header` (`Id_order`, `Date_time`, `Id_member`, `Address`, `Id_province`, `Id_city`, `Name`, `Email`, `Phone`, `Courier`, `Courier_packet`, `Affiliate`, `Tracking_code`, `Id_prospect`, `Id_voucher`, `Weight`, `Gross_total`, `Shipping_cost`, `Discount`, `Grand_total`, `Receipt_number`, `Shipper`, `Resi_input_shipper`, `Printed`, `Status`) VALUES
(1, '2021-12-09 10:00:00', 0, 'aaa', 1, 2, 'aaaa', 'aaaa', '123', 'jne', 'reg', '', '0', 0, 0, 0, 0, 0, 0, 0, '', 0, 0, 0, 0),
(2, '2021-11-16 07:53:35', 0, 'aaa', 1, 2, 'aaaa', 'aaaa', '123', 'jne', 'reg', '', '0', 0, 0, 0, 0, 0, 0, 0, '', 0, 0, 1, 0),
(3, '2021-11-16 07:55:19', 0, 'aaa', 1, 2, 'aaaa', 'aaaa', '123', 'jne', 'reg', '', '0', 0, 0, 0, 0, 0, 0, 13974000, '', 0, 0, 0, 0),
(4, '2021-11-16 07:57:29', 0, 'aaa', 1, 2, 'aaaa', 'aaaa', '123', 'jne', 'reg', '', '0', 0, 0, 0, 0, 0, 0, 14093000, '', 0, 0, 0, 0),
(5, '2021-11-16 08:08:27', 0, 'aaa', 1, 2, 'aaaa', 'aaaa', '123', 'jne', 'reg', '', '0', 0, 0, 0, 0, 0, 0, 14030000, '', 0, 0, 0, 0),
(6, '2021-11-16 08:09:20', 0, 'aaa', 1, 2, 'aaaa', 'aaaa', '123', 'jne', 'reg', '', '0', 0, 0, 7200, 13680000, 413000, 0, 14093000, '', 0, 0, 0, 0),
(7, '2021-11-16 08:10:18', 0, 'aaa', 1, 2, 'aaaa', 'aaaa', '123', '0', 'OKE', '', '0', 0, 0, 7200, 13680000, 308000, 0, 13988000, '', 0, 0, 0, 0),
(8, '2021-11-16 08:13:39', 0, 'aaa', 1, 2, 'aaaa', 'aaaa', '087842071634', '1', 'Paket_Kilat_Khusus', '', '0', 0, 0, 7200, 13680000, 294000, 0, 13974000, '', 0, 0, 0, 0),
(9, '2021-11-16 08:17:04', 0, 'aaa', 1, 2, 'aaa', 'indrarinitanjung@gmail.com', '087842071634', '0', 'REG', '', '0', 0, 0, 7200, 13680000, 378000, 0, 14058000, '', 0, 0, 0, 0),
(10, '2021-11-16 08:18:00', 0, 'aaa', 1, 2, 'aaa', 'indrarinitanjung@gmail.com', '087842071634', '0', 'REG', '', '0', 0, 0, 7200, 13680000, 378000, 0, 14058000, '', 0, 0, 0, 0),
(11, '2021-11-16 08:18:44', 0, 'aaa', 1, 2, 'Adriel Edgard Harjono', 'adrieledgard12345@gmail.com', '087842071634', '0', 'OKE', '', '0', 0, 0, 7200, 13680000, 308000, 0, 13988000, '', 0, 0, 0, 0),
(12, '2021-11-16 08:20:22', 0, 'Jl. KH. Agus Salim No.80', 5, 39, 'Adriel Edgard Harjono', 'adrieledgard12345@gmail.com', '087842071634', '1', 'Paket_Kilat_Khusus', '', '0', 0, 0, 7200, 13680000, 98000, 0, 13778000, '', 0, 0, 0, 0),
(13, '2021-11-16 08:37:16', 5, 'jalan ngagel madya V no 89', 11, 444, 'ADRIELEDGARD123', 'ADRIELEDGARD12345@GMAIL.COM', '0878612121', '0', 'CTC', '', '0', 0, 12, 1, 450000, 7000, 7000, 450000, '', 0, 0, 0, 0),
(14, '2021-11-16 08:39:55', 5, 'jalan sungai saddang baru lr mumin II no 3', 28, 95, 'ADRIELEDGARD123', 'ADRIELEDGARD12345@GMAIL.COM', '0878612121', 'JNE', 'REG', '', '0', 0, 12, 1, 450000, 48000, 15000, 483000, 'JP4760224851', 7, 7, 0, 5),
(15, '2021-11-18 15:02:07', 5, 'jalan ngagel madya V no 89', 11, 444, 'ADRIELEDGARD123', 'ADRIELEDGARD12345@GMAIL.COM', '0878612121', 'TIKI', 'ECO', '', '0', 0, 12, 1, 450000, 4000, 4000, 450000, '', 0, 0, 0, 0),
(16, '2021-11-18 15:05:25', 0, 'Jl.ternate', 1, 114, 'Adriel Edgard Harjono', 'adrieledgard12345@gmail.com', '087842071634', 'JNE', 'YES', '', '0', 0, 0, 15, 5250000, 36000, 0, 5286000, '', 0, 0, 0, 0),
(17, '2021-11-18 15:12:56', 0, 'Jl. KH. Agus Salim No.80', 28, 87, 'Adriel Edgard Harjono', 'adrieledgard12345@gmail.com', '087842071634', 'JNE', 'OKE', '', '0', 0, 0, 100, 190000, 44000, 0, 234000, '', 0, 0, 0, 0),
(18, '2021-11-18 15:12:57', 0, 'Jl. KH. Agus Salim No.80', 28, 87, 'Adriel Edgard Harjono', 'adrieledgard12345@gmail.com', '087842071634', 'JNE', 'OKE', '', '0', 0, 0, 100, 190000, 44000, 0, 234000, '', 0, 0, 0, 0),
(19, '2021-11-18 15:12:57', 0, 'Jl. KH. Agus Salim No.80', 28, 87, 'Adriel Edgard Harjono', 'adrieledgard12345@gmail.com', '087842071634', 'JNE', 'OKE', '', '0', 0, 0, 100, 190000, 44000, 0, 234000, '', 0, 0, 0, 0),
(20, '2021-11-18 15:20:31', 0, 'Jl. KH. Agus Salim No.80', 28, 408, 'Adriel Edgard Harjono', 'adrieledgard12345@gmail.com', '087842071634', 'JNE', 'REG', '', '0', 0, 0, 100, 190000, 48000, 0, 238000, '', 0, 0, 0, 0),
(21, '2021-11-18 15:20:32', 0, 'Jl. KH. Agus Salim No.80', 28, 408, 'Adriel Edgard Harjono', 'adrieledgard12345@gmail.com', '087842071634', 'JNE', 'REG', '', '0', 0, 0, 100, 190000, 48000, 0, 238000, '', 0, 0, 0, 0),
(22, '2021-11-18 15:20:32', 0, 'Jl. KH. Agus Salim No.80', 28, 408, 'Adriel Edgard Harjono', 'adrieledgard12345@gmail.com', '087842071634', 'JNE', 'REG', '', '0', 0, 0, 100, 190000, 48000, 0, 238000, '', 0, 0, 0, 0),
(23, '2021-11-18 15:20:32', 0, 'Jl. KH. Agus Salim No.80', 28, 408, 'Adriel Edgard Harjono', 'adrieledgard12345@gmail.com', '087842071634', 'JNE', 'REG', '', '0', 0, 0, 100, 190000, 48000, 0, 238000, '', 0, 0, 0, 0),
(24, '2021-11-18 15:20:33', 0, 'Jl. KH. Agus Salim No.80', 28, 408, 'Adriel Edgard Harjono', 'adrieledgard12345@gmail.com', '087842071634', 'JNE', 'REG', '', '0', 0, 0, 100, 190000, 48000, 0, 238000, '', 0, 0, 0, 0),
(25, '2021-11-18 15:20:33', 0, 'Jl. KH. Agus Salim No.80', 28, 408, 'Adriel Edgard Harjono', 'adrieledgard12345@gmail.com', '087842071634', 'JNE', 'REG', '', '0', 0, 0, 100, 190000, 48000, 0, 238000, '', 0, 0, 0, 0),
(26, '2021-11-18 15:20:33', 0, 'Jl. KH. Agus Salim No.80', 28, 408, 'Adriel Edgard Harjono', 'adrieledgard12345@gmail.com', '087842071634', 'JNE', 'REG', '', '0', 0, 0, 100, 190000, 48000, 0, 238000, '', 0, 0, 0, 0),
(27, '2021-11-18 15:20:33', 0, 'Jl. KH. Agus Salim No.80', 28, 408, 'Adriel Edgard Harjono', 'adrieledgard12345@gmail.com', '087842071634', 'JNE', 'REG', '', '0', 0, 0, 100, 190000, 48000, 0, 238000, '', 0, 0, 0, 0),
(28, '2021-11-18 15:20:33', 0, 'Jl. KH. Agus Salim No.80', 28, 408, 'Adriel Edgard Harjono', 'adrieledgard12345@gmail.com', '087842071634', 'JNE', 'REG', '', '0', 0, 0, 100, 190000, 48000, 0, 238000, '', 0, 0, 0, 0),
(29, '2021-11-18 15:21:21', 0, 'Jl. KH. Agus Salim No.80', 28, 123, 'Adriel Edgard Harjono', 'adrieledgard12345@gmail.com', '087842071634', 'JNE', 'OKE', '', '0', 0, 0, 100, 190000, 44000, 0, 234000, '', 0, 0, 0, 0),
(30, '2021-11-18 15:21:21', 0, 'Jl. KH. Agus Salim No.80', 28, 123, 'Adriel Edgard Harjono', 'adrieledgard12345@gmail.com', '087842071634', 'JNE', 'OKE', '', '0', 0, 0, 100, 190000, 44000, 0, 234000, '', 0, 0, 0, 0),
(31, '2021-11-18 15:21:22', 0, 'Jl. KH. Agus Salim No.80', 28, 123, 'Adriel Edgard Harjono', 'adrieledgard12345@gmail.com', '087842071634', 'JNE', 'OKE', '', '0', 0, 0, 100, 190000, 44000, 0, 234000, '', 0, 0, 0, 0),
(32, '2021-11-18 15:21:22', 0, 'Jl. KH. Agus Salim No.80', 28, 123, 'Adriel Edgard Harjono', 'adrieledgard12345@gmail.com', '087842071634', 'JNE', 'OKE', '', '0', 0, 0, 100, 190000, 44000, 0, 234000, '', 0, 0, 0, 0),
(33, '2021-11-18 15:21:53', 0, 'Jl. KH. Agus Salim No.80', 28, 360, 'Adriel Edgard Harjono', 'adrieledgard12345@gmail.com', '087842071634', 'JNE', 'REG', '', '0', 0, 0, 100, 190000, 48000, 0, 238000, '', 0, 0, 0, 0),
(34, '2021-11-18 15:24:15', 0, 'Jl. KH. Agus Salim No.80', 32, 12, 'Adriel Edgard Harjono', 'indrarinitanjung@gmail.com', '087842071634', 'JNE', 'REG', '', '0', 0, 0, 100, 190000, 54000, 0, 244000, '', 0, 0, 0, 0),
(35, '2021-11-18 15:24:39', 0, 'Jl. KH. Agus Salim No.80', 32, 12, 'Adriel Edgard Harjono', 'adrieledgard12345@gmail.com', '087842071634', 'POS', 'Paket_Kilat_Khusus', '', '0', 0, 0, 100, 190000, 59000, 0, 249000, '', 0, 0, 0, 0),
(36, '2021-11-18 15:24:40', 0, 'Jl. KH. Agus Salim No.80', 32, 12, 'Adriel Edgard Harjono', 'adrieledgard12345@gmail.com', '087842071634', 'POS', 'Paket_Kilat_Khusus', '', '0', 0, 0, 100, 190000, 59000, 0, 249000, '', 0, 0, 0, 0),
(37, '2021-11-18 15:25:33', 0, 'Jl. Sukamanah V no.26/24. RT/RW 002/002. Kel Sukasari', 3, 232, 'Dea Zulfikar,  Agam', 'nathzsv@gmail.com', '0819615588', 'POS', 'Paket_Kilat_Khusus', '', '0', 0, 0, 100, 190000, 23000, 0, 213000, '', 0, 0, 0, 0),
(38, '2021-11-18 15:25:34', 0, 'Jl. Sukamanah V no.26/24. RT/RW 002/002. Kel Sukasari', 3, 232, 'Dea Zulfikar,  Agam', 'nathzsv@gmail.com', '0819615588', 'POS', 'Paket_Kilat_Khusus', '', '0', 0, 0, 100, 190000, 23000, 0, 213000, '', 0, 0, 0, 0),
(39, '2021-11-18 15:25:34', 0, 'Jl. Sukamanah V no.26/24. RT/RW 002/002. Kel Sukasari', 3, 232, 'Dea Zulfikar,  Agam', 'nathzsv@gmail.com', '0819615588', 'POS', 'Paket_Kilat_Khusus', '', '0', 0, 0, 100, 190000, 23000, 0, 213000, '', 0, 0, 0, 0),
(40, '2021-11-18 15:25:34', 0, 'Jl. Sukamanah V no.26/24. RT/RW 002/002. Kel Sukasari', 3, 232, 'Dea Zulfikar,  Agam', 'nathzsv@gmail.com', '0819615588', 'POS', 'Paket_Kilat_Khusus', '', '0', 0, 0, 100, 190000, 23000, 0, 213000, '', 0, 0, 0, 0),
(41, '2021-11-18 15:25:34', 0, 'Jl. Sukamanah V no.26/24. RT/RW 002/002. Kel Sukasari', 3, 232, 'Dea Zulfikar,  Agam', 'nathzsv@gmail.com', '0819615588', 'POS', 'Paket_Kilat_Khusus', '', '0', 0, 0, 100, 190000, 23000, 0, 213000, '', 0, 0, 0, 0),
(42, '2021-11-18 15:25:52', 0, 'Jl. KH. Agus Salim No.80', 32, 12, 'Adriel Edgard Harjono', 'adrieledgard12345@gmail.com', '087842071634', 'TIKI', 'ECO', '', '0', 0, 0, 100, 190000, 35000, 0, 225000, '', 0, 0, 0, 0),
(43, '2021-11-18 15:29:05', 0, 'Jl. KH. Agus Salim No.80', 28, 123, 'Adriel Edgard Harjono', 'adrieledgard12345@gmail.com', '087842071634', 'JNE', 'OKE', '', '0', 0, 0, 100, 190000, 44000, 0, 234000, '', 0, 0, 0, 0),
(44, '2021-11-18 15:29:06', 0, 'Jl. KH. Agus Salim No.80', 28, 123, 'Adriel Edgard Harjono', 'adrieledgard12345@gmail.com', '087842071634', 'JNE', 'OKE', '', '0', 0, 0, 100, 190000, 44000, 0, 234000, '', 0, 0, 0, 0),
(45, '2021-11-18 15:29:06', 0, 'Jl. KH. Agus Salim No.80', 28, 123, 'Adriel Edgard Harjono', 'adrieledgard12345@gmail.com', '087842071634', 'JNE', 'OKE', '', '0', 0, 0, 100, 190000, 44000, 0, 234000, '', 0, 0, 0, 0),
(46, '2021-11-18 15:29:07', 0, 'Jl. KH. Agus Salim No.80', 28, 123, 'Adriel Edgard Harjono', 'adrieledgard12345@gmail.com', '087842071634', 'JNE', 'OKE', '', '0', 0, 0, 100, 190000, 44000, 0, 234000, '', 0, 0, 0, 0),
(47, '2021-11-18 15:29:07', 0, 'Jl. KH. Agus Salim No.80', 28, 123, 'Adriel Edgard Harjono', 'adrieledgard12345@gmail.com', '087842071634', 'JNE', 'OKE', '', '0', 0, 0, 100, 190000, 44000, 0, 234000, '', 0, 0, 0, 0),
(48, '2021-11-18 15:29:07', 0, 'Jl. KH. Agus Salim No.80', 28, 123, 'Adriel Edgard Harjono', 'adrieledgard12345@gmail.com', '087842071634', 'JNE', 'OKE', '', '0', 0, 0, 100, 190000, 44000, 0, 234000, '', 0, 0, 0, 0),
(49, '2021-11-18 17:03:57', 0, 'Jl. KH. Agus Salim No.80', 28, 87, 'Adriel Edgard Harjono', 'adrieledgard12345@gmail.com', '087842071634', 'JNE', 'OKE', '', '0', 0, 0, 100, 190000, 44000, 0, 234000, '', 0, 0, 0, 0),
(50, '2021-11-18 17:04:31', 0, 'Jl. KH. Agus Salim No.80', 28, 123, 'Adriel Edgard Harjono', 'adrieledgard12345@gmail.com', '087842071634', 'JNE', 'OKE', '', '0', 0, 0, 100, 190000, 44000, 0, 234000, '', 0, 0, 0, 0),
(51, '2021-11-18 17:12:19', 0, 'Jl. KH. Agus Salim No.80', 28, 123, 'Adriel Edgard Harjono', 'adrieledgard12345@gmail.com', '087842071634', 'TIKI', 'REG', '', '0', 0, 0, 100, 190000, 56000, 0, 246000, '', 0, 0, 0, 0),
(52, '2021-11-18 17:13:45', 0, 'Komp.asia megamas H-12 , Medan', 34, 278, 'Jonathan', 'nathzsv@gmail.com', '0819615588', 'JNE', 'OKE', '', '0', 0, 0, 102, 1090000, 42000, 0, 1132000, '', 0, 0, 0, 0),
(53, '2021-11-18 17:19:30', 5, 'jalan ngagel madya V no 89', 11, 444, 'ADRIELEDGARD123', 'ADRIELEDGARD12345@GMAIL.COM', '0878612121', 'JNE', 'CTC', '', '0', 0, 12, 201, 830000, 7000, 7000, 830000, '', 7, 0, 1, 3),
(54, '2021-11-18 17:20:19', 5, 'JALAN AMBON MANIS NO 1111', 19, 14, 'ADRIELEDGARD123', 'ADRIELEDGARD12345@GMAIL.COM', '0878612121', 'JNE', 'REG', '', '0', 0, 18, 406, 2860000, 70000, 50000, 2880000, '', 0, 0, 1, 2),
(55, '2021-12-16 10:47:42', 5, 'jalan sungai saddang baru lr mumin II no 3', 28, 95, 'ADRIELEDGARD123', 'ADRIELEDGARD12345@GMAIL.COM', '0878612121', 'JNE', 'OKE', '', '0', 0, 18, 6, 2100000, 44000, 50000, 2094000, 'dh', 7, 7, 0, 5),
(56, '2021-12-12 02:36:57', 5, 'jalan ngagel madya V no 89', 11, 444, 'ADRIELEDGARD123', 'ADRIELEDGARD12345@GMAIL.COM', '0878612121', 'JNE', 'CTC', '', '0', 0, 18, 100, 190000, 7000, 50000, 147000, 'JP7681686154', 7, 26, 0, 5),
(57, '2021-12-12 02:50:30', 5, 'JALAN AMBON MANIS NO 1111', 19, 14, 'ADRIELEDGARD123', 'ADRIELEDGARD12345@GMAIL.COM', '0878612121', 'JNE', 'OKE', '', '0', 0, 18, 300, 570000, 65000, 50000, 585000, 'JP4760224852', 7, 0, 0, 5),
(58, '2021-12-12 02:52:11', 5, 'JALAN AMBON MANIS NO 1111', 19, 14, 'ADRIELEDGARD123', 'ADRIELEDGARD12345@GMAIL.COM', '0878612121', 'JNE', 'OKE', '', '0', 0, 18, 300, 570000, 65000, 0, 635000, '', 7, 0, 1, 3),
(59, '2021-12-12 03:08:21', 5, 'JALAN AMBON MANIS NO 1111', 19, 14, 'ADRIELEDGARD123', 'ADRIELEDGARD12345@GMAIL.COM', '0878612121', 'JNE', 'OKE', '', '0', 0, 18, 300, 570000, 65000, 50000, 585000, '', 0, 0, 0, 5),
(60, '2021-12-12 03:13:31', 5, 'JALAN AMBON MANIS NO 1111', 19, 14, 'ADRIELEDGARD123', 'ADRIELEDGARD12345@GMAIL.COM', '0878612121', 'JNE', 'OKE', '', '0', 0, 18, 300, 570000, 65000, 0, 635000, 'JP0311801166', 0, 7, 0, 5),
(61, '2021-12-19 10:48:00', 5, 'jalan ngagel madya V no 89', 11, 444, 'ADRIELEDGARD123', 'ADRIELEDGARD12345@GMAIL.COM', '0878612121', 'POS', 'Paket_Kilat_Khusus', '', '0', 0, 0, 100, 190000, 7000, 0, 197000, '', 0, 0, 0, 0),
(62, '2021-12-18 12:01:38', 5, 'JALAN AMBON MANIS NO 1111', 19, 14, 'ADRIELEDGARD123', 'ADRIELEDGARD12345@GMAIL.COM', '0878612121', 'JNE', 'OKE', '', '0', 0, 18, 101, 640000, 65000, 50000, 655000, '', 0, 0, 0, 0),
(63, '2021-12-19 08:28:33', 5, 'JALAN AMBON MANIS NO 1111', 19, 14, 'ADRIELEDGARD123', 'ADRIELEDGARD12345@GMAIL.COM', '0878612121', 'JNE', 'REG', '', '0', 0, 0, 101, 640000, 70000, 0, 710000, '', 0, 0, 0, 0),
(64, '2021-12-19 08:29:17', 5, 'jalan sungai saddang baru lr mumin II no 3', 28, 95, 'ADRIELEDGARD123', 'ADRIELEDGARD12345@GMAIL.COM', '0878612121', 'POS', 'Paket_Kilat_Khusus', '', '0', 0, 18, 105, 1940000, 48000, 50000, 1938000, '', 0, 0, 0, 0),
(65, '2021-12-21 06:46:22', 0, 'Jl.ternate', 28, 423, 'Adriel Edgard Harjono', 'adrieledgard12345@gmail.com', '0878480808', 'JNE', 'OKE', '', '0', 0, 0, 1, 450000, 44000, 0, 494000, '', 0, 0, 0, 1),
(66, '2021-12-21 07:15:25', 0, 'jalan puncak jaya selatan no 123', 24, 374, 'tina', 'tina123@gmail.com', '0871880898959', 'POS', 'Paket_Kilat_Khusus', '', '0', 0, 0, 10, 3500000, 161000, 0, 3661000, '', 0, 0, 0, 1),
(67, '2021-12-21 07:30:13', 0, 'jalan pisang ambon 123', 19, 14, 'yanti', 'yanti123@gmail.com', '087481800', 'JNE', 'OKE', '', '0', 0, 0, 110, 3690000, 65000, 0, 3755000, '', 0, 0, 0, 1),
(68, '2021-12-21 07:30:16', 0, 'jalan pisang ambon 123', 19, 14, 'yanti', 'yanti123@gmail.com', '087481800', 'JNE', 'OKE', '', '0', 0, 0, 110, 3690000, 65000, 0, 3755000, '', 0, 0, 0, 1),
(69, '2021-12-21 07:30:16', 0, 'jalan pisang ambon 123', 19, 14, 'yanti', 'yanti123@gmail.com', '087481800', 'JNE', 'OKE', '', '0', 0, 0, 110, 3690000, 65000, 0, 3755000, '', 0, 0, 0, 1),
(70, '2021-12-21 07:30:16', 0, 'jalan pisang ambon 123', 19, 14, 'yanti', 'yanti123@gmail.com', '087481800', 'JNE', 'OKE', '', '0', 0, 0, 110, 3690000, 65000, 0, 3755000, '', 0, 0, 0, 1),
(71, '2021-12-21 07:30:16', 0, 'jalan pisang ambon 123', 19, 14, 'yanti', 'yanti123@gmail.com', '087481800', 'JNE', 'OKE', '', '0', 0, 0, 110, 3690000, 65000, 0, 3755000, '', 0, 0, 0, 1),
(72, '2021-12-21 07:30:17', 0, 'jalan pisang ambon 123', 19, 14, 'yanti', 'yanti123@gmail.com', '087481800', 'JNE', 'OKE', '', '0', 0, 0, 110, 3690000, 65000, 0, 3755000, '', 0, 0, 0, 1),
(73, '2021-12-21 07:32:32', 0, 'jalan bontang', 15, 89, 'toni', 'toni123@gmail.com', '08480999', 'JNE', 'REG', '', '0', 0, 0, 110, 3690000, 50000, 0, 3740000, '', 0, 0, 0, 1),
(74, '2021-12-21 07:32:33', 0, 'jalan bontang', 15, 89, 'toni', 'toni123@gmail.com', '08480999', 'JNE', 'REG', '', '0', 0, 0, 110, 3690000, 50000, 0, 3740000, '', 0, 0, 0, 1),
(75, '2021-12-21 07:32:33', 0, 'jalan bontang', 15, 89, 'toni', 'toni123@gmail.com', '08480999', 'JNE', 'REG', '', '0', 0, 0, 110, 3690000, 50000, 0, 3740000, '', 0, 0, 0, 1),
(76, '2021-12-21 07:32:34', 0, 'jalan bontang', 15, 89, 'toni', 'toni123@gmail.com', '08480999', 'JNE', 'REG', '', '0', 0, 0, 110, 3690000, 50000, 0, 3740000, '', 0, 0, 0, 1),
(77, '2021-12-21 07:32:34', 0, 'jalan bontang', 15, 89, 'toni', 'toni123@gmail.com', '08480999', 'JNE', 'REG', '', '0', 0, 0, 110, 3690000, 50000, 0, 3740000, '', 0, 0, 0, 1),
(78, '2021-12-21 07:33:12', 0, 'dadad', 18, 224, 'udin', 'udin188@gmail.com', '087489290', 'TIKI', 'REG', '', '0', 0, 0, 110, 3690000, 35000, 0, 3725000, '', 0, 0, 0, 1),
(79, '2021-12-21 07:34:05', 0, 'jalan gunung kidul', 5, 135, 'lala', 'lalasabun@gmail.com', '08784909994', 'JNE', 'OKE', '', '0', 0, 0, 110, 3690000, 16000, 0, 3706000, '', 0, 0, 0, 1),
(80, '2021-12-21 07:37:09', 40, 'jalan blitar raya 61', 11, 75, 'RISKA', 'RISKA123@GMAIL.COM', '08484999', 'JNE', 'OKE', '', '0', 0, 0, 110, 3690000, 7000, 0, 3697000, 'JP4760224851', 7, 7, 0, 5),
(81, '2021-12-21 07:37:32', 40, 'jalan blitar raya 61', 11, 75, 'RISKA', 'RISKA123@GMAIL.COM', '08484999', 'JNE', 'OKE', '', '0', 0, 0, 110, 3690000, 7000, 0, 3697000, '', 0, 0, 0, 1),
(82, '2021-12-21 08:47:58', 0, 'jalan palembang raya123', 33, 327, 'iona', 'iona123@gmail.com', '08784089049', 'JNE', 'REG', '', '0', 0, 0, 200, 380000, 40000, 0, 420000, '', 0, 0, 0, 1),
(83, '2021-12-21 08:49:40', 0, 'ucok baba jalan', 11, 248, 'ucok baba', 'ucokbaba123@gmail.com', '087842055', 'TIKI', 'REG', '', '0', 0, 0, 200, 380000, 8000, 0, 388000, '', 7, 0, 1, 3),
(84, '2021-12-21 08:49:41', 0, 'ucok baba jalan', 11, 248, 'ucok baba', 'ucokbaba123@gmail.com', '087842055', 'TIKI', 'REG', '', '0', 0, 0, 200, 380000, 8000, 0, 388000, '', 0, 0, 0, 2),
(85, '2021-12-21 08:49:41', 0, 'ucok baba jalan', 11, 248, 'ucok baba', 'ucokbaba123@gmail.com', '087842055', 'TIKI', 'REG', '', '0', 0, 0, 200, 380000, 8000, 0, 388000, '', 0, 0, 0, 2),
(86, '2021-12-21 08:49:42', 0, 'ucok baba jalan', 11, 248, 'ucok baba', 'ucokbaba123@gmail.com', '087842055', 'TIKI', 'REG', '', '0', 0, 0, 200, 380000, 8000, 0, 388000, '', 0, 0, 0, 2),
(87, '2021-12-21 08:58:11', 0, 'jalan hihihih', 10, 344, 'restuu', 'restuu@gmail.com', '08784848988', 'JNE', 'REG', '', '0', 0, 0, 200, 380000, 19000, 0, 399000, '', 0, 0, 0, 1),
(88, '2021-12-21 08:58:12', 0, 'jalan hihihih', 10, 344, 'restuu', 'restuu@gmail.com', '08784848988', 'JNE', 'REG', '', '0', 0, 0, 200, 380000, 19000, 0, 399000, '', 0, 0, 0, 1),
(89, '2021-12-21 08:58:12', 0, 'jalan hihihih', 10, 344, 'restuu', 'restuu@gmail.com', '08784848988', 'JNE', 'REG', '', '0', 0, 0, 200, 380000, 19000, 0, 399000, '', 0, 0, 0, 1),
(90, '2021-12-21 08:58:12', 0, 'jalan hihihih', 10, 344, 'restuu', 'restuu@gmail.com', '08784848988', 'JNE', 'REG', '', '0', 0, 0, 200, 380000, 19000, 0, 399000, '', 0, 0, 0, 1),
(91, '2021-12-21 08:58:12', 0, 'jalan hihihih', 10, 344, 'restuu', 'restuu@gmail.com', '08784848988', 'JNE', 'REG', '', '0', 0, 0, 200, 380000, 19000, 0, 399000, '', 0, 0, 0, 1),
(92, '2021-12-21 08:58:12', 0, 'jalan hihihih', 10, 344, 'restuu', 'restuu@gmail.com', '08784848988', 'JNE', 'REG', '', '0', 0, 0, 200, 380000, 19000, 0, 399000, '', 0, 0, 0, 1),
(93, '2021-12-21 09:01:45', 0, 'jalan tiaraaa', 10, 250, 'tiara', 'tiara@gmail.com', '08774840994', 'TIKI', 'ECO', '', '0', 0, 0, 200, 380000, 15000, 0, 395000, '', 0, 0, 0, 1),
(94, '2021-12-21 09:01:46', 0, 'jalan tiaraaa', 10, 250, 'tiara', 'tiara@gmail.com', '08774840994', 'TIKI', 'ECO', '', '0', 0, 0, 200, 380000, 15000, 0, 395000, '', 0, 0, 0, 1),
(95, '2021-12-21 09:01:47', 0, 'jalan tiaraaa', 10, 250, 'tiara', 'tiara@gmail.com', '08774840994', 'TIKI', 'ECO', '', '0', 0, 0, 200, 380000, 15000, 0, 395000, '', 0, 0, 0, 1),
(96, '2021-12-21 09:01:47', 0, 'jalan tiaraaa', 10, 250, 'tiara', 'tiara@gmail.com', '08774840994', 'TIKI', 'ECO', '', '0', 0, 0, 200, 380000, 15000, 0, 395000, '', 0, 0, 0, 1),
(97, '2021-12-21 09:01:47', 0, 'jalan tiaraaa', 10, 250, 'tiara', 'tiara@gmail.com', '08774840994', 'TIKI', 'ECO', '', '0', 0, 0, 200, 380000, 15000, 0, 395000, '', 0, 0, 0, 1),
(98, '2021-12-21 09:02:06', 0, 'jalan tiaraaa', 10, 250, 'tiara', 'tiara@gmail.com', '08774840994', 'TIKI', 'ECO', '', '0', 0, 0, 200, 380000, 15000, 0, 395000, '', 0, 0, 0, 1),
(99, '2021-12-21 09:29:50', 0, 'jalan hheh', 5, 135, 'jaya kusuma', 'jayakusuma123@gmail.com', '087842502', 'POS', 'Paket_Kilat_Khusus', '', '0', 0, 0, 200, 380000, 14000, 0, 394000, '', 0, 0, 0, 2),
(100, '2021-12-21 09:29:51', 0, 'jalan hheh', 5, 135, 'jaya kusuma', 'jayakusuma123@gmail.com', '087842502', 'POS', 'Paket_Kilat_Khusus', '', '0', 0, 0, 200, 380000, 14000, 0, 394000, '', 7, 0, 1, 3),
(101, '2021-12-21 09:29:52', 0, 'jalan hheh', 5, 135, 'jaya kusuma', 'jayakusuma123@gmail.com', '087842502', 'POS', 'Paket_Kilat_Khusus', '', '0', 0, 0, 200, 380000, 14000, 0, 394000, '', 7, 0, 1, 3),
(102, '2021-12-21 09:29:52', 0, 'jalan hheh', 5, 135, 'jaya kusuma', 'jayakusuma123@gmail.com', '087842502', 'POS', 'Paket_Kilat_Khusus', '', '0', 0, 0, 200, 380000, 14000, 0, 394000, '', 7, 0, 1, 3),
(103, '2021-12-21 09:32:04', 0, 'hohohoho', 28, 408, 'ujang', 'ujang123@gmail.com', '08548225', 'JNE', 'REG', '', '0', 0, 0, 200, 380000, 48000, 0, 428000, '', 0, 0, 0, 2),
(104, '2021-12-21 09:32:05', 0, 'hohohoho', 28, 408, 'ujang', 'ujang123@gmail.com', '08548225', 'JNE', 'REG', '', '0', 0, 0, 200, 380000, 48000, 0, 428000, '', 0, 0, 0, 2),
(105, '2021-12-21 09:32:05', 0, 'hohohoho', 28, 408, 'ujang', 'ujang123@gmail.com', '08548225', 'JNE', 'REG', '', '0', 0, 0, 200, 380000, 48000, 0, 428000, '', 0, 0, 0, 2),
(106, '2021-12-21 09:32:06', 0, 'hohohoho', 28, 408, 'ujang', 'ujang123@gmail.com', '08548225', 'JNE', 'REG', '', '0', 0, 0, 200, 380000, 48000, 0, 428000, '', 0, 0, 0, 2),
(107, '2021-12-21 09:34:17', 0, 'jajaj', 5, 210, 'ucok', 'ucok1213@gmail.com', '084785120', 'TIKI', 'REG', '', '0', 0, 0, 200, 380000, 22000, 0, 402000, '', 0, 0, 0, 2),
(108, '2021-12-21 09:36:41', 0, 'gagaga', 11, 256, 'kakak', 'kakaka@gmail.com', '08581196611', 'TIKI', 'ECO', '', '0', 0, 0, 200, 380000, 6000, 0, 386000, '', 0, 0, 0, 2),
(109, '2021-12-21 09:38:36', 0, 'jajajaj', 11, 255, 'opik sarif', 'opiksarif123@gmail.com', '08581511949', 'JNE', 'OKE', '', '0', 0, 0, 200, 380000, 7000, 0, 387000, '', 0, 0, 0, 2),
(110, '2021-12-21 09:42:27', 0, 'jalan agggah', 32, 236, 'yessy', 'yessy123@gmail.com', '0885269199', 'JNE', 'OKE', '', '0', 0, 0, 200, 380000, 50000, 0, 430000, '', 0, 0, 0, 2),
(111, '2021-12-21 09:43:15', 0, 'jalan badak 123', 10, 344, 'opaiia', 'odpakdoajd@gmail.com', '0885169226', 'JNE', 'REG', '', '0', 0, 0, 200, 380000, 19000, 0, 399000, '', 0, 0, 0, 2),
(112, '2021-12-21 09:44:26', 0, 'jalan pekalongan', 10, 349, 'ellang', 'ellang123@gmail.com', '08841630', 'JNE', 'REG', '', '0', 0, 0, 200, 380000, 19000, 0, 399000, '', 0, 0, 0, 2),
(113, '2021-12-21 09:45:32', 0, 'jalan hehe', 33, 327, 'tresna', 'tresna123@gmail.com', '0858144963', 'JNE', 'OKE', '', '0', 0, 0, 200, 380000, 36000, 0, 416000, '', 0, 0, 0, 2),
(114, '2021-12-21 09:47:02', 0, 'ja;an hehaha', 14, 405, 'suprianto', 'suprianto123@gmail.com', '0858516161616', 'JNE', 'OKE', '', '0', 0, 0, 200, 380000, 39000, 0, 419000, '', 0, 0, 0, 2),
(115, '2021-12-22 02:32:20', 41, 'jalan kuta', 1, 32, 'AGUNGJAYA', 'AGUNGJAYA123@GMAIL.COM', '0878949499', 'JNE', 'REG', '', '0', 0, 0, 1, 450000, 26000, 0, 476000, '', 0, 0, 0, 2),
(116, '2021-12-22 02:38:47', 42, 'jalan bontang', 15, 89, 'SEPEDAMAKASSAR', 'SEPEDAMAKASSAR@GMAIL.COM', '0878481152', 'POS', 'Paket_Kilat_Khusus', '', '0', 0, 0, 1, 450000, 50000, 0, 500000, '', 0, 0, 0, 2),
(117, '2021-12-22 03:23:39', 42, 'jalan bontang', 15, 89, 'SEPEDAMAKASSAR', 'SEPEDAMAKASSAR@GMAIL.COM', '0878481152', 'POS', 'Paket_Kilat_Khusus', '', '0', 0, 0, 1, 450000, 50000, 0, 500000, '', 0, 0, 0, 2),
(118, '2021-12-24 02:55:27', 42, 'jalan bontang', 15, 89, 'SEPEDAMAKASSAR', 'SEPEDAMAKASSAR@GMAIL.COM', '0878481152', 'JNE', 'OKE', '', '0', 0, 0, 1, 450000, 47000, 0, 497000, '', 0, 0, 0, 2),
(119, '2021-12-24 02:57:22', 42, 'jalan bontang', 15, 89, 'SEPEDAMAKASSAR', 'SEPEDAMAKASSAR@GMAIL.COM', '0878481152', 'JNE', 'OKE', '', '0', 0, 0, 1, 450000, 47000, 0, 497000, '', 0, 0, 0, 2),
(120, '2021-12-24 03:05:32', 42, 'jalan bontang', 15, 89, 'SEPEDAMAKASSAR', 'SEPEDAMAKASSAR@GMAIL.COM', '0878481152', 'JNE', 'REG', '', '0', 0, 0, 1, 450000, 50000, 0, 500000, '', 0, 0, 0, 2),
(121, '2021-12-24 03:09:29', 43, 'tatata', 19, 14, 'YONO123', 'YONO123@GMAIL.COM', '08782829009', 'TIKI', 'REG', '', '0', 0, 0, 1, 450000, 75000, 0, 525000, '', 0, 0, 0, 2),
(122, '2021-12-25 02:51:28', 5, 'JALAN AMBON MANIS NO 1111', 19, 14, 'ADRIELEDGARD123', 'ADRIELEDGARD12345@GMAIL.COM', '0878612121', 'JNE', 'OKE', '', '0', 0, 0, 505, 2700000, 65000, 0, 2765000, '', 0, 0, 0, 2),
(123, '2021-12-25 02:52:49', 5, 'JALAN AMBON MANIS NO 1111', 19, 14, 'ADRIELEDGARD123', 'ADRIELEDGARD12345@GMAIL.COM', '0878612121', 'POS', 'Paket_Kilat_Khusus', '', '0', 0, 0, 405, 2510000, 69000, 0, 2579000, '', 0, 0, 0, 0),
(124, '2021-12-30 07:55:14', 5, 'jalan sungai saddang baru lr mumin II no 3', 28, 95, 'ADRIELEDGARD123', 'ADRIELEDGARD12345@GMAIL.COM', '0878612121', 'JNE', 'OKE', '', '0', 0, 0, 202, 1280000, 44000, 0, 1324000, '', 0, 0, 0, 2),
(125, '2022-01-05 06:13:30', 5, 'JALAN AMBON MANIS NO 1111', 19, 14, 'ADRIELEDGARD123', 'ADRIELEDGARD12345@GMAIL.COM', '0878612121', 'TIKI', 'REG', '', '0', 0, 0, 202, 1380000, 75000, 0, 1455000, '', 0, 0, 0, 2),
(126, '2022-01-05 06:33:56', 5, 'JALAN AMBON MANIS NO 1111', 19, 14, 'ADRIELEDGARD123', 'ADRIELEDGARD12345@GMAIL.COM', '0878612121', 'JNE', 'OKE', '', '0', 0, 0, 1900, 3610000, 130000, 0, 3740000, '', 0, 0, 0, 2),
(127, '2022-01-05 07:17:23', 5, 'JALAN AMBON MANIS NO 1111', 19, 14, 'ADRIELEDGARD123', 'ADRIELEDGARD12345@GMAIL.COM', '0878612121', 'JNE', 'OKE', '', '0', 0, 0, 100, 190000, 65000, 0, 255000, '', 0, 0, 0, 2),
(128, '2022-01-03 15:30:00', 5, 'JALAN AMBON MANIS NO 1111', 19, 14, 'ADRIELEDGARD123', 'ADRIELEDGARD12345@GMAIL.COM', '0878612121', 'JNE', 'OKE', '', '0', 0, 0, 2000, 3800000, 130000, 0, 3930000, '', 0, 0, 0, 0),
(129, '2022-01-03 15:19:15', 5, 'jalan ngagel madya V no 89', 11, 444, 'ADRIELEDGARD123', 'ADRIELEDGARD12345@GMAIL.COM', '0878612121', 'JNE', 'CTC', '', '0', 0, 0, 2000, 3800000, 14000, 0, 3814000, '', 0, 0, 0, 0),
(130, '2022-01-05 07:41:51', 5, 'jalan sungai saddang baru lr mumin II no 3', 28, 95, 'ADRIELEDGARD123', 'ADRIELEDGARD12345@GMAIL.COM', '0878612121', 'TIKI', 'REG', '', '0', 0, 0, 2000, 3800000, 112000, 0, 3912000, '', 0, 0, 0, 2),
(131, '2022-01-05 07:43:38', 5, 'JALAN AMBON MANIS NO 1111', 19, 14, 'ADRIELEDGARD123', 'ADRIELEDGARD12345@GMAIL.COM', '0878612121', 'JNE', 'REG', '', '0', 0, 11, 800, 1520000, 70000, 900000, 690000, '', 7, 0, 1, 3),
(132, '2022-01-05 07:50:27', 5, 'jalan sungai saddang baru lr mumin II no 3', 28, 95, 'ADRIELEDGARD123', 'ADRIELEDGARD12345@GMAIL.COM', '0878612121', 'TIKI', 'REG', '', '0', 0, 11, 2500, 4750000, 168000, 900000, 4018000, '', 7, 0, 1, 3),
(133, '2022-01-05 08:52:01', 5, 'JALAN AMBON MANIS NO 1111', 19, 14, 'ADRIELEDGARD123', 'ADRIELEDGARD12345@GMAIL.COM', '0878612121', 'JNE', 'OKE', '', '0', 0, 0, 505, 3450000, 65000, 0, 3515000, '', 7, 0, 1, 3),
(134, '2022-01-11 03:12:59', 5, 'jalan ngagel madya V no 89', 11, 444, 'ADRIELEDGARD123', 'ADRIELEDGARD12345@GMAIL.COM', '0878612121', 'JNE', 'CTC', '', '0', 0, 0, 101, 690000, 7000, 0, 697000, '', 0, 0, 0, 0),
(135, '2022-01-11 03:16:28', 5, 'JALAN AMBON MANIS NO 1111', 19, 14, 'ADRIELEDGARD123', 'ADRIELEDGARD12345@GMAIL.COM', '0878612121', 'JNE', 'OKE', '', '0', 0, 0, 101, 690000, 65000, 0, 755000, '', 0, 0, 0, 0),
(136, '2022-01-11 03:27:15', 5, 'jalan ngagel madya V no 89', 11, 444, 'ADRIELEDGARD123', 'ADRIELEDGARD12345@GMAIL.COM', '0878612121', 'JNE', 'CTC', '', '0', 0, 0, 101, 690000, 7000, 0, 697000, '', 0, 0, 0, 0),
(137, '2022-01-11 03:29:05', 5, 'JALAN AMBON MANIS NO 1111', 19, 14, 'ADRIELEDGARD123', 'ADRIELEDGARD12345@GMAIL.COM', '0878612121', 'TIKI', 'REG', '', '0', 0, 0, 101, 690000, 75000, 0, 765000, '', 0, 0, 0, 2),
(138, '2022-01-11 03:29:56', 5, 'jalan sungai saddang baru lr mumin II no 3', 28, 95, 'ADRIELEDGARD123', 'ADRIELEDGARD12345@GMAIL.COM', '0878612121', 'JNE', 'OKE', '', '0', 0, 0, 101, 690000, 44000, 0, 734000, '', 0, 0, 0, 2),
(139, '2022-01-11 03:37:41', 5, 'jalan ngagel madya V no 89', 11, 444, 'ADRIELEDGARD123', 'ADRIELEDGARD12345@GMAIL.COM', '0878612121', 'POS', 'Paket_Kilat_Khusus', '', '0', 0, 0, 101, 690000, 7000, 0, 697000, '', 0, 0, 0, 2),
(140, '2022-01-11 03:45:08', 5, 'jalan ngagel madya V no 89', 11, 444, 'ADRIELEDGARD123', 'ADRIELEDGARD12345@GMAIL.COM', '0878612121', 'JNE', 'CTC', '', '0', 0, 0, 202, 1380000, 7000, 0, 1387000, '', 0, 0, 0, 0),
(141, '2022-01-11 03:49:32', 5, 'jalan ngagel madya V no 89', 11, 444, 'ADRIELEDGARD123', 'ADRIELEDGARD12345@GMAIL.COM', '0878612121', 'POS', 'Paket_Kilat_Khusus', '', '0', 0, 0, 202, 1380000, 7000, 0, 1387000, '', 0, 0, 0, 0),
(142, '2022-01-11 03:52:27', 5, 'jalan ngagel madya V no 89', 11, 444, 'ADRIELEDGARD123', 'ADRIELEDGARD12345@GMAIL.COM', '0878612121', 'JNE', 'CTC', '', '0', 0, 0, 404, 2760000, 7000, 0, 2767000, '', 0, 0, 0, 0),
(143, '2022-01-11 04:04:03', 5, 'jalan sungai saddang baru lr mumin II no 3', 28, 95, 'ADRIELEDGARD123', 'ADRIELEDGARD12345@GMAIL.COM', '0878612121', 'POS', 'Paket_Kilat_Khusus', '', '0', 0, 0, 101, 690000, 48000, 0, 738000, '', 0, 0, 0, 0),
(144, '2022-01-11 04:13:22', 5, 'JALAN AMBON MANIS NO 1111', 19, 14, 'ADRIELEDGARD123', 'ADRIELEDGARD12345@GMAIL.COM', '0878612121', 'JNE', 'OKE', '', '0', 0, 0, 101, 690000, 65000, 0, 755000, '', 0, 0, 0, 0),
(145, '2022-01-11 04:15:18', 5, 'JALAN AMBON MANIS NO 1111', 19, 14, 'ADRIELEDGARD123', 'ADRIELEDGARD12345@GMAIL.COM', '0878612121', 'JNE', 'REG', '', '0', 0, 0, 100, 190000, 70000, 0, 260000, '', 0, 0, 0, 0),
(146, '2022-01-11 04:16:34', 5, 'jalan ngagel madya V no 89', 11, 444, 'ADRIELEDGARD123', 'ADRIELEDGARD12345@GMAIL.COM', '0878612121', 'POS', 'Paket_Kilat_Khusus', '', '0', 0, 0, 100, 190000, 7000, 0, 197000, '', 0, 0, 0, 0),
(147, '2022-01-11 04:18:05', 5, 'JALAN AMBON MANIS NO 1111', 19, 14, 'ADRIELEDGARD123', 'ADRIELEDGARD12345@GMAIL.COM', '0878612121', 'JNE', 'OKE', '', '0', 0, 0, 100, 190000, 65000, 0, 255000, '', 0, 0, 0, 0),
(148, '2022-01-11 04:20:03', 5, 'JALAN AMBON MANIS NO 1111', 19, 14, 'ADRIELEDGARD123', 'ADRIELEDGARD12345@GMAIL.COM', '0878612121', 'JNE', 'OKE', '', '0', 0, 0, 100, 190000, 65000, 0, 255000, '', 0, 0, 0, 0),
(149, '2022-01-11 04:35:09', 5, 'JALAN AMBON MANIS NO 1111', 19, 14, 'ADRIELEDGARD123', 'ADRIELEDGARD12345@GMAIL.COM', '0878612121', 'POS', 'Paket_Kilat_Khusus', '', '0', 0, 0, 100, 190000, 69000, 0, 259000, '', 0, 0, 0, 0),
(150, '2022-01-13 04:04:31', 5, 'JALAN AMBON MANIS NO 1111', 19, 14, 'ADRIELEDGARD123', 'ADRIELEDGARD12345@GMAIL.COM', '0878612121', 'JNE', 'REG', '', '0', 0, 10, 100, 190000, 70000, 50000, 210000, '', 0, 0, 0, 0),
(151, '2022-01-13 04:28:05', 5, 'JALAN AMBON MANIS NO 1111', 19, 14, 'ADRIELEDGARD123', 'ADRIELEDGARD12345@GMAIL.COM', '0878612121', 'JNE', 'OKE', '', '0', 0, 21, 100, 190000, 65000, 10000, 245000, '', 0, 0, 0, 0),
(152, '2022-01-11 13:06:47', 5, 'JALAN AMBON MANIS NO 1111', 19, 14, 'ADRIELEDGARD123', 'ADRIELEDGARD12345@GMAIL.COM', '0878612121', 'JNE', 'OKE', '', '0', 0, 21, 100, 190000, 65000, 10000, 245000, '', 0, 0, 0, 0),
(153, '2022-01-24 03:35:26', 0, 'jalan bantul no 123', 5, 39, 'Hinata', 'hinata123@gmail.com', '087848580994', 'JNE', 'OKE', '', '0', 0, 0, 1, 500000, 12000, 0, 512000, '', 0, 0, 0, 2),
(154, '2022-01-24 04:02:48', 5, 'JALAN AMBON MANIS NO 1111', 19, 14, 'ADRIELEDGARD123', 'ADRIELEDGARD12345@GMAIL.COM', '0878612121', 'JNE', 'REG', '', '0', 0, 0, 100, 190000, 70000, 0, 260000, '', 0, 0, 0, 2),
(155, '2022-01-24 04:24:29', 5, 'jalan ngagel madya V no 89', 11, 444, 'ADRIELEDGARD123', 'ADRIELEDGARD12345@GMAIL.COM', '0878612121', 'TIKI', 'REG', '', '0', 0, 0, 100, 190000, 7000, 0, 197000, '', 0, 0, 0, 2),
(156, '2022-01-24 04:47:15', 5, 'JALAN AMBON MANIS NO 1111', 19, 14, 'ADRIELEDGARD123', 'ADRIELEDGARD12345@GMAIL.COM', '0878612121', 'JNE', 'OKE', '', '0', 0, 0, 304, 1608000, 65000, 0, 1673000, '', 0, 0, 0, 0),
(157, '2022-01-24 05:01:41', 5, 'jalan sungai saddang baru lr mumin II no 3', 28, 95, 'ADRIELEDGARD123', 'ADRIELEDGARD12345@GMAIL.COM', '0878612121', 'JNE', 'REG', '', '0', 0, 10, 102, 709000, 48000, 50000, 707000, '', 0, 0, 0, 2),
(158, '2022-02-23 11:33:45', 5, 'JALAN AMBON MANIS NO 1111', 19, 14, 'ADRIELEDGARD123', 'ADRIELEDGARD12345@GMAIL.COM', '0878612121', 'JNE', 'OKE', '', '0', 0, 0, 402, 1159000, 65000, 0, 1224000, '', 0, 0, 0, 2),
(159, '2022-02-23 11:37:53', 5, 'JALAN AMBON MANIS NO 1111', 19, 14, 'ADRIELEDGARD123', 'ADRIELEDGARD12345@GMAIL.COM', '0878612121', 'JNE', 'REG', '', '0', 0, 10, 302, 969000, 70000, 50000, 989000, '', 0, 0, 0, 2),
(160, '2022-02-23 11:38:52', 5, 'jalan sungai saddang baru lr mumin II no 3', 28, 95, 'ADRIELEDGARD123', 'ADRIELEDGARD12345@GMAIL.COM', '0878612121', 'JNE', 'OKE', '', '0', 0, 10, 302, 969000, 44000, 50000, 963000, 'JP5148246775', 7, 7, 0, 5),
(161, '2022-02-23 11:41:50', 44, 'jalan nasi padang no 123', 32, 318, 'JWUYSAN', 'JWUYSAN@GMAIL.COM', '08784808099', 'JNE', 'OKE', '', '0', 0, 0, 1, 169000, 45000, 0, 214000, 'JP5148246775', 7, 7, 0, 5),
(200, '2022-02-23 11:44:12', 44, 'jalan nasi padang no 123', 32, 318, 'JWUYSAN', 'JWUYSAN@GMAIL.COM', '08784808099', 'POS', 'Paket_Kilat_Khusus', '', '0', 0, 0, 1, 169000, 47000, 0, 216000, '', 0, 0, 0, 1),
(201, '2022-02-23 12:26:41', 44, 'jalan nasi padang no 123', 32, 318, 'JWUYSAN', 'JWUYSAN@GMAIL.COM', '08784808099', 'TIKI', 'ECO', '', '0', 0, 0, 1, 169000, 33000, 0, 202000, '15818580880', 7, 7, 1, 5),
(202, '2022-02-23 22:00:50', 31, 'hahaha', 1, 128, 'YESICA', 'YESICA123@GMAIL.COM', '0878080809', 'JNE', 'OKE', '', '0', 0, 0, 10, 1690000, 20000, 0, 1710000, '1244131131', 7, 7, 0, 5),
(203, '2022-02-25 00:24:12', 5, 'JALAN AMBON MANIS NO 1111', 19, 14, 'ADRIELEDGARD123', 'ADRIELEDGARD12345@GMAIL.COM', '0878612121', 'POS', 'Paket_Kilat_Khusus', '', '0', 0, 0, 302, 969000, 69000, 0, 1038000, '', 0, 0, 0, 0),
(204, '2022-03-18 00:47:56', 5, 'JALAN AMBON MANIS NO 1111', 19, 14, 'ADRIELEDGARD123', 'ADRIELEDGARD12345@GMAIL.COM', '0878612121', 'JNE', 'OKE', '', '0', 0, 0, 404, 1638000, 65000, 0, 1703000, 'JP4760224851', 7, 7, 0, 5),
(205, '2022-03-21 02:42:20', 0, 'jalan kintan no 12', 32, 12, 'Adriel Edgard Harjono', 'adrieledgard12345@gmail.com', '087842071634', 'JNE', 'OKE', '', '0', 0, 0, 12001, 18169000, 600000, 0, 18769000, '', 0, 0, 0, 1),
(988, '2022-03-21 02:42:48', 0, 'jalan kintan no 12', 32, 12, 'Adriel Edgard Harjono', 'adrieledgard12345@gmail.com', '087842071634', 'JNE', 'OKE', '', '0', 0, 0, 12001, 18169000, 600000, 0, 18769000, '', 0, 0, 0, 1),
(989, '2022-03-21 02:45:12', 5, 'JALAN AMBON MANIS NO 1111', 19, 14, 'ADRIELEDGARD123', 'ADRIELEDGARD12345@GMAIL.COM', '0878612121', 'JNE', 'OKE', '', '0', 0, 0, 23300, 213550000, 1495000, 0, 215045000, '', 0, 0, 0, 0),
(990, '2022-03-21 02:53:02', 0, 'Jl. KH. Agus Salim No.80', 28, 38, 'Adriel Edgard Harjono', 'adrieledgard12345@gmail.com', '087842071634', 'JNE', 'OKE', '', '0', 0, 0, 100, 150000, 44000, 0, 194000, '', 0, 0, 0, 1),
(991, '2022-03-21 02:53:03', 0, 'Jl. KH. Agus Salim No.80', 28, 38, 'Adriel Edgard Harjono', 'adrieledgard12345@gmail.com', '087842071634', 'JNE', 'OKE', '', '0', 0, 0, 100, 150000, 44000, 0, 194000, '', 0, 0, 0, 1),
(992, '2022-03-21 02:53:07', 0, 'Jl. KH. Agus Salim No.80', 28, 38, 'Adriel Edgard Harjono', 'adrieledgard12345@gmail.com', '087842071634', 'JNE', 'OKE', '', '0', 0, 0, 100, 150000, 44000, 0, 194000, '', 0, 0, 0, 1),
(993, '2022-03-21 02:53:08', 0, 'Jl. KH. Agus Salim No.80', 28, 38, 'Adriel Edgard Harjono', 'adrieledgard12345@gmail.com', '087842071634', 'JNE', 'OKE', '', '0', 0, 0, 100, 150000, 44000, 0, 194000, '', 0, 0, 0, 1),
(994, '2022-03-21 02:53:08', 0, 'Jl. KH. Agus Salim No.80', 28, 38, 'Adriel Edgard Harjono', 'adrieledgard12345@gmail.com', '087842071634', 'JNE', 'OKE', '', '0', 0, 0, 100, 150000, 44000, 0, 194000, '', 0, 0, 0, 1),
(995, '2022-03-21 02:53:08', 0, 'Jl. KH. Agus Salim No.80', 28, 38, 'Adriel Edgard Harjono', 'adrieledgard12345@gmail.com', '087842071634', 'JNE', 'OKE', '', '0', 0, 0, 100, 150000, 44000, 0, 194000, '', 0, 0, 0, 1),
(996, '2022-03-21 02:53:08', 0, 'Jl. KH. Agus Salim No.80', 28, 38, 'Adriel Edgard Harjono', 'adrieledgard12345@gmail.com', '087842071634', 'JNE', 'OKE', '', '0', 0, 0, 100, 150000, 44000, 0, 194000, '', 0, 0, 0, 1),
(997, '2022-03-25 13:04:21', 5, 'jalan ngagel madya V no 89', 11, 444, 'ADRIELEDGARD123', 'ADRIELEDGARD12345@GMAIL.COM', '0878612121', 'JNE', 'CTCYES', '', '0', 0, 10, 1301, 2699000, 20000, 50000, 2669000, '10595909958959', 7, 7, 1, 5),
(998, '2022-03-25 13:18:29', 5, 'JALAN AMBON MANIS NO 1111', 19, 14, 'ADRIELEDGARD123', 'ADRIELEDGARD12345@GMAIL.COM', '0878612121', 'JNE', 'OKE', '', '0', 0, 0, 1000, 2000000, 65000, 0, 2065000, 'JP9440626886', 7, 7, 0, 5),
(1500, '2022-04-03 12:19:37', 47, 'jalan ternate no 11', 28, 254, 'PONIPONI', 'PONI123@GMAIL.COM', '087848099475', 'JNE', 'OKE', '', '0', 0, 0, 300, 450000, 36000, 0, 486000, '', 0, 0, 0, 2),
(2002, '2022-04-03 12:44:24', 50, 'jalan kuta123', 1, 114, 'YESYES', 'YESYES123@GMAIL.COM', '087844809442', 'POS', 'Paket_Kilat_Khusus', '', '', 0, 0, 10, 1690000, 19000, 0, 1709000, '', 0, 0, 0, 2),
(2003, '2022-04-03 13:23:36', 51, 'jalan hasanuddin no 123', 3, 106, 'OPIK', 'OPIK123@GMAIL.COM', '0878484099', 'JNE', 'OKE', 'aaaa', 'vvv', 0, 0, 200, 380000, 16000, 0, 396000, '', 0, 0, 0, 2),
(2004, '2022-04-03 23:57:51', 52, 'batang hari', 8, 50, 'LALA', 'LALALA@GMAIL.COM', '087848500654', 'JNE', 'OKE', '', '', 0, 0, 1, 169000, 43000, 0, 212000, '', 0, 0, 0, 2),
(2005, '2022-04-04 00:07:39', 53, 'jalan trisakti no 89', 3, 456, 'WIRIAWAN', 'WIRIAWAN@GMAIL.COM', '08784562123', 'JNE', 'OKE', 'aaaa', 'vvv', 0, 0, 1, 169000, 15000, 0, 184000, '', 0, 0, 0, 2),
(2006, '2022-04-04 00:10:50', 54, 'jalan bali zoo', 1, 114, 'TRSITAR', 'TRISTAR123@GMAIL.COM', '087845095909', 'JNE', 'OKE', '', '', 0, 0, 1, 169000, 16000, 0, 185000, '', 0, 0, 0, 2),
(2007, '2022-04-04 00:14:20', 55, 'jl. saputra no 123', 7, 130, 'ELANGJAYA', 'ELANGJAYA123@GMAIL.COM', '08784840999', 'POS', 'Paket_Kilat_Khusus', '8dppa1aa94atv', 'LINK-38', 0, 0, 1, 169000, 66500, 0, 235500, '', 0, 0, 0, 2),
(2008, '2022-04-04 00:17:07', 56, 'jalan kk indonesia', 17, 48, 'JIAHUN', 'JIAHUN@GMAIL.COM', '08784840940', 'POS', 'Paket_Kilat_Khusus', '8dppa1aa94atv', 'LINK-38', 0, 0, 2, 338000, 32300, 0, 370300, '', 0, 0, 0, 2),
(2009, '2022-04-08 15:16:07', 5, 'JALAN AMBON MANIS NO 1111', 19, 14, 'ADRIELEDGARD123', 'ADRIELEDGARD12345@GMAIL.COM', '0878612121', 'JNE', 'OKE', '', '', 0, 0, 1000, 2000000, 65000, 0, 2065000, '1234', 7, 7, 0, 5),
(2010, '2022-04-08 16:05:02', 57, 'Kota jambi', 8, 156, 'YOITS', 'YOITS@GMAIL.COM', '0878484849049', 'POS', 'Paket_Kilat_Khusus', '8dppa1aa94atv', 'EBOOK-2', 0, 0, 3, 1500000, 38000, 0, 1538000, '', 0, 0, 0, 2),
(2011, '2022-04-08 16:12:03', 58, 'pantai', 1, 17, 'CIKAAYU', 'CIKAAYU@GMAIL.COM', '0878584189', 'JNE', 'REG', '8dppa1aa94atv', 'EMBED-38', 0, 0, 100, 190000, 26000, 0, 216000, '', 0, 0, 0, 2),
(2012, '2022-04-08 17:07:44', 59, 'jalan hahahaha', 11, 75, 'YOPHIE', 'YOPHIE@GMAIL.COM', '087948494949', 'JNE', 'OKE', '8dppa1aa94atv', '', 0, 0, 100, 190000, 7000, 0, 197000, '', 0, 0, 0, 2),
(2013, '2022-04-13 12:34:33', 62, 'pantai kuta no 123', 1, 17, 'GINAWATI', 'GINA1A2345@GMAIL.COM', '08785199599', 'JNE', 'OKE', '8dppa1aa94atv', 'LINK-39', 0, 0, 1, 350000, 20000, 0, 370000, '', 0, 0, 0, 2),
(2014, '2022-04-13 12:37:21', 62, 'pantai kuta no 123', 1, 17, 'GINAWATI', 'GINA1A2345@GMAIL.COM', '08785199599', 'JNE', 'REG', '8dppa1aa94atv', 'LINK-39', 0, 0, 1, 350000, 26000, 0, 376000, '', 0, 0, 0, 2),
(2015, '2022-04-13 13:03:46', 41, 'jalan kuta', 1, 32, 'AGUNGJAYA', 'AGUNGJAYA123@GMAIL.COM', '0878949499', 'JNE', 'OKE', '8dppa1aa94atv', '0', 0, 0, 1, 500000, 20000, 0, 520000, '', 0, 0, 0, 5),
(2016, '2022-04-13 13:06:22', 30, 'hahahaha', 32, 116, 'JENNIFERWUY', 'JENNWUY7@GMAIL.COM', '08780808080', 'JNE', 'OKE', '', '', 0, 0, 100, 190000, 50000, 0, 240000, '12345', 26, 26, 0, 5),
(2017, '2022-04-30 14:33:06', 63, 'salam dari binjai', 34, 70, 'LOLYPOP', 'LOLYPOP@GMAIL.COM', '0878481229', 'JNE', 'OKE', '', '', 0, 0, 100, 180000, 47000, 0, 227000, '', 0, 0, 0, 2),
(2018, '2022-04-30 14:42:55', 64, 'rans cilegon', 3, 106, 'REWA123', 'REWA123@GMAIL.COM', '087849499', 'JNE', 'OKE', '', '', 0, 0, 100, 180000, 16000, 0, 196000, '', 0, 0, 0, 2),
(2019, '2022-04-30 14:50:36', 65, 'banjar', 9, 34, 'PINDANG', 'PINDANG@GMAIL.COM', '0878149499', 'JNE', 'REG', '8dppa1aa94atv', 'LINK-40', 0, 0, 100, 180000, 26000, 0, 206000, '', 0, 0, 0, 2),
(2020, '2022-04-30 17:50:36', 33, 'jalan hehehe', 19, 99, 'IDASATRIA', 'IDASAT123@GMAIL.COM', '087804804', 'JNE', 'REG', '', '', 0, 0, 1, 500000, 86000, 0, 586000, '', 0, 0, 0, 2),
(2021, '2022-05-05 20:57:39', 5, 'JALAN AMBON MANIS NO 1111', 19, 14, 'ADRIELEDGARD', 'ADRIELEDGARD12345@GMAIL.COM', '08784841009', 'TIKI', 'REG', '', '', 0, 0, 534, 12478000, 75000, 0, 12553000, '', 0, 0, 0, 0),
(2022, '2022-05-08 16:56:31', 0, 'Jl.ternate', 28, 38, 'Adriel Edgard Harjono', 'adrieledgard12345@gmail.com', '088426262', 'POS', 'Paket_Kilat_Khusus', '', '', 0, 0, 100, 150000, 50000, 0, 200000, '', 0, 0, 0, 1),
(2023, '2022-05-08 16:56:32', 0, 'Jl.ternate', 28, 38, 'Adriel Edgard Harjono', 'adrieledgard12345@gmail.com', '088426262', 'POS', 'Paket_Kilat_Khusus', '', '', 0, 0, 100, 150000, 50000, 0, 200000, '', 0, 0, 0, 1),
(2024, '2022-05-08 16:56:55', 0, 'Jl.ternate', 28, 38, 'Adriel Edgard Harjono', 'adrieledgard12345@gmail.com', '088426262', 'POS', 'Paket_Kilat_Khusus', '', '', 0, 0, 100, 150000, 50000, 0, 200000, '', 0, 0, 0, 1),
(2025, '2022-05-08 16:56:55', 0, 'Jl.ternate', 28, 38, 'Adriel Edgard Harjono', 'adrieledgard12345@gmail.com', '088426262', 'POS', 'Paket_Kilat_Khusus', '', '', 0, 0, 100, 150000, 50000, 0, 200000, '', 0, 0, 0, 1),
(2026, '2022-05-08 16:56:56', 0, 'Jl.ternate', 28, 38, 'Adriel Edgard Harjono', 'adrieledgard12345@gmail.com', '088426262', 'POS', 'Paket_Kilat_Khusus', '', '', 0, 0, 100, 150000, 50000, 0, 200000, '', 0, 0, 0, 1),
(2027, '2022-05-08 16:56:56', 0, 'Jl.ternate', 28, 38, 'Adriel Edgard Harjono', 'adrieledgard12345@gmail.com', '088426262', 'POS', 'Paket_Kilat_Khusus', '', '', 0, 0, 100, 150000, 50000, 0, 200000, '', 0, 0, 0, 1),
(2028, '2022-05-08 16:56:56', 0, 'Jl.ternate', 28, 38, 'Adriel Edgard Harjono', 'adrieledgard12345@gmail.com', '088426262', 'POS', 'Paket_Kilat_Khusus', '', '', 0, 0, 100, 150000, 50000, 0, 200000, '', 0, 0, 0, 1),
(2029, '2022-05-08 18:27:36', 5, 'JALAN AMBON MANIS NO 1111', 19, 14, 'ADRIELEDGARD', 'ADRIELEDGARD12345@GMAIL.COM', '08784841009', 'TIKI', 'REG', '', '', 0, 0, 12, 4200000, 75000, 0, 4275000, '', 0, 0, 0, 2),
(2030, '2022-05-08 18:34:34', 66, 'jalan bengkulu no 124', 4, 62, 'TIARA123', 'TIARA123@GMAIL.COM', '0874849199', 'TIKI', 'ECO', '8dppa1aa94atv', 'EBOOK-2', 0, 0, 100, 180000, 32000, 0, 212000, '', 0, 0, 0, 2),
(2031, '2022-05-08 18:37:06', 66, 'jalan bengkulu no 124', 4, 62, 'TIARA123', 'TIARA123@GMAIL.COM', '0874849199', 'JNE', 'OKE', '', '', 0, 0, 100, 180000, 43000, 0, 223000, '', 0, 0, 0, 2),
(2032, '2022-05-08 20:31:22', 67, 'rungkut', 11, 444, 'TREX', 'TREXGAG@GMAIL.COM', '08784515222', 'JNE', 'CTCYES', '8dppa1aa94atv', 'EBOOK-2', 0, 0, 1, 169000, 10000, 0, 179000, '', 0, 0, 0, 2),
(2033, '2022-05-08 23:40:41', 68, 'adada', 1, 114, 'PLUFFY', 'PLUFFY123@GMAIL.COM', '0879826299', 'POS', 'Paket_Kilat_Khusus', '59sga1029eerb', 'EBOOK-1', 0, 0, 1, 169000, 19000, 0, 188000, '', 0, 0, 0, 2),
(2034, '2022-05-09 00:40:48', 27, 'www', 34, 15, 'NURAISYAH', 'NURAISYAH123@GMAIL.COM', '08784080999', 'JNE', 'REG', '', '', 0, 0, 12412, 22840000, 663000, 0, 23503000, '', 0, 0, 0, 2),
(2035, '2022-05-09 00:41:35', 0, 'halo halo', 33, 40, 'opik', 'opik123@gmail.com', '08748889099', 'JNE', 'REG', '', '', 0, 0, 100, 150000, 46000, 0, 196000, '', 0, 0, 0, 1),
(2036, '2022-05-09 00:41:39', 0, 'halo halo', 33, 40, 'opik', 'opik123@gmail.com', '08748889099', 'JNE', 'REG', '', '', 0, 0, 100, 150000, 46000, 0, 196000, '', 0, 0, 0, 1),
(2037, '2022-05-09 00:42:12', 0, 'halo halo', 33, 40, 'opik', 'adrielrawmeal1@gmail.com', '08748889099', 'JNE', 'REG', '', '', 0, 0, 100, 150000, 46000, 0, 196000, '', 0, 0, 0, 1),
(2038, '2022-05-09 00:42:17', 0, 'halo halo', 33, 40, 'opik', 'adrielrawmeal2@gmail.com', '08748889099', 'JNE', 'REG', '', '', 0, 0, 100, 150000, 46000, 0, 196000, '', 0, 0, 0, 1),
(2039, '2022-05-09 00:42:23', 0, 'halo halo', 33, 40, 'opik', 'adrielrawmeal3@gmail.com', '08748889099', 'JNE', 'REG', '', '', 0, 0, 100, 150000, 46000, 0, 196000, '', 0, 0, 0, 1),
(2040, '2022-05-09 00:42:23', 0, 'halo halo', 33, 40, 'opik', 'adrielrawmeal4@gmail.com', '08748889099', 'JNE', 'REG', '', '', 0, 0, 100, 150000, 46000, 0, 196000, '', 0, 0, 0, 1),
(2041, '2022-05-09 00:42:24', 0, 'halo halo', 33, 40, 'opik', 'adrielrawmeal5@gmail.com', '08748889099', 'JNE', 'REG', '', '', 0, 0, 100, 150000, 46000, 0, 196000, '', 0, 0, 0, 1),
(2042, '2022-05-09 00:42:24', 0, 'halo halo', 33, 40, 'opik', 'adrielrawmeal6@gmail.com', '08748889099', 'JNE', 'REG', '', '', 0, 0, 100, 150000, 46000, 0, 196000, '', 0, 0, 0, 1),
(2043, '2022-05-09 00:43:42', 0, 'badung', 1, 17, 'delicia', 'deliciangadimann7@gmail.com', '087840806001', 'JNE', 'REG', '', '', 0, 0, 3, 507000, 26000, 0, 533000, '', 0, 0, 0, 1),
(2044, '2022-05-09 02:21:18', 0, 'jalan agam', 32, 12, 'embedcoba', 'uuuu@gmail.com', '087484122929', 'JNE', 'OKE', '', '', 0, 0, 2400, 4800000, 150000, 0, 4950000, '', 0, 0, 0, 1),
(2045, '2022-05-09 02:30:25', 71, 'hahaah', 13, 18, 'HOANTO', 'HOANTO12@GMAIL.COM', '0878415166', 'JNE', 'OKE', '59sga1029eerb', 'EMBED-39', 0, 0, 100, 150000, 34000, 0, 184000, '', 0, 0, 0, 2),
(2046, '2022-05-09 12:57:01', 0, 'malang raya', 11, 255, 'tini', 'tiniiiiii@gmail.com', '0814336366', 'POS', 'Paket_Kilat_Khusus', '', '', 0, 0, 100, 150000, 8000, 0, 158000, '', 0, 0, 0, 1),
(2047, '2022-05-09 14:29:14', 0, 'buleleng', 1, 94, 'itra', 'adrielkomyes1@gmail.com', '0878412561666', 'JNE', 'REG', '', '', 0, 0, 200, 300000, 32000, 0, 332000, '', 0, 0, 0, 1),
(2048, '2022-05-09 14:54:33', 0, 'buleleng', 1, 94, 'itra', 'adrielkomyes2@gmail.com', '0878412561666', 'JNE', 'REG', '', '', 0, 0, 200, 300000, 32000, 0, 332000, '', 0, 0, 0, 1),
(2049, '2022-05-09 15:00:11', 5, 'JALAN AMBON MANIS NO 1111', 19, 14, 'ADRIELEDGARD', 'ADRIELEDGARD12345@GMAIL.COM', '08784841009', 'JNE', 'REG', '', '', 0, 0, 12, 4200000, 70000, 0, 4270000, '', 0, 0, 0, 2),
(2050, '2022-05-09 15:12:26', 0, 'adadad', 33, 40, 'pola', 'generasisb301@gmail.com', '087846595959', 'JNE', 'REG', '', '', 0, 0, 100, 150000, 46000, 0, 196000, '', 0, 0, 0, 1),
(2051, '2022-05-09 15:13:33', 0, 'maluku', 20, 138, 'kitra', 'generasisb302@gmail.com', '08756209909965', 'JNE', 'OKE', '', '', 0, 0, 200, 300000, 83000, 0, 383000, '', 0, 0, 0, 1),
(2052, '2022-05-09 15:50:30', 0, 'banjarnegara', 10, 37, 'yoko', 'generasisb303@gmail.com', '0884900999', 'JNE', 'OKE', '8dppa1aa94atv', 'EBOOK-1', 4, 0, 300, 450000, 16000, 0, 466000, '', 0, 0, 0, 2),
(2053, '2022-05-09 18:27:37', 0, 'jalan himalaya no 123', 33, 40, 'kristopher', 'kris123@gmail.com', '087885099004', 'JNE', 'OKE', '', '', 0, 0, 100, 180000, 42000, 0, 222000, '', 0, 0, 0, 2),
(2054, '2022-05-09 18:40:20', 0, 'malanga', 11, 255, 'Ustrat', 'bukusuccessbefore301@gmail.com', '087558004920', 'JNE', 'OKE', '', '', 0, 0, 100, 180000, 7000, 0, 187000, '', 7, 0, 0, 3),
(2055, '2022-05-09 19:17:14', 0, 'nias', 34, 310, 'adriel', 'adrieledgard12345@gmail.com', '08485190950906', 'POS', 'Paket_Kilat_Khusus', '', '', 0, 0, 1, 169000, 53000, 0, 222000, '', 0, 0, 0, 2),
(2056, '2022-05-09 19:20:48', 0, 'ambonnnn', 19, 14, 'opik', 'poapdkpa@gmail.com', '086500880452', 'JNE', 'REG', '', '', 0, 0, 1, 169000, 70000, 0, 239000, '', 0, 0, 0, 2),
(2057, '2022-05-09 19:25:21', 0, 'adadada', 32, 12, 'loada', 'bvaiav7a9a9@gmail.com', '08748909059406', 'JNE', 'OKE', '', '', 0, 0, 1, 169000, 50000, 0, 219000, '', 0, 0, 0, 2),
(2058, '2022-05-09 19:32:34', 0, 'gresik', 11, 133, 'tretko', 'tretkoo@gmail.com', '086520916429', 'JNE', 'REG', '8dppa1aa94atv', 'LINK-38', 0, 0, 1, 169000, 8000, 0, 177000, '', 0, 0, 0, 2),
(2059, '2022-05-09 19:34:34', 0, 'clegooo', 3, 106, 'yayan', 'yayan126@gmail.com', '08784609111455', 'JNE', 'REG', '', '', 0, 0, 1, 169000, 20000, 0, 189000, '', 0, 0, 0, 2),
(2060, '2022-05-09 19:37:11', 0, 'bangkalan', 11, 31, 'trettok 2', 'tretkoo@gmail.com', '089999620804', 'JNE', 'REG', '', '', 0, 0, 1, 169000, 8000, 0, 177000, '', 0, 0, 0, 2),
(2061, '2022-05-09 19:44:44', 0, 'jawa tengah', 5, 210, 'ojangg', 'oaia0ajaj9a@gmail.com', '08784515222', 'JNE', 'OKE', '', '', 0, 0, 1, 169000, 16000, 0, 185000, '', 0, 0, 0, 2),
(2062, '2022-05-09 19:46:57', 0, 'ambon maluku', 19, 14, 'tresssty', 'tresstty@gmail.com', '087809556603', 'JNE', 'REG', '8dppa1aa94atv', 'LINK-38', 0, 0, 1, 169000, 70000, 0, 239000, '', 0, 0, 0, 2),
(2063, '2022-05-09 19:51:32', 0, 'bantaeng', 28, 38, 'siti', 'SITINURBAYA@GMAIL.COM', '08748462095961', 'JNE', 'REG', '8dppa1aa94atv', 'LINK-38', 0, 0, 1, 169000, 48000, 0, 217000, '', 0, 0, 0, 2),
(2064, '2022-05-09 19:56:04', 0, 'pulau', 28, 408, 'jiahun', 'jiahun@gmail.com', '0870909499094', 'JNE', 'REG', '', '', 0, 0, 1, 169000, 48000, 0, 217000, '', 0, 0, 0, 2),
(2065, '2022-05-09 19:57:50', 0, 'papuaaa', 25, 449, 'jiauau', 'JIAHUN@GMAIL.COM', '0879999660994', 'JNE', 'REG', '', '', 0, 0, 1, 169000, 155000, 0, 324000, '', 0, 0, 0, 2),
(2066, '2022-05-09 19:59:59', 0, 'aaaa', 21, 1, 'lilly', 'liliiiyy64@gmail.com', '087845095909', 'JNE', 'REG', '', '', 0, 0, 1, 169000, 66000, 0, 235000, '', 0, 0, 0, 2),
(2067, '2022-05-09 20:02:59', 0, 'huhuhu', 28, 38, 'yes yes', 'yesyesyesyes@Gmail.com', '084809094946', 'JNE', 'REG', '8dppa1aa94atv', 'LINK-38', 0, 0, 1, 169000, 48000, 0, 217000, '', 7, 0, 0, 3),
(2068, '2022-05-09 20:21:34', 72, 'ytateyaj', 32, 116, 'ERLAND', 'ERLAND123@GMAIL.COM', '087125098459', 'JNE', 'REG', '8dppa1aa94atv', 'EBOOK-2', 6, 0, 100, 150000, 54000, 0, 204000, '', 0, 0, 0, 2),
(2069, '2022-05-09 22:51:44', 27, 'www', 34, 15, 'NURAISYAH', 'NURAISYAH123@GMAIL.COM', '08784080999', 'JNE', 'REG', '8DPPA1AA94ATV', '0', 0, 0, 12412, 22840000, 663000, 0, 23503000, '', 0, 0, 0, 2),
(2070, '2022-05-09 23:36:02', 0, 'solok', 32, 422, 'pirlo', 'pirlo@gmail.com', '0879990407820', 'JNE', 'REG', '8dppa1aa94atv', 'EBOOK-2', 7, 0, 100, 150000, 54000, 0, 204000, '', 0, 0, 0, 2),
(2071, '2022-05-10 00:25:56', 0, 'asmattt', 21, 1, 'itre', 'itre@gmail.com', '087510890401', 'JNE', 'REG', '8dppa1aa94atv', 'LINK-39', 0, 0, 100, 150000, 66000, 0, 216000, '', 0, 0, 0, 2);
INSERT INTO `cust_order_header` (`Id_order`, `Date_time`, `Id_member`, `Address`, `Id_province`, `Id_city`, `Name`, `Email`, `Phone`, `Courier`, `Courier_packet`, `Affiliate`, `Tracking_code`, `Id_prospect`, `Id_voucher`, `Weight`, `Gross_total`, `Shipping_cost`, `Discount`, `Grand_total`, `Receipt_number`, `Shipper`, `Resi_input_shipper`, `Printed`, `Status`) VALUES
(2072, '2022-05-10 00:28:33', 0, 'manadooo', 31, 267, 'puput', 'puputtt54@gmail.com', '0841234511250', 'JNE', 'REG', '8dppa1aa94atv', 'EBOOK-3', 8, 0, 100, 190000, 72000, 0, 262000, '', 0, 0, 0, 2),
(2073, '2022-05-10 00:30:53', 0, 'aceheh', 21, 1, 'asong', 'asongg2@gmail.com', '0814750063949', 'JNE', 'OKE', '8dppa1aa94atv', 'EMBED-40', 10, 0, 400, 760000, 62000, 0, 822000, '', 0, 0, 0, 2),
(2074, '2022-05-10 15:09:04', 0, 'asmatt', 24, 16, 'yono', 'yono123@gmail.com', '08704123459', 'JNE', 'REG', '', '', 0, 0, 100, 150000, 131000, 0, 281000, '', 0, 0, 0, 2),
(2075, '2022-05-10 15:20:48', 0, 'Komp.asia megamas H-12 , Medan', 34, 278, 'Jonathan', 'nathzsv@gmail.com', '0819615588', 'TIKI', 'REG', '', '', 0, 0, 100, 150000, 45000, 0, 195000, '', 0, 0, 0, 2),
(2076, '2022-05-10 15:24:25', 0, 'Jl. Sukamanah V no.26/24. RT/RW 002/002. Kel Sukasari', 3, 106, 'Dea Zulfikar,  Agam', 'dea3455@gmail.com', '0818333095', 'TIKI', 'ECO', '', '', 0, 0, 100, 150000, 20000, 0, 170000, '', 0, 0, 0, 2),
(2077, '2022-05-10 15:51:53', 0, 'kabupaten bantulll', 5, 39, 'kitrasaputra', 'kitrasaputra123@gmail.com', '08709594413', 'JNE', 'REG', '', '', 0, 0, 600, 1140000, 15000, 0, 1155000, '', 7, 0, 0, 3),
(2078, '2022-05-10 15:56:51', 0, 'bantul selatan', 5, 39, 'yonta', 'yonta123', '080125909442', 'JNE', 'REG', '', '', 0, 0, 5400, 10260000, 90000, 0, 10350000, '', 0, 0, 0, 1),
(2079, '2022-05-10 15:57:07', 0, 'bantul selatan', 5, 39, 'yonta', 'yonta123', '080125909442', 'JNE', 'REG', '', '', 0, 0, 5400, 10260000, 90000, 0, 10350000, '', 0, 0, 0, 1),
(2080, '2022-05-10 16:01:46', 0, 'jalan kemayoran no 123', 6, 152, 'ersan', 'ersan123@gmail.com', '08782099041', 'JNE', 'OKE', '', '', 0, 0, 5400, 10260000, 72000, 0, 10332000, '', 7, 0, 0, 3),
(2081, '2022-05-10 16:54:02', 5, 'JALAN AMBON MANIS NO 1111', 19, 14, 'ADRIELEDGARD', 'ADRIELEDGARD12345@GMAIL.COM', '08784841009', 'JNE', 'OKE', '', '', 0, 19, 1500, 3554000, 130000, 123000, 3561000, '', 0, 0, 0, 2),
(2082, '2022-05-11 16:20:42', 0, 'jalan pemuda raya no 134', 11, 256, 'jennifer', 'jenn123@gmail.com', '0875508849', 'JNE', 'REG', '', '', 0, 0, 900, 2090000, 8000, 0, 2098000, '', 0, 0, 0, 1),
(2083, '2022-05-11 16:24:37', 0, 'jatim park 2', 11, 51, 'jennifer', 'jenniferty@gmail.com', '087820901135', 'JNE', 'REG', '', '', 0, 0, 900, 2090000, 8000, 0, 2098000, '', 0, 0, 0, 1),
(2084, '2022-05-11 16:24:58', 0, 'jatim park 2', 11, 51, 'jennifer', 'jenniferty@gmail.com', '087820901135', 'JNE', 'REG', '', '', 0, 0, 900, 2090000, 8000, 0, 2098000, '', 0, 0, 0, 1),
(2085, '2022-05-11 16:24:58', 0, 'jatim park 2', 11, 51, 'jennifer', 'jenniferty@gmail.com', '087820901135', 'JNE', 'REG', '', '', 0, 0, 900, 2090000, 8000, 0, 2098000, '', 0, 0, 0, 1),
(2086, '2022-05-11 16:24:59', 0, 'jatim park 2', 11, 51, 'jennifer', 'jenniferty@gmail.com', '087820901135', 'JNE', 'REG', '', '', 0, 0, 900, 2090000, 8000, 0, 2098000, '', 0, 0, 0, 1),
(2087, '2022-05-11 16:24:59', 0, 'jatim park 2', 11, 51, 'jennifer', 'jenniferty@gmail.com', '087820901135', 'JNE', 'REG', '', '', 0, 0, 900, 2090000, 8000, 0, 2098000, '', 0, 0, 0, 1),
(2088, '2022-05-11 16:25:00', 0, 'jatim park 2', 11, 51, 'jennifer', 'jenniferty@gmail.com', '087820901135', 'JNE', 'REG', '', '', 0, 0, 900, 2090000, 8000, 0, 2098000, '', 0, 0, 0, 1),
(2089, '2022-05-11 16:25:01', 0, 'jatim park 2', 11, 51, 'jennifer', 'jenniferty@gmail.com', '087820901135', 'JNE', 'REG', '', '', 0, 0, 900, 2090000, 8000, 0, 2098000, '', 0, 0, 0, 1),
(2090, '2022-05-11 16:27:53', 0, 'jalan rindang no 12', 11, 75, 'tyas', 'tyas13@gmail.com', '08781001490', 'JNE', 'REG', '', '', 0, 0, 1, 179000, 8000, 0, 187000, '', 0, 0, 0, 2),
(2091, '2022-05-11 16:29:19', 0, 'jalan godean no 33', 5, 501, 'ertiansyah', 'ertiansyah123@gmail.com', '08785012345', 'JNE', 'REG', '', '', 0, 0, 201, 627000, 15000, 0, 642000, '', 0, 0, 0, 2),
(2092, '2022-05-11 16:31:04', 0, 'jalan hertasning no 88', 1, 114, 'pak udin', 'pakudin66@gmail.com', '08121705409', 'JNE', 'REG', '', '', 0, 0, 401, 810000, 20000, 0, 830000, '', 0, 0, 0, 2),
(2093, '2022-05-11 16:34:48', 0, 'jalan binjai utara no 44', 34, 70, 'teyong kurnia', 'teyongkurnia123@gmail.com', '08750110909', 'JNE', 'REG', '', '', 0, 0, 2201, 2010000, 102000, 0, 2112000, '', 0, 0, 0, 2),
(2094, '2022-05-11 16:39:19', 0, 'asmat raya no 666', 24, 16, 'kenjiarc', 'kenjiarc12@gmail.com', '0875209451', 'JNE', 'REG', '', '', 0, 0, 2851, 2892000, 393000, 0, 3285000, '', 0, 0, 0, 1),
(2095, '2022-05-11 16:43:15', 0, 'asmat raya no 666', 24, 16, 'kenjiarc', 'kenjiarc12@gmail.com', '0875209451', 'JNE', 'REG', '', '', 0, 0, 2851, 2892000, 393000, 0, 3285000, '', 0, 0, 0, 1),
(2096, '2022-05-11 16:45:38', 0, 'asmat raya no 666', 24, 16, 'kenjiarc', 'kenjiarc12@gmail.com', '0875209451', 'JNE', 'REG', '', '', 0, 0, 2851, 2892000, 393000, 0, 3285000, '', 0, 0, 0, 1),
(2097, '2022-05-11 16:53:01', 0, 'agamraya no 123', 32, 12, 'jihuan', 'jihuan124@gmail.com', '0870080123', 'JNE', 'REG', '', '', 0, 0, 2851, 2892000, 162000, 0, 3054000, '', 0, 0, 0, 2),
(2098, '2022-05-11 16:58:17', 0, 'ambon manise 22', 19, 14, 'simon', 'simongadimann@gmail.com', '08719094461', 'JNE', 'REG', '', '', 0, 0, 5411, 10432000, 420000, 0, 10852000, '', 0, 0, 0, 1),
(2099, '2022-05-11 16:58:41', 0, 'ambon manise 22', 19, 14, 'simon', 'simongadimann@gmail.com', '08719094461', 'JNE', 'REG', '', '', 0, 0, 5411, 10432000, 420000, 0, 10852000, '', 0, 0, 0, 1),
(2100, '2022-05-11 17:00:11', 0, 'jalan ternate no 52', 5, 39, 'simon', 'simon76@gmail.com', '08250494100', 'JNE', 'YES', '', '', 0, 0, 5411, 10432000, 150000, 0, 10582000, '', 7, 0, 1, 3),
(2101, '2022-05-11 17:02:45', 0, 'jalan sunyi no 31', 32, 12, 'erlina sahu', 'erlinasahu@gmail.com', '087109013596', 'JNE', 'REG', '', '', 0, 0, 5411, 10432000, 324000, 0, 10756000, '', 0, 0, 0, 2),
(2102, '2022-05-11 17:05:08', 0, 'jalan kesatuan no 31', 11, 31, 'inayah', 'inayah54@gmail.com', '08704940940', 'JNE', 'REG', '', '', 0, 0, 5911, 10885000, 48000, 0, 10933000, '', 7, 0, 1, 3),
(2103, '2022-05-11 17:12:16', 75, 'jalan kuta raya utara no 1', 1, 17, 'AYODANCE', 'AYODANCE4@GMAIL.COM', '08785090412', 'JNE', 'REG', '', '', 0, 0, 7511, 14820000, 208000, 0, 15028000, '', 7, 0, 1, 3),
(2104, '2022-05-11 17:15:13', 75, 'jalan kuta raya utara no 1', 1, 17, 'AYODANCE', 'AYODANCE4@GMAIL.COM', '08785090412', 'JNE', 'REG', '', '', 0, 0, 8411, 21222000, 234000, 0, 21456000, '', 7, 0, 0, 3),
(2105, '2022-05-11 17:40:16', 0, 'aceh raya 6', 21, 1, 'puya', 'puya67@gmail.com', '084603300100', 'POS', 'Paket_Kilat_Khusus', '8dppa1aa94atv', 'EBOOK-3', 10, 0, 103, 687000, 66000, 0, 753000, '', 7, 0, 1, 3),
(2106, '2022-05-11 19:21:04', 5, 'jalan ngagel madya V no 89', 11, 444, 'ADRIELEDGARD', 'ADRIELEDGARD12345@GMAIL.COM', '08784841009', 'JNE', 'CTC', '', '', 0, 17, 100, 109000, 7000, 7000, 109000, '', 7, 0, 0, 3),
(2107, '2022-05-11 21:11:16', 58, 'pantai', 1, 17, 'CIKAAYU', 'CIKAAYU@GMAIL.COM', '0878584189', 'JNE', 'REG', '', '', 0, 0, 1, 179000, 26000, 0, 205000, '', 7, 0, 1, 3);

--
-- Triggers `cust_order_header`
--
DELIMITER $$
CREATE TRIGGER `trgupdatecustorder` AFTER UPDATE ON `cust_order_header` FOR EACH ROW begin
 declare done   int(2); 
 declare done2 int(2); 
 declare qty_temp int(11);
 declare stock_atc_awal int(11);
 declare stock_awal int(11);
 declare Var_Id_detail_order int(11);
 declare Var_Id_order int(11);
 declare Var_Id_product int(11);
 declare Var_Id_variation int(11);
 declare Var_Qty int(11);
 declare Var_Normal_price int(11);
 declare Var_Id_promo int(11);
 declare Var_Discount_promo int(11);
 declare Var_Fix_price int(11);
 declare Var_No_reference varchar(20); 
 declare Var_tgl date; 
 
 declare Var2_Id_stock_card int(11);
declare Var2_Id_product int(11);
declare Var2_Id_variation int(11);
declare Var2_Expire_date date;
declare Var2_Fifo_stock int(11);
declare Var2_Temp_Debet int(11);
 declare Var2_First_stock int(11); 
  declare Var2_Capital int(11); 
declare pengurangan int(11);
 
 
  declare Var_Qty_2 int(11); 
 
 
   declare cust_order_detail cursor for 
   select 
   Id_detail_order, 
   Id_order, 
   Id_product,
   Id_variation,
   Qty, 
   Normal_price, 
   Id_promo, 
   Discount_promo,
   Fix_price
   from cust_order_detail where Id_order = old.Id_order;
   declare continue HANDLER for not found set done = 1;
   
   
   
   
 if old.Status = 1 and new.Status = 2 then 
  BLOCK1: BEGIN
  
  
		   set done   = 0;
		   
		   open cust_order_detail;
		   read_loop: loop
			 Fetch cust_order_detail into Var_Id_detail_order,Var_Id_order,Var_Id_product, Var_Id_variation, Var_Qty, Var_Normal_price, Var_Id_promo, Var_Discount_promo, Var_Fix_price;
			 if done = 1 then
			  leave read_loop;
			 else 
		  
					 
					 
				set stock_atc_awal = (select Stock_atc from variation_product where Id_variation = Var_Id_variation);
				set stock_awal = (select Stock from variation_product where Id_variation = Var_Id_variation);
				
				update variation_product set Stock_atc = (stock_atc_awal - Var_Qty) where Id_variation = Var_Id_variation;
				update variation_product set Stock = (stock_awal - Var_Qty) where Id_variation = Var_Id_variation;
				
				 BLOCK2: BEGIN
					declare stock_card cursor for 
					select 
					stock_card.Id_stock_card,
					stock_card.Id_product,
					stock_card.Id_variation,
					stock_card.Expire_date,
					stock_card.Fifo_stock,
					stock_card.Capital
					from stock_card where stock_card.Id_variation = Var_Id_variation and stock_card.Fifo_stock>0 order by stock_card.Expire_date asc;
					declare continue HANDLER for not found set done2 = 1;
					
					set done2 = 0;
					set Var_Qty_2 = Var_Qty;
					
					
					open stock_card;
					 read_loop2: loop
					Fetch stock_card into Var2_Id_stock_card ,Var2_Id_product,Var2_Id_variation,Var2_Expire_date, Var2_Fifo_stock, Var2_Capital;
					if done2 = 1 then
					 leave read_loop2;
					else 
						  insert into dummy values(Var2_Fifo_stock,'Var2_Fifo_stock');
						  insert into dummy values(Var_Qty_2,'Var_Qty_2');
						  
						  
						  
						if Var2_Fifo_stock >= Var_Qty_2 then 
						  update stock_card set Fifo_stock = Fifo_stock - Var_Qty_2 where Id_stock_card = Var2_Id_stock_card;
						
						  set pengurangan = Var_Qty_2;
						  set done2 = 1;
						  
						else 
						  update stock_card set Fifo_stock = 0 where Id_stock_card = Var2_Id_stock_card;
						  set Var_Qty_2 = Var_Qty_2 - Var2_Fifo_stock;
						  set pengurangan = Var2_Fifo_stock;
						end if;
						
					set Var2_First_stock  = (SELECT Last_stock FROM stock_card WHERE Id_variation = Var2_Id_variation order by Id_stock_card desc limit 1); 
					
					set Var_tgl = now();
					
					
					insert into stock_card
					(Id_stock_card, Date_card, Id_product, Id_variation, Expire_date, Type_card, No_reference, First_stock, Debet, Credit, Last_stock, Transaction_price, Capital, Fifo_stock)
					values
				  (null, Var_tgl, Var2_Id_product, Var2_Id_variation , Var2_Expire_date, CONCAT('Cust_order - ',Var2_Id_stock_card), Var_Id_detail_order, Var2_First_stock, 0, pengurangan, ifnull(Var2_First_stock-pengurangan,0), Var_Fix_price, Var2_Capital, 0);
				   
					  
					
					end if;
				 end loop read_loop2; 
				 close stock_card;  
				 END BLOCK2;
			  
			 
			 end if;
		   end loop; 
		   close cust_order_detail;
   
   
  END BLOCK1;
  elseif old.Status = 1 and new.Status = 0 then 
  
  
	   set done   = 0;
	   
	   open cust_order_detail;
	   read_loop: loop
		 Fetch cust_order_detail into Var_Id_detail_order,Var_Id_order,Var_Id_product, Var_Id_variation, Var_Qty, Var_Normal_price, Var_Id_promo, Var_Discount_promo, Var_Fix_price;
		 if done = 1 then
		  leave read_loop;
		 else 
	  
				 
				 
			set stock_atc_awal = (select Stock_atc from variation_product where Id_variation = Var_Id_variation);
			
            if (stock_atc_awal - Var_Qty) > -1 then
			update variation_product set Stock_atc = (stock_atc_awal - Var_Qty) where Id_variation = Var_Id_variation;
            end if;
			
			 
		  
		 
		 end if;
	   end loop; 
	   close cust_order_detail;

   
  
 end if; 
end
$$
DELIMITER ;

-- --------------------------------------------------------

--
-- Table structure for table `cust_order_history`
--

CREATE TABLE `cust_order_history` (
  `id` bigint(20) UNSIGNED NOT NULL,
  `Id_order` int(11) NOT NULL,
  `Record` varchar(255) COLLATE utf8mb4_unicode_ci NOT NULL,
  `Order_status` varchar(255) COLLATE utf8mb4_unicode_ci NOT NULL,
  `created_at` timestamp NULL DEFAULT NULL,
  `updated_at` timestamp NULL DEFAULT NULL
) ENGINE=InnoDB DEFAULT CHARSET=utf8mb4 COLLATE=utf8mb4_unicode_ci;

--
-- Dumping data for table `cust_order_history`
--

INSERT INTO `cust_order_history` (`id`, `Id_order`, `Record`, `Order_status`, `created_at`, `updated_at`) VALUES
(1, 2033, 'Order sudah dibuat', '1', '2022-05-08 15:40:41', '2022-05-08 15:40:41'),
(2, 2033, 'Pembayaran telah diterima', '2', '2022-05-08 15:40:58', '2022-05-08 15:40:58'),
(3, 2034, 'Order sudah dibuat', '1', '2022-05-08 16:40:48', '2022-05-08 16:40:48'),
(4, 2035, 'Order sudah dibuat', '1', '2022-05-08 16:41:35', '2022-05-08 16:41:35'),
(5, 2036, 'Order sudah dibuat', '1', '2022-05-08 16:41:39', '2022-05-08 16:41:39'),
(6, 2037, 'Order sudah dibuat', '1', '2022-05-08 16:42:12', '2022-05-08 16:42:12'),
(7, 2038, 'Order sudah dibuat', '1', '2022-05-08 16:42:17', '2022-05-08 16:42:17'),
(8, 2039, 'Order sudah dibuat', '1', '2022-05-08 16:42:23', '2022-05-08 16:42:23'),
(9, 2040, 'Order sudah dibuat', '1', '2022-05-08 16:42:23', '2022-05-08 16:42:23'),
(10, 2041, 'Order sudah dibuat', '1', '2022-05-08 16:42:24', '2022-05-08 16:42:24'),
(11, 2042, 'Order sudah dibuat', '1', '2022-05-08 16:42:24', '2022-05-08 16:42:24'),
(12, 2043, 'Order sudah dibuat', '1', '2022-05-08 16:43:42', '2022-05-08 16:43:42'),
(13, 2044, 'Order sudah dibuat', '1', '2022-05-08 18:21:18', '2022-05-08 18:21:18'),
(14, 2045, 'Order sudah dibuat', '1', '2022-05-08 18:30:25', '2022-05-08 18:30:25'),
(15, 2045, 'Pembayaran telah diterima', '2', '2022-05-08 18:30:47', '2022-05-08 18:30:47'),
(16, 2046, 'Order sudah dibuat', '1', '2022-05-09 04:57:01', '2022-05-09 04:57:01'),
(17, 2047, 'Order sudah dibuat', '1', '2022-05-09 06:29:14', '2022-05-09 06:29:14'),
(18, 2048, 'Order sudah dibuat', '1', '2022-05-09 06:54:33', '2022-05-09 06:54:33'),
(19, 2049, 'Order sudah dibuat', '1', '2022-05-09 07:00:11', '2022-05-09 07:00:11'),
(20, 2050, 'Order sudah dibuat', '1', '2022-05-09 07:12:26', '2022-05-09 07:12:26'),
(21, 2051, 'Order sudah dibuat', '1', '2022-05-09 07:13:33', '2022-05-09 07:13:33'),
(22, 2052, 'Order sudah dibuat', '1', '2022-05-09 07:50:30', '2022-05-09 07:50:30'),
(23, 2052, 'Pembayaran telah diterima', '2', '2022-05-09 07:52:21', '2022-05-09 07:52:21'),
(24, 2053, 'Order sudah dibuat', '1', '2022-05-09 10:27:37', '2022-05-09 10:27:37'),
(25, 2053, 'Pembayaran telah diterima', '2', '2022-05-09 10:28:46', '2022-05-09 10:28:46'),
(26, 2054, 'Order sudah dibuat', '1', '2022-05-09 10:40:20', '2022-05-09 10:40:20'),
(27, 2054, 'Pembayaran telah diterima', '2', '2022-05-09 10:40:55', '2022-05-09 10:40:55'),
(28, 2054, 'Order sedang diproses', '3', '2022-05-09 10:41:23', '2022-05-09 10:41:23'),
(29, 2054, 'Order sedang diproses', '3', '2022-05-09 10:41:30', '2022-05-09 10:41:30'),
(30, 2055, 'Order sudah dibuat', '1', '2022-05-09 11:17:14', '2022-05-09 11:17:14'),
(31, 2055, 'Pembayaran telah diterima', '2', '2022-05-09 11:17:37', '2022-05-09 11:17:37'),
(32, 2056, 'Order sudah dibuat', '1', '2022-05-09 11:20:48', '2022-05-09 11:20:48'),
(33, 2056, 'Pembayaran telah diterima', '2', '2022-05-09 11:21:11', '2022-05-09 11:21:11'),
(34, 2057, 'Order sudah dibuat', '1', '2022-05-09 11:25:21', '2022-05-09 11:25:21'),
(35, 2057, 'Pembayaran telah diterima', '2', '2022-05-09 11:25:45', '2022-05-09 11:25:45'),
(36, 2058, 'Order sudah dibuat', '1', '2022-05-09 11:32:34', '2022-05-09 11:32:34'),
(37, 2058, 'Pembayaran telah diterima', '2', '2022-05-09 11:32:57', '2022-05-09 11:32:57'),
(38, 2059, 'Order sudah dibuat', '1', '2022-05-09 11:34:34', '2022-05-09 11:34:34'),
(39, 2059, 'Pembayaran telah diterima', '2', '2022-05-09 11:34:52', '2022-05-09 11:34:52'),
(40, 2060, 'Order sudah dibuat', '1', '2022-05-09 11:37:11', '2022-05-09 11:37:11'),
(41, 2060, 'Pembayaran telah diterima', '2', '2022-05-09 11:37:45', '2022-05-09 11:37:45'),
(42, 2061, 'Order sudah dibuat', '1', '2022-05-09 11:44:44', '2022-05-09 11:44:44'),
(43, 2061, 'Pembayaran telah diterima', '2', '2022-05-09 11:45:31', '2022-05-09 11:45:31'),
(44, 2062, 'Order sudah dibuat', '1', '2022-05-09 11:46:57', '2022-05-09 11:46:57'),
(45, 2062, 'Pembayaran telah diterima', '2', '2022-05-09 11:47:19', '2022-05-09 11:47:19'),
(46, 2063, 'Order sudah dibuat', '1', '2022-05-09 11:51:32', '2022-05-09 11:51:32'),
(47, 2063, 'Pembayaran telah diterima', '2', '2022-05-09 11:52:01', '2022-05-09 11:52:01'),
(48, 2064, 'Order sudah dibuat', '1', '2022-05-09 11:56:04', '2022-05-09 11:56:04'),
(49, 2064, 'Pembayaran telah diterima', '2', '2022-05-09 11:56:32', '2022-05-09 11:56:32'),
(50, 2065, 'Order sudah dibuat', '1', '2022-05-09 11:57:50', '2022-05-09 11:57:50'),
(51, 2065, 'Pembayaran telah diterima', '2', '2022-05-09 11:58:17', '2022-05-09 11:58:17'),
(52, 2066, 'Order sudah dibuat', '1', '2022-05-09 11:59:59', '2022-05-09 11:59:59'),
(53, 2066, 'Pembayaran telah diterima', '2', '2022-05-09 12:00:25', '2022-05-09 12:00:25'),
(54, 2067, 'Order sudah dibuat', '1', '2022-05-09 12:02:59', '2022-05-09 12:02:59'),
(55, 2067, 'Pembayaran telah diterima', '2', '2022-05-09 12:03:26', '2022-05-09 12:03:26'),
(56, 2068, 'Order sudah dibuat', '1', '2022-05-09 12:21:34', '2022-05-09 12:21:34'),
(57, 2068, 'Pembayaran telah diterima', '2', '2022-05-09 12:21:54', '2022-05-09 12:21:54'),
(58, 2069, 'Order sudah dibuat', '1', '2022-05-09 14:51:44', '2022-05-09 14:51:44'),
(59, 2069, 'Pembayaran telah diterima', '2', '2022-05-09 14:52:37', '2022-05-09 14:52:37'),
(60, 2034, 'Pembayaran telah diterima', '2', '2022-05-09 14:53:16', '2022-05-09 14:53:16'),
(61, 2070, 'Order sudah dibuat', '1', '2022-05-09 15:36:02', '2022-05-09 15:36:02'),
(62, 2070, 'Pembayaran telah diterima', '2', '2022-05-09 15:36:27', '2022-05-09 15:36:27'),
(63, 2071, 'Order sudah dibuat', '1', '2022-05-09 16:25:56', '2022-05-09 16:25:56'),
(64, 2071, 'Pembayaran telah diterima', '2', '2022-05-09 16:26:24', '2022-05-09 16:26:24'),
(65, 2072, 'Order sudah dibuat', '1', '2022-05-09 16:28:33', '2022-05-09 16:28:33'),
(66, 2072, 'Pembayaran telah diterima', '2', '2022-05-09 16:28:54', '2022-05-09 16:28:54'),
(67, 2073, 'Order sudah dibuat', '1', '2022-05-09 16:30:53', '2022-05-09 16:30:53'),
(68, 2073, 'Pembayaran telah diterima', '2', '2022-05-09 16:31:14', '2022-05-09 16:31:14'),
(69, 2067, 'Order sedang diproses', '3', '2022-05-09 16:35:28', '2022-05-09 16:35:28'),
(70, 2074, 'Order sudah dibuat', '1', '2022-05-10 07:09:04', '2022-05-10 07:09:04'),
(71, 2074, 'Pembayaran telah diterima', '2', '2022-05-10 07:09:42', '2022-05-10 07:09:42'),
(72, 2075, 'Order sudah dibuat', '1', '2022-05-10 07:20:48', '2022-05-10 07:20:48'),
(73, 2075, 'Pembayaran telah diterima', '2', '2022-05-10 07:21:27', '2022-05-10 07:21:27'),
(74, 2076, 'Order sudah dibuat', '1', '2022-05-10 07:24:25', '2022-05-10 07:24:25'),
(75, 2076, 'Pembayaran telah diterima', '2', '2022-05-10 07:24:47', '2022-05-10 07:24:47'),
(76, 2077, 'Order sudah dibuat', '1', '2022-05-10 07:51:53', '2022-05-10 07:51:53'),
(77, 2077, 'Pembayaran telah diterima', '2', '2022-05-10 07:52:20', '2022-05-10 07:52:20'),
(78, 2077, 'Order sedang diproses', '3', '2022-05-10 07:52:41', '2022-05-10 07:52:41'),
(79, 2078, 'Order sudah dibuat', '1', '2022-05-10 07:56:51', '2022-05-10 07:56:51'),
(80, 2079, 'Order sudah dibuat', '1', '2022-05-10 07:57:07', '2022-05-10 07:57:07'),
(81, 2080, 'Order sudah dibuat', '1', '2022-05-10 08:01:46', '2022-05-10 08:01:46'),
(82, 2080, 'Pembayaran telah diterima', '2', '2022-05-10 08:02:33', '2022-05-10 08:02:33'),
(83, 2080, 'Order sedang diproses', '3', '2022-05-10 08:02:54', '2022-05-10 08:02:54'),
(84, 2081, 'Order sudah dibuat', '1', '2022-05-10 08:54:03', '2022-05-10 08:54:03'),
(85, 2049, 'Pembayaran telah diterima', '2', '2022-05-10 08:54:03', '2022-05-10 08:54:03'),
(86, 2081, 'Pembayaran telah diterima', '2', '2022-05-10 08:55:18', '2022-05-10 08:55:18'),
(87, 2082, 'Order sudah dibuat', '1', '2022-05-11 08:20:42', '2022-05-11 08:20:42'),
(88, 2083, 'Order sudah dibuat', '1', '2022-05-11 08:24:37', '2022-05-11 08:24:37'),
(89, 2084, 'Order sudah dibuat', '1', '2022-05-11 08:24:58', '2022-05-11 08:24:58'),
(90, 2085, 'Order sudah dibuat', '1', '2022-05-11 08:24:58', '2022-05-11 08:24:58'),
(91, 2086, 'Order sudah dibuat', '1', '2022-05-11 08:24:59', '2022-05-11 08:24:59'),
(92, 2087, 'Order sudah dibuat', '1', '2022-05-11 08:24:59', '2022-05-11 08:24:59'),
(93, 2088, 'Order sudah dibuat', '1', '2022-05-11 08:25:00', '2022-05-11 08:25:00'),
(94, 2089, 'Order sudah dibuat', '1', '2022-05-11 08:25:01', '2022-05-11 08:25:01'),
(95, 2090, 'Order sudah dibuat', '1', '2022-05-11 08:27:53', '2022-05-11 08:27:53'),
(96, 2090, 'Pembayaran telah diterima', '2', '2022-05-11 08:28:18', '2022-05-11 08:28:18'),
(97, 2091, 'Order sudah dibuat', '1', '2022-05-11 08:29:19', '2022-05-11 08:29:19'),
(98, 2091, 'Pembayaran telah diterima', '2', '2022-05-11 08:29:47', '2022-05-11 08:29:47'),
(99, 2092, 'Order sudah dibuat', '1', '2022-05-11 08:31:04', '2022-05-11 08:31:04'),
(100, 2092, 'Pembayaran telah diterima', '2', '2022-05-11 08:31:28', '2022-05-11 08:31:28'),
(101, 2093, 'Order sudah dibuat', '1', '2022-05-11 08:34:48', '2022-05-11 08:34:48'),
(102, 2093, 'Pembayaran telah diterima', '2', '2022-05-11 08:35:14', '2022-05-11 08:35:14'),
(103, 2094, 'Order sudah dibuat', '1', '2022-05-11 08:39:19', '2022-05-11 08:39:19'),
(104, 2095, 'Order sudah dibuat', '1', '2022-05-11 08:43:15', '2022-05-11 08:43:15'),
(105, 2096, 'Order sudah dibuat', '1', '2022-05-11 08:45:38', '2022-05-11 08:45:38'),
(106, 2097, 'Order sudah dibuat', '1', '2022-05-11 08:53:01', '2022-05-11 08:53:01'),
(107, 2097, 'Pembayaran telah diterima', '2', '2022-05-11 08:53:37', '2022-05-11 08:53:37'),
(108, 2098, 'Order sudah dibuat', '1', '2022-05-11 08:58:17', '2022-05-11 08:58:17'),
(109, 2099, 'Order sudah dibuat', '1', '2022-05-11 08:58:41', '2022-05-11 08:58:41'),
(110, 2100, 'Order sudah dibuat', '1', '2022-05-11 09:00:11', '2022-05-11 09:00:11'),
(111, 2100, 'Pembayaran telah diterima', '2', '2022-05-11 09:00:44', '2022-05-11 09:00:44'),
(112, 2101, 'Order sudah dibuat', '1', '2022-05-11 09:02:45', '2022-05-11 09:02:45'),
(113, 2101, 'Pembayaran telah diterima', '2', '2022-05-11 09:03:23', '2022-05-11 09:03:23'),
(114, 2102, 'Order sudah dibuat', '1', '2022-05-11 09:05:08', '2022-05-11 09:05:08'),
(115, 2102, 'Pembayaran telah diterima', '2', '2022-05-11 09:07:29', '2022-05-11 09:07:29'),
(116, 2103, 'Order sudah dibuat', '1', '2022-05-11 09:12:16', '2022-05-11 09:12:16'),
(117, 2103, 'Pembayaran telah diterima', '2', '2022-05-11 09:12:46', '2022-05-11 09:12:46'),
(118, 2104, 'Order sudah dibuat', '1', '2022-05-11 09:15:13', '2022-05-11 09:15:13'),
(119, 2104, 'Pembayaran telah diterima', '2', '2022-05-11 09:15:52', '2022-05-11 09:15:52'),
(120, 2105, 'Order sudah dibuat', '1', '2022-05-11 09:40:16', '2022-05-11 09:40:16'),
(121, 2105, 'Pembayaran telah diterima', '2', '2022-05-11 09:40:37', '2022-05-11 09:40:37'),
(122, 2106, 'Order sudah dibuat', '1', '2022-05-11 11:21:04', '2022-05-11 11:21:04'),
(123, 2106, 'Pembayaran telah diterima', '2', '2022-05-11 11:22:52', '2022-05-11 11:22:52'),
(124, 2107, 'Order sudah dibuat', '1', '2022-05-11 13:11:16', '2022-05-11 13:11:16'),
(125, 2107, 'Pembayaran telah diterima', '2', '2022-05-11 13:11:33', '2022-05-11 13:11:33'),
(126, 2107, 'Order sedang diproses', '3', '2022-05-11 13:21:20', '2022-05-11 13:21:20'),
(127, 2106, 'Order sedang diproses', '3', '2022-05-11 13:21:24', '2022-05-11 13:21:24'),
(128, 2106, 'Order sedang diproses', '3', '2022-05-11 13:22:03', '2022-05-11 13:22:03'),
(129, 2105, 'Order sedang diproses', '3', '2022-05-11 13:22:08', '2022-05-11 13:22:08'),
(130, 2104, 'Order sedang diproses', '3', '2022-05-11 13:24:44', '2022-05-11 13:24:44'),
(131, 2103, 'Order sedang diproses', '3', '2022-05-11 13:25:41', '2022-05-11 13:25:41'),
(132, 2102, 'Order sedang diproses', '3', '2022-05-11 13:25:57', '2022-05-11 13:25:57'),
(133, 2100, 'Order sedang diproses', '3', '2022-05-11 13:26:08', '2022-05-11 13:26:08');

-- --------------------------------------------------------

--
-- Table structure for table `dummy`
--

CREATE TABLE `dummy` (
  `tesint` int(11) NOT NULL,
  `tesstring` varchar(200) NOT NULL
) ENGINE=InnoDB DEFAULT CHARSET=utf8mb4;

--
-- Dumping data for table `dummy`
--

INSERT INTO `dummy` (`tesint`, `tesstring`) VALUES
(0, '2021-07-22'),
(0, '2021-07-22'),
(0, '2021-07-22'),
(0, '2021-07-22'),
(5, '2021-07-22'),
(10, '2021-07-22'),
(14, '2021-07-22'),
(18, '2021-07-22'),
(22, '2021-07-22'),
(26, '2021-07-22'),
(0, '2021-07-22'),
(25, '2021-07-22'),
(250, '2021-07-22'),
(500, '2021-07-22'),
(525, '2021-07-22'),
(200, '2021-07-22'),
(225, '2021-07-22'),
(400, '2021-07-22'),
(425, '2021-07-22'),
(1, 'jjj'),
(1, 'jjj'),
(1, 'jjj'),
(1, 'stock'),
(440, '2021-07-30'),
(990, '2021-07-30'),
(1040, '2021-07-30'),
(990, '2021-07-30'),
(1015, '2021-07-30'),
(25, 'testes'),
(990, '2021-07-30'),
(1015, '2021-07-30'),
(990, '2021-07-30'),
(1015, '2021-07-30'),
(25, 'Var2_Fifo_stock'),
(25, 'Var_Debet_2'),
(25, 'Var2_Fifo_stock'),
(25, 'Var_Debet_2'),
(25, 'Var2_Fifo_stock'),
(25, 'Var_Debet_2'),
(20, 'Var2_Fifo_stock'),
(20, 'Var_Debet_2'),
(20, 'Var2_Fifo_stock'),
(20, 'Var_Debet_2'),
(20, 'Var2_Fifo_stock'),
(20, 'Var_Debet_2'),
(20, 'Var2_Fifo_stock'),
(20, 'Var_Debet_2'),
(20, 'Var2_Fifo_stock'),
(20, 'Var_Debet_2'),
(25, 'Var2_Fifo_stock'),
(25, 'Var_Debet_2'),
(25, 'Var2_Fifo_stock'),
(25, 'Var_Debet_2'),
(25, 'Var2_Fifo_stock'),
(25, 'Var_Debet_2'),
(25, 'Var2_Fifo_stock'),
(25, 'Var_Debet_2'),
(10, 'Var2_Fifo_stock'),
(10, 'Var_Debet_2'),
(50, 'Var2_Fifo_stock'),
(10, 'Var_Debet_2'),
(10, 'Var2_Fifo_stock'),
(10, 'Var_Debet_2'),
(10, 'Var2_Fifo_stock'),
(10, 'Var_Debet_2'),
(10, 'Var2_Fifo_stock'),
(10, 'Var_Debet_2'),
(10, 'Var2_Fifo_stock'),
(10, 'Var_Debet_2'),
(10, 'Var2_Fifo_stock'),
(10, 'Var_Debet_2'),
(10, 'Var2_Fifo_stock'),
(10, 'Var_Debet_2'),
(50, 'Var2_Fifo_stock'),
(50, 'Var_Debet_2'),
(50, 'Var2_Fifo_stock'),
(50, 'Var_Debet_2'),
(100, 'Var2_Fifo_stock'),
(100, 'Var_Debet_2'),
(10, 'Var2_Fifo_stock'),
(10, 'Var_Debet_2'),
(10, 'Var2_Fifo_stock'),
(10, 'Var_Debet_2'),
(40, 'Var2_Fifo_stock'),
(50, 'Var_Debet_2'),
(10, 'Var2_Fifo_stock'),
(10, 'Var_Debet_2'),
(10, 'Var2_Fifo_stock'),
(10, 'Var_Debet_2'),
(40, 'Var2_Fifo_stock'),
(40, 'Var_Debet_2'),
(25, 'Var2_Fifo_stock'),
(25, 'Var_Debet_2'),
(25, 'Var2_Fifo_stock'),
(25, 'Var_Debet_2'),
(25, 'Var2_Fifo_stock'),
(25, 'Var_Debet_2'),
(25, 'Var2_Fifo_stock'),
(25, 'Var_Debet_2'),
(20, 'Var2_Fifo_stock'),
(2, 'Var_Qty_2'),
(1000, 'Var2_Fifo_stock'),
(2, 'Var_Qty_2'),
(18, 'Var2_Fifo_stock'),
(19, 'Var_Qty_2'),
(25, 'Var2_Fifo_stock'),
(1, 'Var_Qty_2'),
(24, 'Var2_Fifo_stock'),
(1, 'Var_Qty_2'),
(23, 'Var2_Fifo_stock'),
(20, 'Var_Qty_2'),
(3, 'Var2_Fifo_stock'),
(8, 'Var_Qty_2'),
(25, 'Var2_Fifo_stock'),
(5, 'Var_Qty_2'),
(20, 'Var2_Fifo_stock'),
(25, 'Var_Qty_2'),
(1, 'Var2_Fifo_stock'),
(5, 'Var_Qty_2'),
(10, 'Var2_Fifo_stock'),
(4, 'Var_Qty_2'),
(6, 'Var2_Fifo_stock'),
(5, 'Var_Qty_2'),
(998, 'Var2_Fifo_stock'),
(5, 'Var_Qty_2'),
(1, 'Var2_Fifo_stock'),
(1, 'Var_Qty_2'),
(993, 'Var2_Fifo_stock'),
(1, 'Var_Qty_2'),
(10, 'Var2_Fifo_stock'),
(1, 'Var_Qty_2'),
(992, 'Var2_Fifo_stock'),
(1, 'Var_Qty_2'),
(9, 'Var2_Fifo_stock'),
(1, 'Var_Qty_2'),
(991, 'Var2_Fifo_stock'),
(1, 'Var_Qty_2'),
(990, 'Var2_Fifo_stock'),
(1, 'Var_Qty_2'),
(8, 'Var2_Fifo_stock'),
(1, 'Var_Qty_2'),
(7, 'Var2_Fifo_stock'),
(1, 'Var_Qty_2'),
(6, 'Var2_Fifo_stock'),
(1, 'Var_Qty_2'),
(1000, 'Var2_Fifo_stock'),
(1, 'Var_Qty_2'),
(1000, 'Var2_Fifo_stock'),
(1, 'Var_Qty_2'),
(5, 'Var2_Fifo_stock'),
(1, 'Var_Qty_2'),
(999, 'Var2_Fifo_stock'),
(1, 'Var_Qty_2'),
(999, 'Var2_Fifo_stock'),
(1, 'Var_Qty_2'),
(100, 'Var2_Fifo_stock'),
(3, 'Var_Qty_2'),
(998, 'Var2_Fifo_stock'),
(1, 'Var_Qty_2'),
(998, 'Var2_Fifo_stock'),
(1, 'Var_Qty_2'),
(97, 'Var2_Fifo_stock'),
(3, 'Var_Qty_2'),
(997, 'Var2_Fifo_stock'),
(1, 'Var_Qty_2'),
(997, 'Var2_Fifo_stock'),
(1, 'Var_Qty_2'),
(94, 'Var2_Fifo_stock'),
(3, 'Var_Qty_2'),
(996, 'Var2_Fifo_stock'),
(1, 'Var_Qty_2'),
(995, 'Var2_Fifo_stock'),
(1, 'Var_Qty_2'),
(994, 'Var2_Fifo_stock'),
(1, 'Var_Qty_2'),
(993, 'Var2_Fifo_stock'),
(1, 'Var_Qty_2'),
(992, 'Var2_Fifo_stock'),
(1, 'Var_Qty_2'),
(991, 'Var2_Fifo_stock'),
(10, 'Var_Qty_2'),
(10, 'Var2_Fifo_stock'),
(10, 'Var_Debet_2'),
(10, 'Var2_Fifo_stock'),
(2, 'Var_Qty_2'),
(996, 'Var2_Fifo_stock'),
(2, 'Var_Qty_2'),
(1, 'Var2_Fifo_stock'),
(4, 'Var_Qty_2'),
(91, 'Var2_Fifo_stock'),
(3, 'Var_Qty_2'),
(88, 'Var2_Fifo_stock'),
(120, 'Var_Qty_2'),
(1, 'Var2_Fifo_stock'),
(32, 'Var_Qty_2'),
(1000, 'Var2_Fifo_stock'),
(31, 'Var_Qty_2'),
(8, 'Var2_Fifo_stock'),
(1, 'Var_Qty_2'),
(969, 'Var2_Fifo_stock'),
(120, 'Var_Qty_2'),
(7, 'Var2_Fifo_stock'),
(1, 'Var_Qty_2'),
(849, 'Var2_Fifo_stock'),
(120, 'Var_Qty_2'),
(6, 'Var2_Fifo_stock'),
(1, 'Var_Qty_2'),
(5, 'Var2_Fifo_stock'),
(1, 'Var_Qty_2'),
(729, 'Var2_Fifo_stock'),
(1, 'Var_Qty_2'),
(1000, 'Var2_Fifo_stock'),
(5, 'Var_Qty_2'),
(4, 'Var2_Fifo_stock'),
(2, 'Var_Qty_2'),
(995, 'Var2_Fifo_stock'),
(5, 'Var_Qty_2'),
(728, 'Var2_Fifo_stock'),
(3, 'Var_Qty_2'),
(4, 'Var2_Fifo_stock'),
(1, 'Var_Qty_2'),
(3, 'Var2_Fifo_stock'),
(1, 'Var_Qty_2'),
(2, 'Var2_Fifo_stock'),
(10, 'Var_Qty_2'),
(20, 'Var2_Fifo_stock'),
(8, 'Var_Qty_2'),
(2, 'Var2_Fifo_stock'),
(2, 'Var_Qty_2'),
(12, 'Var2_Fifo_stock'),
(1, 'Var_Qty_2'),
(11, 'Var2_Fifo_stock'),
(1, 'Var_Qty_2'),
(10, 'Var2_Fifo_stock'),
(1, 'Var_Qty_2'),
(9, 'Var2_Fifo_stock'),
(1, 'Var_Qty_2'),
(8, 'Var2_Fifo_stock'),
(2, 'Var_Qty_2'),
(990, 'Var2_Fifo_stock'),
(5, 'Var_Qty_2'),
(989, 'Var2_Fifo_stock'),
(3, 'Var_Qty_2'),
(1, 'Var2_Fifo_stock'),
(1, 'Var_Qty_2'),
(18, 'Var2_Fifo_stock'),
(1, 'Var_Qty_2'),
(994, 'Var2_Fifo_stock'),
(1, 'Var_Qty_2'),
(993, 'Var2_Fifo_stock'),
(1, 'Var_Qty_2'),
(986, 'Var2_Fifo_stock'),
(1, 'Var_Qty_2'),
(17, 'Var2_Fifo_stock'),
(1, 'Var_Qty_2'),
(100, 'Var2_Fifo_stock'),
(1, 'Var_Qty_2'),
(99, 'Var2_Fifo_stock'),
(1, 'Var_Qty_2'),
(98, 'Var2_Fifo_stock'),
(1, 'Var_Qty_2'),
(985, 'Var2_Fifo_stock'),
(1, 'Var_Qty_2'),
(992, 'Var2_Fifo_stock'),
(12, 'Var_Qty_2'),
(6, 'Var2_Fifo_stock'),
(1, 'Var_Qty_2'),
(5, 'Var2_Fifo_stock'),
(1, 'Var_Qty_2'),
(725, 'Var2_Fifo_stock'),
(1, 'Var_Qty_2'),
(724, 'Var2_Fifo_stock'),
(3, 'Var_Qty_2'),
(97, 'Var2_Fifo_stock'),
(1, 'Var_Qty_2'),
(96, 'Var2_Fifo_stock'),
(1, 'Var_Qty_2'),
(4, 'Var2_Fifo_stock'),
(1, 'Var_Qty_2'),
(3, 'Var2_Fifo_stock'),
(1, 'Var_Qty_2'),
(2, 'Var2_Fifo_stock'),
(1, 'Var_Qty_2'),
(1, 'Var2_Fifo_stock'),
(1, 'Var_Qty_2'),
(981, 'Var2_Fifo_stock'),
(1, 'Var_Qty_2'),
(980, 'Var2_Fifo_stock'),
(1, 'Var_Qty_2'),
(979, 'Var2_Fifo_stock'),
(1, 'Var_Qty_2'),
(978, 'Var2_Fifo_stock'),
(1, 'Var_Qty_2'),
(977, 'Var2_Fifo_stock'),
(1, 'Var_Qty_2'),
(976, 'Var2_Fifo_stock'),
(1, 'Var_Qty_2'),
(975, 'Var2_Fifo_stock'),
(1, 'Var_Qty_2'),
(974, 'Var2_Fifo_stock'),
(1, 'Var_Qty_2'),
(973, 'Var2_Fifo_stock'),
(1, 'Var_Qty_2'),
(721, 'Var2_Fifo_stock'),
(1, 'Var_Qty_2'),
(720, 'Var2_Fifo_stock'),
(123, 'Var_Qty_2'),
(980, 'Var2_Fifo_stock'),
(12, 'Var_Qty_2'),
(16, 'Var2_Fifo_stock'),
(1, 'Var_Qty_2'),
(597, 'Var2_Fifo_stock'),
(123, 'Var_Qty_2'),
(968, 'Var2_Fifo_stock'),
(12, 'Var_Qty_2'),
(15, 'Var2_Fifo_stock'),
(1, 'Var_Qty_2'),
(474, 'Var2_Fifo_stock'),
(1, 'Var_Qty_2'),
(473, 'Var2_Fifo_stock'),
(1, 'Var_Qty_2'),
(14, 'Var2_Fifo_stock'),
(1, 'Var_Qty_2'),
(13, 'Var2_Fifo_stock'),
(4, 'Var_Qty_2'),
(472, 'Var2_Fifo_stock'),
(1, 'Var_Qty_2'),
(471, 'Var2_Fifo_stock'),
(1, 'Var_Qty_2'),
(470, 'Var2_Fifo_stock'),
(1, 'Var_Qty_2'),
(9, 'Var2_Fifo_stock'),
(6, 'Var_Qty_2'),
(3, 'Var2_Fifo_stock'),
(54, 'Var_Qty_2'),
(1, 'Var2_Fifo_stock'),
(51, 'Var_Qty_2'),
(50, 'Var2_Fifo_stock'),
(50, 'Var_Qty_2'),
(956, 'Var2_Fifo_stock'),
(12, 'Var_Qty_2'),
(1000, 'Var2_Fifo_stock'),
(10, 'Var_Qty_2'),
(985, 'Var2_Fifo_stock'),
(1, 'Var_Qty_2'),
(469, 'Var2_Fifo_stock'),
(1, 'Var_Qty_2'),
(100, 'Var2_Fifo_stock'),
(1, 'Var_Qty_2'),
(990, 'Var2_Fifo_stock'),
(1, 'Var_Qty_2'),
(99, 'Var2_Fifo_stock'),
(1, 'Var_Qty_2'),
(989, 'Var2_Fifo_stock'),
(1, 'Var_Qty_2'),
(98, 'Var2_Fifo_stock'),
(1, 'Var_Qty_2'),
(988, 'Var2_Fifo_stock'),
(1, 'Var_Qty_2'),
(97, 'Var2_Fifo_stock'),
(1, 'Var_Qty_2'),
(987, 'Var2_Fifo_stock'),
(1, 'Var_Qty_2'),
(96, 'Var2_Fifo_stock'),
(1, 'Var_Qty_2'),
(986, 'Var2_Fifo_stock'),
(1, 'Var_Qty_2'),
(95, 'Var2_Fifo_stock'),
(1, 'Var_Qty_2'),
(985, 'Var2_Fifo_stock'),
(1, 'Var_Qty_2'),
(94, 'Var2_Fifo_stock'),
(1, 'Var_Qty_2'),
(984, 'Var2_Fifo_stock'),
(1, 'Var_Qty_2'),
(93, 'Var2_Fifo_stock'),
(1, 'Var_Qty_2'),
(983, 'Var2_Fifo_stock'),
(1, 'Var_Qty_2'),
(92, 'Var2_Fifo_stock'),
(1, 'Var_Qty_2'),
(982, 'Var2_Fifo_stock'),
(1, 'Var_Qty_2'),
(91, 'Var2_Fifo_stock'),
(1, 'Var_Qty_2'),
(981, 'Var2_Fifo_stock'),
(1, 'Var_Qty_2'),
(90, 'Var2_Fifo_stock'),
(1, 'Var_Qty_2'),
(980, 'Var2_Fifo_stock'),
(1, 'Var_Qty_2');

-- --------------------------------------------------------

--
-- Table structure for table `ebook`
--

CREATE TABLE `ebook` (
  `Id_ebook` int(11) NOT NULL,
  `Id_template` int(11) NOT NULL,
  `Title` varchar(100) NOT NULL,
  `Content` varchar(500) NOT NULL,
  `Id_sub_category` int(11) NOT NULL,
  `Image` varchar(500) NOT NULL,
  `Pdf_file` varchar(500) NOT NULL,
  `Call_to_action` varchar(30) NOT NULL,
  `Status` int(11) NOT NULL
) ENGINE=InnoDB DEFAULT CHARSET=utf8mb4;

--
-- Dumping data for table `ebook`
--

INSERT INTO `ebook` (`Id_ebook`, `Id_template`, `Title`, `Content`, `Id_sub_category`, `Image`, `Pdf_file`, `Call_to_action`, `Status`) VALUES
(1, 1, 'CARA MENURUNKAN BERAT BADAN', 'BANYAK ORANG INGIN KURUS, TAPI MASIH MENGGUNAKAN CARA YANG SALAH.\r\n\r\nINILAH SAATNYA ANDA KURUS DENGAN BAHAN ALAMI TANPA EFEK SAMPING, MAU TAU CARANYA ? DOWNLOAD EBOOK INI SEKARANG JUGA !', 48, 'CARA-MENURUNKAN-BERAT-BADAN-2022-05-11-18-32-12-image.png', 'CARA-MENURUNKAN-BERAT-BADAN-2022-05-11-18-31-52-pdf.pdf', 'Download sekarang', 1),
(2, 1, 'PENTINGNYA VITAMIN', 'HEHEHE', 16, 'Pentingnya-vitamin-2022-03-19-13-14-48-image.webp', 'Vitamin-sehat-2021-12-20-17-45-33-pdf.pdf', 'download ya', 0),
(3, 2, '5 HAL PENTING BAGI STAMINA DAN KEPERKASAAN PRIA', 'CARA HIDUP HARMONIS BERSAMA ALAMCARA HIDUP HARMONIS BERSAMA ALAMCARA HIDUP HARMONIS BERSAMA ALAMCARA HIDUP HARMONIS BERSAMA ALAMCARA HIDUP HARMONIS BERSAMA ALAMCARA HIDUP HARMONIS BERSAMA ALAMCARA HIDUP HARMONIS BERSAMA ALAMCARA HIDUP HARMONIS BERSAMA ALAMCARA HIDUP HARMONIS BERSAMA ALAMCARA HIDUP HARMONIS BERSAMA ALAMCARA HIDUP HARMONIS BERSAMA ALAMCARA HIDUP HARMONIS BERSAMA ALAMCARA HIDUP HARMONIS BERSAMA ALAM', 19, '5-HAL-PENTING-BAGI-STAMINA-DAN-KEPERKASAAN-PRIA-2022-05-11-18-35-42-image.png', '5-Hal-penting-bagi-stamina-dan-keperkasaan-pria-2022-05-11-18-35-22-pdf.pdf', 'tekan untuk download', 1),
(4, 1, '7 RAHASIA UMUR PANJANG ORANG JEPANG', 'INILAH RAHASIA ORANG JEPANG PANJANG UMUR', 50, '7-rahasia-umur-panjang-orang-jepang-2022-05-11-18-44-18-image.png', '7-rahasia-umur-panjang-orang-jepang-2022-05-11-18-44-18-pdf.pdf', 'Download sekarang', 1),
(5, 3, 'INVESTASI YANG SERING DI LUPAKAN', 'INVESTASI INI YANG SERING KAMU LUPAKAN', 33, 'Investasi-yang-sering-di-lupakan-2022-05-11-18-47-38-image.png', 'Investasi-yang-sering-di-lupakan-2022-05-11-18-47-38-pdf.pdf', 'download sekarang', 1);

-- --------------------------------------------------------

--
-- Table structure for table `ebook_member_downloaded`
--

CREATE TABLE `ebook_member_downloaded` (
  `id` bigint(20) UNSIGNED NOT NULL,
  `Id_member` int(11) NOT NULL,
  `Id_ebook` int(11) NOT NULL,
  `Total_didownload` int(11) NOT NULL,
  `created_at` timestamp NULL DEFAULT NULL,
  `updated_at` timestamp NULL DEFAULT NULL
) ENGINE=InnoDB DEFAULT CHARSET=utf8mb4 COLLATE=utf8mb4_unicode_ci;

--
-- Dumping data for table `ebook_member_downloaded`
--

INSERT INTO `ebook_member_downloaded` (`id`, `Id_member`, `Id_ebook`, `Total_didownload`, `created_at`, `updated_at`) VALUES
(3, 5, 1, 2, NULL, NULL),
(4, 5, 2, 2, NULL, NULL),
(5, 5, 3, 3, NULL, NULL);

-- --------------------------------------------------------

--
-- Table structure for table `embed_member`
--

CREATE TABLE `embed_member` (
  `id` int(11) NOT NULL,
  `Id_member` int(11) NOT NULL,
  `Id_product` int(11) NOT NULL,
  `Total_diklik` int(11) NOT NULL
) ENGINE=InnoDB DEFAULT CHARSET=utf8mb4;

--
-- Dumping data for table `embed_member`
--

INSERT INTO `embed_member` (`id`, `Id_member`, `Id_product`, `Total_diklik`) VALUES
(1, 27, 38, 3),
(2, 27, 39, 3),
(3, 5, 40, 2),
(4, 5, 39, 1),
(5, 5, 38, 2);

-- --------------------------------------------------------

--
-- Table structure for table `failed_jobs`
--

CREATE TABLE `failed_jobs` (
  `id` bigint(20) UNSIGNED NOT NULL,
  `connection` text COLLATE utf8mb4_unicode_ci NOT NULL,
  `queue` text COLLATE utf8mb4_unicode_ci NOT NULL,
  `payload` longtext COLLATE utf8mb4_unicode_ci NOT NULL,
  `exception` longtext COLLATE utf8mb4_unicode_ci NOT NULL,
  `failed_at` timestamp NOT NULL DEFAULT current_timestamp()
) ENGINE=InnoDB DEFAULT CHARSET=utf8mb4 COLLATE=utf8mb4_unicode_ci;

-- --------------------------------------------------------

--
-- Table structure for table `followup_customers`
--

CREATE TABLE `followup_customers` (
  `Id_followup` int(10) UNSIGNED NOT NULL,
  `Id_customer_service` int(11) NOT NULL,
  `Id_member` int(11) NOT NULL,
  `Followup_date` datetime NOT NULL,
  `End_followup_date` datetime NOT NULL,
  `Is_successful_followup` tinyint(4) NOT NULL,
  `Id_order` int(11) DEFAULT NULL,
  `created_at` timestamp NULL DEFAULT NULL,
  `updated_at` timestamp NULL DEFAULT NULL
) ENGINE=InnoDB DEFAULT CHARSET=utf8mb4 COLLATE=utf8mb4_unicode_ci;

--
-- Dumping data for table `followup_customers`
--

INSERT INTO `followup_customers` (`Id_followup`, `Id_customer_service`, `Id_member`, `Followup_date`, `End_followup_date`, `Is_successful_followup`, `Id_order`, `created_at`, `updated_at`) VALUES
(1, 8, 27, '2022-05-09 00:00:00', '2022-05-29 00:00:00', 1, 2034, '2022-05-09 10:58:43', '2022-05-09 14:53:16'),
(2, 8, 58, '2022-05-11 00:00:00', '2022-05-31 00:00:00', 1, 2107, '2022-05-11 13:10:37', '2022-05-11 13:11:33');

-- --------------------------------------------------------

--
-- Table structure for table `kode_otp`
--

CREATE TABLE `kode_otp` (
  `id` bigint(20) UNSIGNED NOT NULL,
  `Kode` varchar(255) COLLATE utf8mb4_unicode_ci NOT NULL,
  `Email` varchar(255) COLLATE utf8mb4_unicode_ci NOT NULL,
  `Expired_time` datetime NOT NULL,
  `Status` varchar(255) COLLATE utf8mb4_unicode_ci NOT NULL,
  `created_at` timestamp NULL DEFAULT NULL,
  `updated_at` timestamp NULL DEFAULT NULL
) ENGINE=InnoDB DEFAULT CHARSET=utf8mb4 COLLATE=utf8mb4_unicode_ci;

-- --------------------------------------------------------

--
-- Table structure for table `list_city`
--

CREATE TABLE `list_city` (
  `Id_city` int(11) NOT NULL,
  `Id_province` int(11) NOT NULL,
  `Province_name` varchar(50) NOT NULL,
  `Type` varchar(15) NOT NULL,
  `City_name` varchar(50) NOT NULL,
  `Post_code` int(11) NOT NULL
) ENGINE=InnoDB DEFAULT CHARSET=utf8mb4;

--
-- Dumping data for table `list_city`
--

INSERT INTO `list_city` (`Id_city`, `Id_province`, `Province_name`, `Type`, `City_name`, `Post_code`) VALUES
(1, 21, 'Nanggroe Aceh Darussalam (NAD)', 'Kabupaten', 'Aceh Barat', 23681),
(2, 21, 'Nanggroe Aceh Darussalam (NAD)', 'Kabupaten', 'Aceh Barat Daya', 23764),
(3, 21, 'Nanggroe Aceh Darussalam (NAD)', 'Kabupaten', 'Aceh Besar', 23951),
(4, 21, 'Nanggroe Aceh Darussalam (NAD)', 'Kabupaten', 'Aceh Jaya', 23654),
(5, 21, 'Nanggroe Aceh Darussalam (NAD)', 'Kabupaten', 'Aceh Selatan', 23719),
(6, 21, 'Nanggroe Aceh Darussalam (NAD)', 'Kabupaten', 'Aceh Singkil', 24785),
(7, 21, 'Nanggroe Aceh Darussalam (NAD)', 'Kabupaten', 'Aceh Tamiang', 24476),
(8, 21, 'Nanggroe Aceh Darussalam (NAD)', 'Kabupaten', 'Aceh Tengah', 24511),
(9, 21, 'Nanggroe Aceh Darussalam (NAD)', 'Kabupaten', 'Aceh Tenggara', 24611),
(10, 21, 'Nanggroe Aceh Darussalam (NAD)', 'Kabupaten', 'Aceh Timur', 24454),
(11, 21, 'Nanggroe Aceh Darussalam (NAD)', 'Kabupaten', 'Aceh Utara', 24382),
(12, 32, 'Sumatera Barat', 'Kabupaten', 'Agam', 26411),
(13, 23, 'Nusa Tenggara Timur (NTT)', 'Kabupaten', 'Alor', 85811),
(14, 19, 'Maluku', 'Kota', 'Ambon', 97222),
(15, 34, 'Sumatera Utara', 'Kabupaten', 'Asahan', 21214),
(16, 24, 'Papua', 'Kabupaten', 'Asmat', 99777),
(17, 1, 'Bali', 'Kabupaten', 'Badung', 80351),
(18, 13, 'Kalimantan Selatan', 'Kabupaten', 'Balangan', 71611),
(19, 15, 'Kalimantan Timur', 'Kota', 'Balikpapan', 76111),
(20, 21, 'Nanggroe Aceh Darussalam (NAD)', 'Kota', 'Banda Aceh', 23238),
(21, 18, 'Lampung', 'Kota', 'Bandar Lampung', 35139),
(22, 9, 'Jawa Barat', 'Kabupaten', 'Bandung', 40311),
(23, 9, 'Jawa Barat', 'Kota', 'Bandung', 40111),
(24, 9, 'Jawa Barat', 'Kabupaten', 'Bandung Barat', 40721),
(25, 29, 'Sulawesi Tengah', 'Kabupaten', 'Banggai', 94711),
(26, 29, 'Sulawesi Tengah', 'Kabupaten', 'Banggai Kepulauan', 94881),
(27, 2, 'Bangka Belitung', 'Kabupaten', 'Bangka', 33212),
(28, 2, 'Bangka Belitung', 'Kabupaten', 'Bangka Barat', 33315),
(29, 2, 'Bangka Belitung', 'Kabupaten', 'Bangka Selatan', 33719),
(30, 2, 'Bangka Belitung', 'Kabupaten', 'Bangka Tengah', 33613),
(31, 11, 'Jawa Timur', 'Kabupaten', 'Bangkalan', 69118),
(32, 1, 'Bali', 'Kabupaten', 'Bangli', 80619),
(33, 13, 'Kalimantan Selatan', 'Kabupaten', 'Banjar', 70619),
(34, 9, 'Jawa Barat', 'Kota', 'Banjar', 46311),
(35, 13, 'Kalimantan Selatan', 'Kota', 'Banjarbaru', 70712),
(36, 13, 'Kalimantan Selatan', 'Kota', 'Banjarmasin', 70117),
(37, 10, 'Jawa Tengah', 'Kabupaten', 'Banjarnegara', 53419),
(38, 28, 'Sulawesi Selatan', 'Kabupaten', 'Bantaeng', 92411),
(39, 5, 'DI Yogyakarta', 'Kabupaten', 'Bantul', 55715),
(40, 33, 'Sumatera Selatan', 'Kabupaten', 'Banyuasin', 30911),
(41, 10, 'Jawa Tengah', 'Kabupaten', 'Banyumas', 53114),
(42, 11, 'Jawa Timur', 'Kabupaten', 'Banyuwangi', 68416),
(43, 13, 'Kalimantan Selatan', 'Kabupaten', 'Barito Kuala', 70511),
(44, 14, 'Kalimantan Tengah', 'Kabupaten', 'Barito Selatan', 73711),
(45, 14, 'Kalimantan Tengah', 'Kabupaten', 'Barito Timur', 73671),
(46, 14, 'Kalimantan Tengah', 'Kabupaten', 'Barito Utara', 73881),
(47, 28, 'Sulawesi Selatan', 'Kabupaten', 'Barru', 90719),
(48, 17, 'Kepulauan Riau', 'Kota', 'Batam', 29413),
(49, 10, 'Jawa Tengah', 'Kabupaten', 'Batang', 51211),
(50, 8, 'Jambi', 'Kabupaten', 'Batang Hari', 36613),
(51, 11, 'Jawa Timur', 'Kota', 'Batu', 65311),
(52, 34, 'Sumatera Utara', 'Kabupaten', 'Batu Bara', 21655),
(53, 30, 'Sulawesi Tenggara', 'Kota', 'Bau-Bau', 93719),
(54, 9, 'Jawa Barat', 'Kabupaten', 'Bekasi', 17837),
(55, 9, 'Jawa Barat', 'Kota', 'Bekasi', 17121),
(56, 2, 'Bangka Belitung', 'Kabupaten', 'Belitung', 33419),
(57, 2, 'Bangka Belitung', 'Kabupaten', 'Belitung Timur', 33519),
(58, 23, 'Nusa Tenggara Timur (NTT)', 'Kabupaten', 'Belu', 85711),
(59, 21, 'Nanggroe Aceh Darussalam (NAD)', 'Kabupaten', 'Bener Meriah', 24581),
(60, 26, 'Riau', 'Kabupaten', 'Bengkalis', 28719),
(61, 12, 'Kalimantan Barat', 'Kabupaten', 'Bengkayang', 79213),
(62, 4, 'Bengkulu', 'Kota', 'Bengkulu', 38229),
(63, 4, 'Bengkulu', 'Kabupaten', 'Bengkulu Selatan', 38519),
(64, 4, 'Bengkulu', 'Kabupaten', 'Bengkulu Tengah', 38319),
(65, 4, 'Bengkulu', 'Kabupaten', 'Bengkulu Utara', 38619),
(66, 15, 'Kalimantan Timur', 'Kabupaten', 'Berau', 77311),
(67, 24, 'Papua', 'Kabupaten', 'Biak Numfor', 98119),
(68, 22, 'Nusa Tenggara Barat (NTB)', 'Kabupaten', 'Bima', 84171),
(69, 22, 'Nusa Tenggara Barat (NTB)', 'Kota', 'Bima', 84139),
(70, 34, 'Sumatera Utara', 'Kota', 'Binjai', 20712),
(71, 17, 'Kepulauan Riau', 'Kabupaten', 'Bintan', 29135),
(72, 21, 'Nanggroe Aceh Darussalam (NAD)', 'Kabupaten', 'Bireuen', 24219),
(73, 31, 'Sulawesi Utara', 'Kota', 'Bitung', 95512),
(74, 11, 'Jawa Timur', 'Kabupaten', 'Blitar', 66171),
(75, 11, 'Jawa Timur', 'Kota', 'Blitar', 66124),
(76, 10, 'Jawa Tengah', 'Kabupaten', 'Blora', 58219),
(77, 7, 'Gorontalo', 'Kabupaten', 'Boalemo', 96319),
(78, 9, 'Jawa Barat', 'Kabupaten', 'Bogor', 16911),
(79, 9, 'Jawa Barat', 'Kota', 'Bogor', 16119),
(80, 11, 'Jawa Timur', 'Kabupaten', 'Bojonegoro', 62119),
(81, 31, 'Sulawesi Utara', 'Kabupaten', 'Bolaang Mongondow (Bolmong)', 95755),
(82, 31, 'Sulawesi Utara', 'Kabupaten', 'Bolaang Mongondow Selatan', 95774),
(83, 31, 'Sulawesi Utara', 'Kabupaten', 'Bolaang Mongondow Timur', 95783),
(84, 31, 'Sulawesi Utara', 'Kabupaten', 'Bolaang Mongondow Utara', 95765),
(85, 30, 'Sulawesi Tenggara', 'Kabupaten', 'Bombana', 93771),
(86, 11, 'Jawa Timur', 'Kabupaten', 'Bondowoso', 68219),
(87, 28, 'Sulawesi Selatan', 'Kabupaten', 'Bone', 92713),
(88, 7, 'Gorontalo', 'Kabupaten', 'Bone Bolango', 96511),
(89, 15, 'Kalimantan Timur', 'Kota', 'Bontang', 75313),
(90, 24, 'Papua', 'Kabupaten', 'Boven Digoel', 99662),
(91, 10, 'Jawa Tengah', 'Kabupaten', 'Boyolali', 57312),
(92, 10, 'Jawa Tengah', 'Kabupaten', 'Brebes', 52212),
(93, 32, 'Sumatera Barat', 'Kota', 'Bukittinggi', 26115),
(94, 1, 'Bali', 'Kabupaten', 'Buleleng', 81111),
(95, 28, 'Sulawesi Selatan', 'Kabupaten', 'Bulukumba', 92511),
(96, 16, 'Kalimantan Utara', 'Kabupaten', 'Bulungan (Bulongan)', 77211),
(97, 8, 'Jambi', 'Kabupaten', 'Bungo', 37216),
(98, 29, 'Sulawesi Tengah', 'Kabupaten', 'Buol', 94564),
(99, 19, 'Maluku', 'Kabupaten', 'Buru', 97371),
(100, 19, 'Maluku', 'Kabupaten', 'Buru Selatan', 97351),
(101, 30, 'Sulawesi Tenggara', 'Kabupaten', 'Buton', 93754),
(102, 30, 'Sulawesi Tenggara', 'Kabupaten', 'Buton Utara', 93745),
(103, 9, 'Jawa Barat', 'Kabupaten', 'Ciamis', 46211),
(104, 9, 'Jawa Barat', 'Kabupaten', 'Cianjur', 43217),
(105, 10, 'Jawa Tengah', 'Kabupaten', 'Cilacap', 53211),
(106, 3, 'Banten', 'Kota', 'Cilegon', 42417),
(107, 9, 'Jawa Barat', 'Kota', 'Cimahi', 40512),
(108, 9, 'Jawa Barat', 'Kabupaten', 'Cirebon', 45611),
(109, 9, 'Jawa Barat', 'Kota', 'Cirebon', 45116),
(110, 34, 'Sumatera Utara', 'Kabupaten', 'Dairi', 22211),
(111, 24, 'Papua', 'Kabupaten', 'Deiyai (Deliyai)', 98784),
(112, 34, 'Sumatera Utara', 'Kabupaten', 'Deli Serdang', 20511),
(113, 10, 'Jawa Tengah', 'Kabupaten', 'Demak', 59519),
(114, 1, 'Bali', 'Kota', 'Denpasar', 80227),
(115, 9, 'Jawa Barat', 'Kota', 'Depok', 16416),
(116, 32, 'Sumatera Barat', 'Kabupaten', 'Dharmasraya', 27612),
(117, 24, 'Papua', 'Kabupaten', 'Dogiyai', 98866),
(118, 22, 'Nusa Tenggara Barat (NTB)', 'Kabupaten', 'Dompu', 84217),
(119, 29, 'Sulawesi Tengah', 'Kabupaten', 'Donggala', 94341),
(120, 26, 'Riau', 'Kota', 'Dumai', 28811),
(121, 33, 'Sumatera Selatan', 'Kabupaten', 'Empat Lawang', 31811),
(122, 23, 'Nusa Tenggara Timur (NTT)', 'Kabupaten', 'Ende', 86351),
(123, 28, 'Sulawesi Selatan', 'Kabupaten', 'Enrekang', 91719),
(124, 25, 'Papua Barat', 'Kabupaten', 'Fakfak', 98651),
(125, 23, 'Nusa Tenggara Timur (NTT)', 'Kabupaten', 'Flores Timur', 86213),
(126, 9, 'Jawa Barat', 'Kabupaten', 'Garut', 44126),
(127, 21, 'Nanggroe Aceh Darussalam (NAD)', 'Kabupaten', 'Gayo Lues', 24653),
(128, 1, 'Bali', 'Kabupaten', 'Gianyar', 80519),
(129, 7, 'Gorontalo', 'Kabupaten', 'Gorontalo', 96218),
(130, 7, 'Gorontalo', 'Kota', 'Gorontalo', 96115),
(131, 7, 'Gorontalo', 'Kabupaten', 'Gorontalo Utara', 96611),
(132, 28, 'Sulawesi Selatan', 'Kabupaten', 'Gowa', 92111),
(133, 11, 'Jawa Timur', 'Kabupaten', 'Gresik', 61115),
(134, 10, 'Jawa Tengah', 'Kabupaten', 'Grobogan', 58111),
(135, 5, 'DI Yogyakarta', 'Kabupaten', 'Gunung Kidul', 55812),
(136, 14, 'Kalimantan Tengah', 'Kabupaten', 'Gunung Mas', 74511),
(137, 34, 'Sumatera Utara', 'Kota', 'Gunungsitoli', 22813),
(138, 20, 'Maluku Utara', 'Kabupaten', 'Halmahera Barat', 97757),
(139, 20, 'Maluku Utara', 'Kabupaten', 'Halmahera Selatan', 97911),
(140, 20, 'Maluku Utara', 'Kabupaten', 'Halmahera Tengah', 97853),
(141, 20, 'Maluku Utara', 'Kabupaten', 'Halmahera Timur', 97862),
(142, 20, 'Maluku Utara', 'Kabupaten', 'Halmahera Utara', 97762),
(143, 13, 'Kalimantan Selatan', 'Kabupaten', 'Hulu Sungai Selatan', 71212),
(144, 13, 'Kalimantan Selatan', 'Kabupaten', 'Hulu Sungai Tengah', 71313),
(145, 13, 'Kalimantan Selatan', 'Kabupaten', 'Hulu Sungai Utara', 71419),
(146, 34, 'Sumatera Utara', 'Kabupaten', 'Humbang Hasundutan', 22457),
(147, 26, 'Riau', 'Kabupaten', 'Indragiri Hilir', 29212),
(148, 26, 'Riau', 'Kabupaten', 'Indragiri Hulu', 29319),
(149, 9, 'Jawa Barat', 'Kabupaten', 'Indramayu', 45214),
(150, 24, 'Papua', 'Kabupaten', 'Intan Jaya', 98771),
(151, 6, 'DKI Jakarta', 'Kota', 'Jakarta Barat', 11220),
(152, 6, 'DKI Jakarta', 'Kota', 'Jakarta Pusat', 10540),
(153, 6, 'DKI Jakarta', 'Kota', 'Jakarta Selatan', 12230),
(154, 6, 'DKI Jakarta', 'Kota', 'Jakarta Timur', 13330),
(155, 6, 'DKI Jakarta', 'Kota', 'Jakarta Utara', 14140),
(156, 8, 'Jambi', 'Kota', 'Jambi', 36111),
(157, 24, 'Papua', 'Kabupaten', 'Jayapura', 99352),
(158, 24, 'Papua', 'Kota', 'Jayapura', 99114),
(159, 24, 'Papua', 'Kabupaten', 'Jayawijaya', 99511),
(160, 11, 'Jawa Timur', 'Kabupaten', 'Jember', 68113),
(161, 1, 'Bali', 'Kabupaten', 'Jembrana', 82251),
(162, 28, 'Sulawesi Selatan', 'Kabupaten', 'Jeneponto', 92319),
(163, 10, 'Jawa Tengah', 'Kabupaten', 'Jepara', 59419),
(164, 11, 'Jawa Timur', 'Kabupaten', 'Jombang', 61415),
(165, 25, 'Papua Barat', 'Kabupaten', 'Kaimana', 98671),
(166, 26, 'Riau', 'Kabupaten', 'Kampar', 28411),
(167, 14, 'Kalimantan Tengah', 'Kabupaten', 'Kapuas', 73583),
(168, 12, 'Kalimantan Barat', 'Kabupaten', 'Kapuas Hulu', 78719),
(169, 10, 'Jawa Tengah', 'Kabupaten', 'Karanganyar', 57718),
(170, 1, 'Bali', 'Kabupaten', 'Karangasem', 80819),
(171, 9, 'Jawa Barat', 'Kabupaten', 'Karawang', 41311),
(172, 17, 'Kepulauan Riau', 'Kabupaten', 'Karimun', 29611),
(173, 34, 'Sumatera Utara', 'Kabupaten', 'Karo', 22119),
(174, 14, 'Kalimantan Tengah', 'Kabupaten', 'Katingan', 74411),
(175, 4, 'Bengkulu', 'Kabupaten', 'Kaur', 38911),
(176, 12, 'Kalimantan Barat', 'Kabupaten', 'Kayong Utara', 78852),
(177, 10, 'Jawa Tengah', 'Kabupaten', 'Kebumen', 54319),
(178, 11, 'Jawa Timur', 'Kabupaten', 'Kediri', 64184),
(179, 11, 'Jawa Timur', 'Kota', 'Kediri', 64125),
(180, 24, 'Papua', 'Kabupaten', 'Keerom', 99461),
(181, 10, 'Jawa Tengah', 'Kabupaten', 'Kendal', 51314),
(182, 30, 'Sulawesi Tenggara', 'Kota', 'Kendari', 93126),
(183, 4, 'Bengkulu', 'Kabupaten', 'Kepahiang', 39319),
(184, 17, 'Kepulauan Riau', 'Kabupaten', 'Kepulauan Anambas', 29991),
(185, 19, 'Maluku', 'Kabupaten', 'Kepulauan Aru', 97681),
(186, 32, 'Sumatera Barat', 'Kabupaten', 'Kepulauan Mentawai', 25771),
(187, 26, 'Riau', 'Kabupaten', 'Kepulauan Meranti', 28791),
(188, 31, 'Sulawesi Utara', 'Kabupaten', 'Kepulauan Sangihe', 95819),
(189, 6, 'DKI Jakarta', 'Kabupaten', 'Kepulauan Seribu', 14550),
(190, 31, 'Sulawesi Utara', 'Kabupaten', 'Kepulauan Siau Tagulandang Biaro (Sitaro)', 95862),
(191, 20, 'Maluku Utara', 'Kabupaten', 'Kepulauan Sula', 97995),
(192, 31, 'Sulawesi Utara', 'Kabupaten', 'Kepulauan Talaud', 95885),
(193, 24, 'Papua', 'Kabupaten', 'Kepulauan Yapen (Yapen Waropen)', 98211),
(194, 8, 'Jambi', 'Kabupaten', 'Kerinci', 37167),
(195, 12, 'Kalimantan Barat', 'Kabupaten', 'Ketapang', 78874),
(196, 10, 'Jawa Tengah', 'Kabupaten', 'Klaten', 57411),
(197, 1, 'Bali', 'Kabupaten', 'Klungkung', 80719),
(198, 30, 'Sulawesi Tenggara', 'Kabupaten', 'Kolaka', 93511),
(199, 30, 'Sulawesi Tenggara', 'Kabupaten', 'Kolaka Utara', 93911),
(200, 30, 'Sulawesi Tenggara', 'Kabupaten', 'Konawe', 93411),
(201, 30, 'Sulawesi Tenggara', 'Kabupaten', 'Konawe Selatan', 93811),
(202, 30, 'Sulawesi Tenggara', 'Kabupaten', 'Konawe Utara', 93311),
(203, 13, 'Kalimantan Selatan', 'Kabupaten', 'Kotabaru', 72119),
(204, 31, 'Sulawesi Utara', 'Kota', 'Kotamobagu', 95711),
(205, 14, 'Kalimantan Tengah', 'Kabupaten', 'Kotawaringin Barat', 74119),
(206, 14, 'Kalimantan Tengah', 'Kabupaten', 'Kotawaringin Timur', 74364),
(207, 26, 'Riau', 'Kabupaten', 'Kuantan Singingi', 29519),
(208, 12, 'Kalimantan Barat', 'Kabupaten', 'Kubu Raya', 78311),
(209, 10, 'Jawa Tengah', 'Kabupaten', 'Kudus', 59311),
(210, 5, 'DI Yogyakarta', 'Kabupaten', 'Kulon Progo', 55611),
(211, 9, 'Jawa Barat', 'Kabupaten', 'Kuningan', 45511),
(212, 23, 'Nusa Tenggara Timur (NTT)', 'Kabupaten', 'Kupang', 85362),
(213, 23, 'Nusa Tenggara Timur (NTT)', 'Kota', 'Kupang', 85119),
(214, 15, 'Kalimantan Timur', 'Kabupaten', 'Kutai Barat', 75711),
(215, 15, 'Kalimantan Timur', 'Kabupaten', 'Kutai Kartanegara', 75511),
(216, 15, 'Kalimantan Timur', 'Kabupaten', 'Kutai Timur', 75611),
(217, 34, 'Sumatera Utara', 'Kabupaten', 'Labuhan Batu', 21412),
(218, 34, 'Sumatera Utara', 'Kabupaten', 'Labuhan Batu Selatan', 21511),
(219, 34, 'Sumatera Utara', 'Kabupaten', 'Labuhan Batu Utara', 21711),
(220, 33, 'Sumatera Selatan', 'Kabupaten', 'Lahat', 31419),
(221, 14, 'Kalimantan Tengah', 'Kabupaten', 'Lamandau', 74611),
(222, 11, 'Jawa Timur', 'Kabupaten', 'Lamongan', 64125),
(223, 18, 'Lampung', 'Kabupaten', 'Lampung Barat', 34814),
(224, 18, 'Lampung', 'Kabupaten', 'Lampung Selatan', 35511),
(225, 18, 'Lampung', 'Kabupaten', 'Lampung Tengah', 34212),
(226, 18, 'Lampung', 'Kabupaten', 'Lampung Timur', 34319),
(227, 18, 'Lampung', 'Kabupaten', 'Lampung Utara', 34516),
(228, 12, 'Kalimantan Barat', 'Kabupaten', 'Landak', 78319),
(229, 34, 'Sumatera Utara', 'Kabupaten', 'Langkat', 20811),
(230, 21, 'Nanggroe Aceh Darussalam (NAD)', 'Kota', 'Langsa', 24412),
(231, 24, 'Papua', 'Kabupaten', 'Lanny Jaya', 99531),
(232, 3, 'Banten', 'Kabupaten', 'Lebak', 42319),
(233, 4, 'Bengkulu', 'Kabupaten', 'Lebong', 39264),
(234, 23, 'Nusa Tenggara Timur (NTT)', 'Kabupaten', 'Lembata', 86611),
(235, 21, 'Nanggroe Aceh Darussalam (NAD)', 'Kota', 'Lhokseumawe', 24352),
(236, 32, 'Sumatera Barat', 'Kabupaten', 'Lima Puluh Koto/Kota', 26671),
(237, 17, 'Kepulauan Riau', 'Kabupaten', 'Lingga', 29811),
(238, 22, 'Nusa Tenggara Barat (NTB)', 'Kabupaten', 'Lombok Barat', 83311),
(239, 22, 'Nusa Tenggara Barat (NTB)', 'Kabupaten', 'Lombok Tengah', 83511),
(240, 22, 'Nusa Tenggara Barat (NTB)', 'Kabupaten', 'Lombok Timur', 83612),
(241, 22, 'Nusa Tenggara Barat (NTB)', 'Kabupaten', 'Lombok Utara', 83711),
(242, 33, 'Sumatera Selatan', 'Kota', 'Lubuk Linggau', 31614),
(243, 11, 'Jawa Timur', 'Kabupaten', 'Lumajang', 67319),
(244, 28, 'Sulawesi Selatan', 'Kabupaten', 'Luwu', 91994),
(245, 28, 'Sulawesi Selatan', 'Kabupaten', 'Luwu Timur', 92981),
(246, 28, 'Sulawesi Selatan', 'Kabupaten', 'Luwu Utara', 92911),
(247, 11, 'Jawa Timur', 'Kabupaten', 'Madiun', 63153),
(248, 11, 'Jawa Timur', 'Kota', 'Madiun', 63122),
(249, 10, 'Jawa Tengah', 'Kabupaten', 'Magelang', 56519),
(250, 10, 'Jawa Tengah', 'Kota', 'Magelang', 56133),
(251, 11, 'Jawa Timur', 'Kabupaten', 'Magetan', 63314),
(252, 9, 'Jawa Barat', 'Kabupaten', 'Majalengka', 45412),
(253, 27, 'Sulawesi Barat', 'Kabupaten', 'Majene', 91411),
(254, 28, 'Sulawesi Selatan', 'Kota', 'Makassar', 90111),
(255, 11, 'Jawa Timur', 'Kabupaten', 'Malang', 65163),
(256, 11, 'Jawa Timur', 'Kota', 'Malang', 65112),
(257, 16, 'Kalimantan Utara', 'Kabupaten', 'Malinau', 77511),
(258, 19, 'Maluku', 'Kabupaten', 'Maluku Barat Daya', 97451),
(259, 19, 'Maluku', 'Kabupaten', 'Maluku Tengah', 97513),
(260, 19, 'Maluku', 'Kabupaten', 'Maluku Tenggara', 97651),
(261, 19, 'Maluku', 'Kabupaten', 'Maluku Tenggara Barat', 97465),
(262, 27, 'Sulawesi Barat', 'Kabupaten', 'Mamasa', 91362),
(263, 24, 'Papua', 'Kabupaten', 'Mamberamo Raya', 99381),
(264, 24, 'Papua', 'Kabupaten', 'Mamberamo Tengah', 99553),
(265, 27, 'Sulawesi Barat', 'Kabupaten', 'Mamuju', 91519),
(266, 27, 'Sulawesi Barat', 'Kabupaten', 'Mamuju Utara', 91571),
(267, 31, 'Sulawesi Utara', 'Kota', 'Manado', 95247),
(268, 34, 'Sumatera Utara', 'Kabupaten', 'Mandailing Natal', 22916),
(269, 23, 'Nusa Tenggara Timur (NTT)', 'Kabupaten', 'Manggarai', 86551),
(270, 23, 'Nusa Tenggara Timur (NTT)', 'Kabupaten', 'Manggarai Barat', 86711),
(271, 23, 'Nusa Tenggara Timur (NTT)', 'Kabupaten', 'Manggarai Timur', 86811),
(272, 25, 'Papua Barat', 'Kabupaten', 'Manokwari', 98311),
(273, 25, 'Papua Barat', 'Kabupaten', 'Manokwari Selatan', 98355),
(274, 24, 'Papua', 'Kabupaten', 'Mappi', 99853),
(275, 28, 'Sulawesi Selatan', 'Kabupaten', 'Maros', 90511),
(276, 22, 'Nusa Tenggara Barat (NTB)', 'Kota', 'Mataram', 83131),
(277, 25, 'Papua Barat', 'Kabupaten', 'Maybrat', 98051),
(278, 34, 'Sumatera Utara', 'Kota', 'Medan', 20228),
(279, 12, 'Kalimantan Barat', 'Kabupaten', 'Melawi', 78619),
(280, 8, 'Jambi', 'Kabupaten', 'Merangin', 37319),
(281, 24, 'Papua', 'Kabupaten', 'Merauke', 99613),
(282, 18, 'Lampung', 'Kabupaten', 'Mesuji', 34911),
(283, 18, 'Lampung', 'Kota', 'Metro', 34111),
(284, 24, 'Papua', 'Kabupaten', 'Mimika', 99962),
(285, 31, 'Sulawesi Utara', 'Kabupaten', 'Minahasa', 95614),
(286, 31, 'Sulawesi Utara', 'Kabupaten', 'Minahasa Selatan', 95914),
(287, 31, 'Sulawesi Utara', 'Kabupaten', 'Minahasa Tenggara', 95995),
(288, 31, 'Sulawesi Utara', 'Kabupaten', 'Minahasa Utara', 95316),
(289, 11, 'Jawa Timur', 'Kabupaten', 'Mojokerto', 61382),
(290, 11, 'Jawa Timur', 'Kota', 'Mojokerto', 61316),
(291, 29, 'Sulawesi Tengah', 'Kabupaten', 'Morowali', 94911),
(292, 33, 'Sumatera Selatan', 'Kabupaten', 'Muara Enim', 31315),
(293, 8, 'Jambi', 'Kabupaten', 'Muaro Jambi', 36311),
(294, 4, 'Bengkulu', 'Kabupaten', 'Muko Muko', 38715),
(295, 30, 'Sulawesi Tenggara', 'Kabupaten', 'Muna', 93611),
(296, 14, 'Kalimantan Tengah', 'Kabupaten', 'Murung Raya', 73911),
(297, 33, 'Sumatera Selatan', 'Kabupaten', 'Musi Banyuasin', 30719),
(298, 33, 'Sumatera Selatan', 'Kabupaten', 'Musi Rawas', 31661),
(299, 24, 'Papua', 'Kabupaten', 'Nabire', 98816),
(300, 21, 'Nanggroe Aceh Darussalam (NAD)', 'Kabupaten', 'Nagan Raya', 23674),
(301, 23, 'Nusa Tenggara Timur (NTT)', 'Kabupaten', 'Nagekeo', 86911),
(302, 17, 'Kepulauan Riau', 'Kabupaten', 'Natuna', 29711),
(303, 24, 'Papua', 'Kabupaten', 'Nduga', 99541),
(304, 23, 'Nusa Tenggara Timur (NTT)', 'Kabupaten', 'Ngada', 86413),
(305, 11, 'Jawa Timur', 'Kabupaten', 'Nganjuk', 64414),
(306, 11, 'Jawa Timur', 'Kabupaten', 'Ngawi', 63219),
(307, 34, 'Sumatera Utara', 'Kabupaten', 'Nias', 22876),
(308, 34, 'Sumatera Utara', 'Kabupaten', 'Nias Barat', 22895),
(309, 34, 'Sumatera Utara', 'Kabupaten', 'Nias Selatan', 22865),
(310, 34, 'Sumatera Utara', 'Kabupaten', 'Nias Utara', 22856),
(311, 16, 'Kalimantan Utara', 'Kabupaten', 'Nunukan', 77421),
(312, 33, 'Sumatera Selatan', 'Kabupaten', 'Ogan Ilir', 30811),
(313, 33, 'Sumatera Selatan', 'Kabupaten', 'Ogan Komering Ilir', 30618),
(314, 33, 'Sumatera Selatan', 'Kabupaten', 'Ogan Komering Ulu', 32112),
(315, 33, 'Sumatera Selatan', 'Kabupaten', 'Ogan Komering Ulu Selatan', 32211),
(316, 33, 'Sumatera Selatan', 'Kabupaten', 'Ogan Komering Ulu Timur', 32312),
(317, 11, 'Jawa Timur', 'Kabupaten', 'Pacitan', 63512),
(318, 32, 'Sumatera Barat', 'Kota', 'Padang', 25112),
(319, 34, 'Sumatera Utara', 'Kabupaten', 'Padang Lawas', 22763),
(320, 34, 'Sumatera Utara', 'Kabupaten', 'Padang Lawas Utara', 22753),
(321, 32, 'Sumatera Barat', 'Kota', 'Padang Panjang', 27122),
(322, 32, 'Sumatera Barat', 'Kabupaten', 'Padang Pariaman', 25583),
(323, 34, 'Sumatera Utara', 'Kota', 'Padang Sidempuan', 22727),
(324, 33, 'Sumatera Selatan', 'Kota', 'Pagar Alam', 31512),
(325, 34, 'Sumatera Utara', 'Kabupaten', 'Pakpak Bharat', 22272),
(326, 14, 'Kalimantan Tengah', 'Kota', 'Palangka Raya', 73112),
(327, 33, 'Sumatera Selatan', 'Kota', 'Palembang', 30111),
(328, 28, 'Sulawesi Selatan', 'Kota', 'Palopo', 91911),
(329, 29, 'Sulawesi Tengah', 'Kota', 'Palu', 94111),
(330, 11, 'Jawa Timur', 'Kabupaten', 'Pamekasan', 69319),
(331, 3, 'Banten', 'Kabupaten', 'Pandeglang', 42212),
(332, 9, 'Jawa Barat', 'Kabupaten', 'Pangandaran', 46511),
(333, 28, 'Sulawesi Selatan', 'Kabupaten', 'Pangkajene Kepulauan', 90611),
(334, 2, 'Bangka Belitung', 'Kota', 'Pangkal Pinang', 33115),
(335, 24, 'Papua', 'Kabupaten', 'Paniai', 98765),
(336, 28, 'Sulawesi Selatan', 'Kota', 'Parepare', 91123),
(337, 32, 'Sumatera Barat', 'Kota', 'Pariaman', 25511),
(338, 29, 'Sulawesi Tengah', 'Kabupaten', 'Parigi Moutong', 94411),
(339, 32, 'Sumatera Barat', 'Kabupaten', 'Pasaman', 26318),
(340, 32, 'Sumatera Barat', 'Kabupaten', 'Pasaman Barat', 26511),
(341, 15, 'Kalimantan Timur', 'Kabupaten', 'Paser', 76211),
(342, 11, 'Jawa Timur', 'Kabupaten', 'Pasuruan', 67153),
(343, 11, 'Jawa Timur', 'Kota', 'Pasuruan', 67118),
(344, 10, 'Jawa Tengah', 'Kabupaten', 'Pati', 59114),
(345, 32, 'Sumatera Barat', 'Kota', 'Payakumbuh', 26213),
(346, 25, 'Papua Barat', 'Kabupaten', 'Pegunungan Arfak', 98354),
(347, 24, 'Papua', 'Kabupaten', 'Pegunungan Bintang', 99573),
(348, 10, 'Jawa Tengah', 'Kabupaten', 'Pekalongan', 51161),
(349, 10, 'Jawa Tengah', 'Kota', 'Pekalongan', 51122),
(350, 26, 'Riau', 'Kota', 'Pekanbaru', 28112),
(351, 26, 'Riau', 'Kabupaten', 'Pelalawan', 28311),
(352, 10, 'Jawa Tengah', 'Kabupaten', 'Pemalang', 52319),
(353, 34, 'Sumatera Utara', 'Kota', 'Pematang Siantar', 21126),
(354, 15, 'Kalimantan Timur', 'Kabupaten', 'Penajam Paser Utara', 76311),
(355, 18, 'Lampung', 'Kabupaten', 'Pesawaran', 35312),
(356, 18, 'Lampung', 'Kabupaten', 'Pesisir Barat', 35974),
(357, 32, 'Sumatera Barat', 'Kabupaten', 'Pesisir Selatan', 25611),
(358, 21, 'Nanggroe Aceh Darussalam (NAD)', 'Kabupaten', 'Pidie', 24116),
(359, 21, 'Nanggroe Aceh Darussalam (NAD)', 'Kabupaten', 'Pidie Jaya', 24186),
(360, 28, 'Sulawesi Selatan', 'Kabupaten', 'Pinrang', 91251),
(361, 7, 'Gorontalo', 'Kabupaten', 'Pohuwato', 96419),
(362, 27, 'Sulawesi Barat', 'Kabupaten', 'Polewali Mandar', 91311),
(363, 11, 'Jawa Timur', 'Kabupaten', 'Ponorogo', 63411),
(364, 12, 'Kalimantan Barat', 'Kabupaten', 'Pontianak', 78971),
(365, 12, 'Kalimantan Barat', 'Kota', 'Pontianak', 78112),
(366, 29, 'Sulawesi Tengah', 'Kabupaten', 'Poso', 94615),
(367, 33, 'Sumatera Selatan', 'Kota', 'Prabumulih', 31121),
(368, 18, 'Lampung', 'Kabupaten', 'Pringsewu', 35719),
(369, 11, 'Jawa Timur', 'Kabupaten', 'Probolinggo', 67282),
(370, 11, 'Jawa Timur', 'Kota', 'Probolinggo', 67215),
(371, 14, 'Kalimantan Tengah', 'Kabupaten', 'Pulang Pisau', 74811),
(372, 20, 'Maluku Utara', 'Kabupaten', 'Pulau Morotai', 97771),
(373, 24, 'Papua', 'Kabupaten', 'Puncak', 98981),
(374, 24, 'Papua', 'Kabupaten', 'Puncak Jaya', 98979),
(375, 10, 'Jawa Tengah', 'Kabupaten', 'Purbalingga', 53312),
(376, 9, 'Jawa Barat', 'Kabupaten', 'Purwakarta', 41119),
(377, 10, 'Jawa Tengah', 'Kabupaten', 'Purworejo', 54111),
(378, 25, 'Papua Barat', 'Kabupaten', 'Raja Ampat', 98489),
(379, 4, 'Bengkulu', 'Kabupaten', 'Rejang Lebong', 39112),
(380, 10, 'Jawa Tengah', 'Kabupaten', 'Rembang', 59219),
(381, 26, 'Riau', 'Kabupaten', 'Rokan Hilir', 28992),
(382, 26, 'Riau', 'Kabupaten', 'Rokan Hulu', 28511),
(383, 23, 'Nusa Tenggara Timur (NTT)', 'Kabupaten', 'Rote Ndao', 85982),
(384, 21, 'Nanggroe Aceh Darussalam (NAD)', 'Kota', 'Sabang', 23512),
(385, 23, 'Nusa Tenggara Timur (NTT)', 'Kabupaten', 'Sabu Raijua', 85391),
(386, 10, 'Jawa Tengah', 'Kota', 'Salatiga', 50711),
(387, 15, 'Kalimantan Timur', 'Kota', 'Samarinda', 75133),
(388, 12, 'Kalimantan Barat', 'Kabupaten', 'Sambas', 79453),
(389, 34, 'Sumatera Utara', 'Kabupaten', 'Samosir', 22392),
(390, 11, 'Jawa Timur', 'Kabupaten', 'Sampang', 69219),
(391, 12, 'Kalimantan Barat', 'Kabupaten', 'Sanggau', 78557),
(392, 24, 'Papua', 'Kabupaten', 'Sarmi', 99373),
(393, 8, 'Jambi', 'Kabupaten', 'Sarolangun', 37419),
(394, 32, 'Sumatera Barat', 'Kota', 'Sawah Lunto', 27416),
(395, 12, 'Kalimantan Barat', 'Kabupaten', 'Sekadau', 79583),
(396, 28, 'Sulawesi Selatan', 'Kabupaten', 'Selayar (Kepulauan Selayar)', 92812),
(397, 4, 'Bengkulu', 'Kabupaten', 'Seluma', 38811),
(398, 10, 'Jawa Tengah', 'Kabupaten', 'Semarang', 50511),
(399, 10, 'Jawa Tengah', 'Kota', 'Semarang', 50135),
(400, 19, 'Maluku', 'Kabupaten', 'Seram Bagian Barat', 97561),
(401, 19, 'Maluku', 'Kabupaten', 'Seram Bagian Timur', 97581),
(402, 3, 'Banten', 'Kabupaten', 'Serang', 42182),
(403, 3, 'Banten', 'Kota', 'Serang', 42111),
(404, 34, 'Sumatera Utara', 'Kabupaten', 'Serdang Bedagai', 20915),
(405, 14, 'Kalimantan Tengah', 'Kabupaten', 'Seruyan', 74211),
(406, 26, 'Riau', 'Kabupaten', 'Siak', 28623),
(407, 34, 'Sumatera Utara', 'Kota', 'Sibolga', 22522),
(408, 28, 'Sulawesi Selatan', 'Kabupaten', 'Sidenreng Rappang/Rapang', 91613),
(409, 11, 'Jawa Timur', 'Kabupaten', 'Sidoarjo', 61219),
(410, 29, 'Sulawesi Tengah', 'Kabupaten', 'Sigi', 94364),
(411, 32, 'Sumatera Barat', 'Kabupaten', 'Sijunjung (Sawah Lunto Sijunjung)', 27511),
(412, 23, 'Nusa Tenggara Timur (NTT)', 'Kabupaten', 'Sikka', 86121),
(413, 34, 'Sumatera Utara', 'Kabupaten', 'Simalungun', 21162),
(414, 21, 'Nanggroe Aceh Darussalam (NAD)', 'Kabupaten', 'Simeulue', 23891),
(415, 12, 'Kalimantan Barat', 'Kota', 'Singkawang', 79117),
(416, 28, 'Sulawesi Selatan', 'Kabupaten', 'Sinjai', 92615),
(417, 12, 'Kalimantan Barat', 'Kabupaten', 'Sintang', 78619),
(418, 11, 'Jawa Timur', 'Kabupaten', 'Situbondo', 68316),
(419, 5, 'DI Yogyakarta', 'Kabupaten', 'Sleman', 55513),
(420, 32, 'Sumatera Barat', 'Kabupaten', 'Solok', 27365),
(421, 32, 'Sumatera Barat', 'Kota', 'Solok', 27315),
(422, 32, 'Sumatera Barat', 'Kabupaten', 'Solok Selatan', 27779),
(423, 28, 'Sulawesi Selatan', 'Kabupaten', 'Soppeng', 90812),
(424, 25, 'Papua Barat', 'Kabupaten', 'Sorong', 98431),
(425, 25, 'Papua Barat', 'Kota', 'Sorong', 98411),
(426, 25, 'Papua Barat', 'Kabupaten', 'Sorong Selatan', 98454),
(427, 10, 'Jawa Tengah', 'Kabupaten', 'Sragen', 57211),
(428, 9, 'Jawa Barat', 'Kabupaten', 'Subang', 41215),
(429, 21, 'Nanggroe Aceh Darussalam (NAD)', 'Kota', 'Subulussalam', 24882),
(430, 9, 'Jawa Barat', 'Kabupaten', 'Sukabumi', 43311),
(431, 9, 'Jawa Barat', 'Kota', 'Sukabumi', 43114),
(432, 14, 'Kalimantan Tengah', 'Kabupaten', 'Sukamara', 74712),
(433, 10, 'Jawa Tengah', 'Kabupaten', 'Sukoharjo', 57514),
(434, 23, 'Nusa Tenggara Timur (NTT)', 'Kabupaten', 'Sumba Barat', 87219),
(435, 23, 'Nusa Tenggara Timur (NTT)', 'Kabupaten', 'Sumba Barat Daya', 87453),
(436, 23, 'Nusa Tenggara Timur (NTT)', 'Kabupaten', 'Sumba Tengah', 87358),
(437, 23, 'Nusa Tenggara Timur (NTT)', 'Kabupaten', 'Sumba Timur', 87112),
(438, 22, 'Nusa Tenggara Barat (NTB)', 'Kabupaten', 'Sumbawa', 84315),
(439, 22, 'Nusa Tenggara Barat (NTB)', 'Kabupaten', 'Sumbawa Barat', 84419),
(440, 9, 'Jawa Barat', 'Kabupaten', 'Sumedang', 45326),
(441, 11, 'Jawa Timur', 'Kabupaten', 'Sumenep', 69413),
(442, 8, 'Jambi', 'Kota', 'Sungaipenuh', 37113),
(443, 24, 'Papua', 'Kabupaten', 'Supiori', 98164),
(444, 11, 'Jawa Timur', 'Kota', 'Surabaya', 60119),
(445, 10, 'Jawa Tengah', 'Kota', 'Surakarta (Solo)', 57113),
(446, 13, 'Kalimantan Selatan', 'Kabupaten', 'Tabalong', 71513),
(447, 1, 'Bali', 'Kabupaten', 'Tabanan', 82119),
(448, 28, 'Sulawesi Selatan', 'Kabupaten', 'Takalar', 92212),
(449, 25, 'Papua Barat', 'Kabupaten', 'Tambrauw', 98475),
(450, 16, 'Kalimantan Utara', 'Kabupaten', 'Tana Tidung', 77611),
(451, 28, 'Sulawesi Selatan', 'Kabupaten', 'Tana Toraja', 91819),
(452, 13, 'Kalimantan Selatan', 'Kabupaten', 'Tanah Bumbu', 72211),
(453, 32, 'Sumatera Barat', 'Kabupaten', 'Tanah Datar', 27211),
(454, 13, 'Kalimantan Selatan', 'Kabupaten', 'Tanah Laut', 70811),
(455, 3, 'Banten', 'Kabupaten', 'Tangerang', 15914),
(456, 3, 'Banten', 'Kota', 'Tangerang', 15111),
(457, 3, 'Banten', 'Kota', 'Tangerang Selatan', 15435),
(458, 18, 'Lampung', 'Kabupaten', 'Tanggamus', 35619),
(459, 34, 'Sumatera Utara', 'Kota', 'Tanjung Balai', 21321),
(460, 8, 'Jambi', 'Kabupaten', 'Tanjung Jabung Barat', 36513),
(461, 8, 'Jambi', 'Kabupaten', 'Tanjung Jabung Timur', 36719),
(462, 17, 'Kepulauan Riau', 'Kota', 'Tanjung Pinang', 29111),
(463, 34, 'Sumatera Utara', 'Kabupaten', 'Tapanuli Selatan', 22742),
(464, 34, 'Sumatera Utara', 'Kabupaten', 'Tapanuli Tengah', 22611),
(465, 34, 'Sumatera Utara', 'Kabupaten', 'Tapanuli Utara', 22414),
(466, 13, 'Kalimantan Selatan', 'Kabupaten', 'Tapin', 71119),
(467, 16, 'Kalimantan Utara', 'Kota', 'Tarakan', 77114),
(468, 9, 'Jawa Barat', 'Kabupaten', 'Tasikmalaya', 46411),
(469, 9, 'Jawa Barat', 'Kota', 'Tasikmalaya', 46116),
(470, 34, 'Sumatera Utara', 'Kota', 'Tebing Tinggi', 20632),
(471, 8, 'Jambi', 'Kabupaten', 'Tebo', 37519),
(472, 10, 'Jawa Tengah', 'Kabupaten', 'Tegal', 52419),
(473, 10, 'Jawa Tengah', 'Kota', 'Tegal', 52114),
(474, 25, 'Papua Barat', 'Kabupaten', 'Teluk Bintuni', 98551),
(475, 25, 'Papua Barat', 'Kabupaten', 'Teluk Wondama', 98591),
(476, 10, 'Jawa Tengah', 'Kabupaten', 'Temanggung', 56212),
(477, 20, 'Maluku Utara', 'Kota', 'Ternate', 97714),
(478, 20, 'Maluku Utara', 'Kota', 'Tidore Kepulauan', 97815),
(479, 23, 'Nusa Tenggara Timur (NTT)', 'Kabupaten', 'Timor Tengah Selatan', 85562),
(480, 23, 'Nusa Tenggara Timur (NTT)', 'Kabupaten', 'Timor Tengah Utara', 85612),
(481, 34, 'Sumatera Utara', 'Kabupaten', 'Toba Samosir', 22316),
(482, 29, 'Sulawesi Tengah', 'Kabupaten', 'Tojo Una-Una', 94683),
(483, 29, 'Sulawesi Tengah', 'Kabupaten', 'Toli-Toli', 94542),
(484, 24, 'Papua', 'Kabupaten', 'Tolikara', 99411),
(485, 31, 'Sulawesi Utara', 'Kota', 'Tomohon', 95416),
(486, 28, 'Sulawesi Selatan', 'Kabupaten', 'Toraja Utara', 91831),
(487, 11, 'Jawa Timur', 'Kabupaten', 'Trenggalek', 66312),
(488, 19, 'Maluku', 'Kota', 'Tual', 97612),
(489, 11, 'Jawa Timur', 'Kabupaten', 'Tuban', 62319),
(490, 18, 'Lampung', 'Kabupaten', 'Tulang Bawang', 34613),
(491, 18, 'Lampung', 'Kabupaten', 'Tulang Bawang Barat', 34419),
(492, 11, 'Jawa Timur', 'Kabupaten', 'Tulungagung', 66212),
(493, 28, 'Sulawesi Selatan', 'Kabupaten', 'Wajo', 90911),
(494, 30, 'Sulawesi Tenggara', 'Kabupaten', 'Wakatobi', 93791),
(495, 24, 'Papua', 'Kabupaten', 'Waropen', 98269),
(496, 18, 'Lampung', 'Kabupaten', 'Way Kanan', 34711),
(497, 10, 'Jawa Tengah', 'Kabupaten', 'Wonogiri', 57619),
(498, 10, 'Jawa Tengah', 'Kabupaten', 'Wonosobo', 56311),
(499, 24, 'Papua', 'Kabupaten', 'Yahukimo', 99041),
(500, 24, 'Papua', 'Kabupaten', 'Yalimo', 99481),
(501, 5, 'DI Yogyakarta', 'Kota', 'Yogyakarta', 55111);

-- --------------------------------------------------------

--
-- Table structure for table `member`
--

CREATE TABLE `member` (
  `Id_member` int(11) NOT NULL,
  `Username` varchar(20) NOT NULL,
  `Email` varchar(500) NOT NULL,
  `Phone` varchar(16) NOT NULL,
  `Password` varchar(200) NOT NULL,
  `Role` varchar(100) NOT NULL,
  `Status` int(11) NOT NULL,
  `Random_code` varchar(20) NOT NULL DEFAULT '',
  `Referral` varchar(100) NOT NULL DEFAULT '',
  `Tracking_code` varchar(20) NOT NULL DEFAULT '',
  `Id_prospect` int(11) NOT NULL DEFAULT 0,
  `First_transaction` int(11) NOT NULL DEFAULT 0,
  `Point` int(11) NOT NULL DEFAULT 0,
  `Catatan` longtext NOT NULL DEFAULT ''
) ENGINE=InnoDB DEFAULT CHARSET=utf8mb4;

--
-- Dumping data for table `member`
--

INSERT INTO `member` (`Id_member`, `Username`, `Email`, `Phone`, `Password`, `Role`, `Status`, `Random_code`, `Referral`, `Tracking_code`, `Id_prospect`, `First_transaction`, `Point`, `Catatan`) VALUES
(5, 'ADRIELEDGARD', 'ADRIELEDGARD12345@GMAIL.COM', '08784841009', '58b4e38f66bcdb546380845d6af27187', 'CUST', 1, '8dppa1aa94atv', '8dppa1aa94atv', 'EMBED-38', 0, 0, 3552, ''),
(6, 'ADMIN', 'ADMIN@GMAIL.COM', '087851211189', '58b4e38f66bcdb546380845d6af27187', 'ADMIN', 1, '', '0', '0', 0, 0, 0, ''),
(7, 'UDIN', 'UDIN@GMAIL.COM', '0878452269', '58b4e38f66bcdb546380845d6af27187', 'SHIPPER', 1, '', '0', '0', 0, 0, 0, ''),
(8, 'BASO', 'BASO111@GMAIL.COM', '08795292', '58b4e38f66bcdb546380845d6af27187', 'CUSTOMER SERVICE', 1, '', '0', '0', 0, 0, 0, ''),
(9, 'CIKA', 'CIKAQEQEQE@GMAIL.COM', '087469090', '58b4e38f66bcdb546380845d6af27187', 'CUSTOMER SERVICE', 1, '', '0', '0', 0, 0, 0, ''),
(10, 'DINA', 'DINA@GMAIL.COM', '087188085565', '58b4e38f66bcdb546380845d6af27187', 'CUST', 1, '58spv8029ioad', '0', '0', 0, 0, 0, ''),
(13, 'POPPY', 'POPPY@GMAIL.COM', '087845990074', '58b4e38f66bcdb546380845d6af27187', 'CUSTOMER SERVICE', 0, '', '0', '0', 0, 0, 0, ''),
(14, 'OPPA', 'OPPA@GMAIL.COM', '08721113111', '58b4e38f66bcdb546380845d6af27187', 'SHIPPER', 1, '', '0', '0', 0, 0, 0, ''),
(15, 'TITO', 'TITO123@GMAIL.COM', '08756166311', '58b4e38f66bcdb546380845d6af27187', 'CUSTOMER SERVICE', 1, '', '0', '0', 0, 0, 0, ''),
(16, 'SITI_NURBAYA', 'SITINURBAYA@GMAIL.COM', '08785099420', '58b4e38f66bcdb546380845d6af27187', 'ADMIN', 0, '', '0', '0', 0, 0, 0, ''),
(17, 'LISA_AYU', 'LISA@GMAIL.COM', '0878422025', '58b4e38f66bcdb546380845d6af27187', 'ADMIN', 0, '', '0', '0', 0, 0, 0, ''),
(18, 'FUJANG', 'FUJANG123@GMAIL.COM', '08126717171', '58b4e38f66bcdb546380845d6af27187', 'CUSTOMER SERVICE', 0, '', '0', '0', 0, 0, 0, ''),
(19, 'IDA', 'IDAFAM123@GMAIL.COM', '08712345', '58b4e38f66bcdb546380845d6af27187', 'ADMIN', 0, '', '0', '0', 0, 0, 0, ''),
(20, 'FIKA', 'FIKA123@GMAIL.COM', '08451508408', '58b4e38f66bcdb546380845d6af27187', 'CUSTOMER SERVICE', 0, '', '0', '0', 0, 0, 0, ''),
(21, 'VAGI', 'VAGI@GMAIL.COM', '08712812811', '58b4e38f66bcdb546380845d6af27187', 'ADMIN', 0, '', '0', '0', 0, 0, 0, ''),
(22, 'TARA', 'TARA@GMAIL.COM', '08761291281', '58b4e38f66bcdb546380845d6af27187', 'ADMIN', 0, '', '0', '0', 0, 0, 0, ''),
(23, 'JHON12', 'JHON12@GMAIL.COM', '08784208999', '58b4e38f66bcdb546380845d6af27187', 'CUST', 0, '', '0', '0', 0, 0, 0, ''),
(24, 'AKBAR', 'AKBAR@GMAIL.COM', '0878450800999', '58b4e38f66bcdb546380845d6af27187', 'SHIPPER', 1, '', '0', '0', 0, 0, 0, ''),
(25, 'BUDI', 'BUDI@GMAIL.COM', '081236959', '58b4e38f66bcdb546380845d6af27187', 'SHIPPER', 1, '', '0', '0', 0, 0, 0, ''),
(26, 'DUDIT', 'DUDIT@GMAIL.COM', '0878480808', '58b4e38f66bcdb546380845d6af27187', 'SHIPPER', 1, '', '0', '0', 0, 0, 0, ''),
(27, 'NURAISYAH', 'NURAISYAH123@GMAIL.COM', '08784080999', '58b4e38f66bcdb546380845d6af27187', 'CUST', 1, '59sga1029eerb', '8DPPA1AA94ATV', '0', 0, 1, 250, ''),
(28, 'KINA123', 'KINA12345@GMAIL.COM', '084800994000', '58b4e38f66bcdb546380845d6af27187', 'CUST', 1, '61ppa1029ioad', '0', '0', 0, 0, 0, ''),
(29, 'ATHE1010', 'ATHE1010@GMAIL.COM', '08780809000', '58b4e38f66bcdb546380845d6af27187', 'CUST', 1, '6167a1029d6ad', '0', '0', 0, 0, 0, ''),
(30, 'JENNIFERWUY', 'JENNWUY7@GMAIL.COM', '08780808080', '58b4e38f66bcdb546380845d6af27187', 'CUST', 1, '616d2563cd488', '0', '0', 0, 0, 0, ''),
(31, 'YESICA', 'YESICA123@GMAIL.COM', '0878080809', '58b4e38f66bcdb546380845d6af27187', 'CUST', 1, '616d26417909e', '0', '0', 0, 0, 140, ''),
(32, 'UCOKBABA', 'UCOK123@GMAIL.COM', '08712580909', '58b4e38f66bcdb546380845d6af27187', 'CUST', 1, '61776304dbc9e', '0', '0', 0, 0, 0, ''),
(33, 'IDASATRIA', 'IDASAT123@GMAIL.COM', '087804804', '58b4e38f66bcdb546380845d6af27187', 'CUST', 1, '617765663dca1', '0', '0', 0, 0, 0, ''),
(34, 'IDA_BUDI', 'IDABUDI@GMAIL.COM', '08848080088', '58b4e38f66bcdb546380845d6af27187', 'CUST', 1, '617765ca10ed0', '0', '0', 0, 0, 0, ''),
(35, 'NURATHE', 'NURATHE123@GMAIL.COM', '087408089944', '58b4e38f66bcdb546380845d6af27187', 'CUST', 1, '61776680293cb', '0', '0', 0, 0, 0, ''),
(36, 'PONYNY', 'PONY123@GMAIL.COM', '087122548499', '58b4e38f66bcdb546380845d6af27187', 'CUST', 1, '6177679b60aad', '0', '0', 0, 0, 0, ''),
(37, 'UPINIPIN', 'UPINIPIN@GMAIL.COM', '08848080889', '58b4e38f66bcdb546380845d6af27187', 'CUST', 1, '617768623ab03', '0', '0', 0, 0, 0, ''),
(38, 'DORADORA', 'DORA1271@GMAIL.COM', '08123458009', '58b4e38f66bcdb546380845d6af27187', 'CUST', 1, '6177689aeb7b1', '0', '0', 0, 0, 0, ''),
(39, 'IJENN', 'IJENN@GMAIL.COM', '0880040909111', '58b4e38f66bcdb546380845d6af27187', 'CUST', 1, '6177693742aef', '0', '0', 0, 0, 0, ''),
(40, 'RISKA', 'RISKA123@GMAIL.COM', '08484999', '58b4e38f66bcdb546380845d6af27187', 'CUST', 1, '61c183e04f49c', '5', '0', 0, 1, 900, ''),
(41, 'AGUNGJAYA', 'AGUNGJAYA123@GMAIL.COM', '0878949499', '58b4e38f66bcdb546380845d6af27187', 'CUST', 1, '61c28dd759358', '8dppa1aa94atv', '0', 0, 1, 0, ''),
(42, 'SEPEDAMAKASSAR', 'SEPEDAMAKASSAR@GMAIL.COM', '0878481152', '58b4e38f66bcdb546380845d6af27187', 'CUST', 1, '61c28f1a7c504', '8dppa1aa94atv', '0', 0, 1, 0, ''),
(43, 'YONO123', 'YONO123@GMAIL.COM', '08782829009', '58b4e38f66bcdb546380845d6af27187', 'CUST', 1, '61c5399c803c0', '61c183e04f49c', '0', 0, 1, 0, 'aaa'),
(44, 'JWUYSAN', 'JWUYSAN@GMAIL.COM', '08784808099', '58b4e38f66bcdb546380845d6af27187', 'CUST', 1, '62161d461bf0f', '0', '0', 0, 0, 0, ''),
(45, 'ADRIELZOOM', 'ZOOMADRIELTIGAaa@GMAIL.COM', '0878409909', '58b4e38f66bcdb546380845d6af27187', 'CUST', 1, '62162affaad14', '0', '0', 0, 0, 0, ''),
(47, 'PONIPONI', 'PONI123@GMAIL.COM', '087848099475', '58b4e38f66bcdb546380845d6af27187', 'CUST', 1, '62492d77ef8d5', '8dppa1aa94atv', 'LINK-39', 0, 0, 0, ''),
(48, 'JENNJENN', 'JENNJENN@GMAIL.COM', '087880955494', '58b4e38f66bcdb546380845d6af27187', 'CUST', 1, '62492feede4ea', '8dppa1aa94atv', 'LINK-38', 0, 0, 0, ''),
(49, 'IONIK', 'IONIK123@GMAIL.COM', '0878480990', '58b4e38f66bcdb546380845d6af27187', 'CUST', 1, '624931a80351b', '8dppa1aa94atv', 'LINK-38', 0, 0, 0, ''),
(50, 'YESYES', 'YESYES123@GMAIL.COM', '087844809442', '58b4e38f66bcdb546380845d6af27187', 'CUST', 1, '6249336ae3dd3', '8dppa1aa94atv', 'LINK-38', 0, 0, 0, 'aa'),
(51, 'OPIK', 'OPIK123@GMAIL.COM', '0878484099', '58b4e38f66bcdb546380845d6af27187', 'CUST', 1, '62493d0aa0711', '8dppa1aa94atv', 'LINK-40', 0, 0, 0, ''),
(52, 'LALA', 'LALALA@GMAIL.COM', '087848500654', '58b4e38f66bcdb546380845d6af27187', 'CUST', 1, '6249d1c34afe1', '8dppa1aa94atv', 'LINK-38', 0, 0, 0, ''),
(53, 'WIRIAWAN', 'WIRIAWAN@GMAIL.COM', '08784562123', '58b4e38f66bcdb546380845d6af27187', 'CUST', 1, '6249d42a61c1f', '8dppa1aa94atv', 'LINK-38', 0, 0, 0, ''),
(54, 'TRSITAR', 'TRISTAR123@GMAIL.COM', '087845095909', '58b4e38f66bcdb546380845d6af27187', 'CUST', 1, '6249d4f7e2469', '8dppa1aa94atv', 'LINK-38', 0, 0, 0, ''),
(55, 'ELANGJAYA', 'ELANGJAYA123@GMAIL.COM', '08784840999', '58b4e38f66bcdb546380845d6af27187', 'CUST', 1, '6249d5ab1ca58', '8dppa1aa94atv', 'LINK-38', 0, 0, 0, ''),
(56, 'JIAHUN', 'JIAHUN@GMAIL.COM', '08784840940', '58b4e38f66bcdb546380845d6af27187', 'CUST', 1, '6249d671dbd93', '8dppa1aa94atv', 'LINK-38', 0, 1, 0, ''),
(57, 'YOITS', 'YOITS@GMAIL.COM', '0878484849049', '58b4e38f66bcdb546380845d6af27187', 'CUST', 1, '624ffa6ee2e3e', '8dppa1aa94atv', 'EBOOK-2', 0, 1, 0, ''),
(58, 'CIKAAYU', 'CIKAAYU@GMAIL.COM', '0878584189', '58b4e38f66bcdb546380845d6af27187', 'CUST', 1, '624ffc3b90ed4', '8dppa1aa94atv', 'EMBED-38', 0, 1, 0, ''),
(59, 'YOPHIE', 'YOPHIE@GMAIL.COM', '087948494949', '58b4e38f66bcdb546380845d6af27187', 'CUST', 1, '6250093c2ceb7', '8dppa1aa94atv', '', 0, 1, 0, ''),
(60, 'KOMYES', 'ADRIELKOMYES123@GMAIL.COM', '0878848099', '36ab7e3c84e1857abebdf9fa4b07e63c', 'ADMIN', 1, '', '', '', 0, 0, 0, ''),
(61, 'TINO', 'TINO@GMAIL.COM', '08784848099', '58b4e38f66bcdb546380845d6af27187', 'CUST', 1, '62565d0c12013', '8dppa1aa94atv', 'EMBED-38', 0, 0, 0, ''),
(62, 'GINAWATI', 'GINA1A2345@GMAIL.COM', '08785199599', '58b4e38f66bcdb546380845d6af27187', 'CUST', 1, '625660624f4ac', '8dppa1aa94atv', 'LINK-39', 0, 1, 0, ''),
(63, 'LOLYPOP', 'LOLYPOP@GMAIL.COM', '0878481229', '58b4e38f66bcdb546380845d6af27187', 'CUST', 1, '626ce5f382722', '8dppa1aa94atv', 'LINK-40', 0, 0, 0, ''),
(64, 'REWA123', 'REWA123@GMAIL.COM', '087849499', '58b4e38f66bcdb546380845d6af27187', 'CUST', 1, '626ce85dbe779', '8dppa1aa94atv', 'LINK-40', 0, 0, 0, ''),
(65, 'PINDANG', 'PINDANG@GMAIL.COM', '0878149499', '58b4e38f66bcdb546380845d6af27187', 'CUST', 1, '626cea28c44c0', '8dppa1aa94atv', 'LINK-40', 0, 1, 0, ''),
(66, 'TIARA123', 'TIARA123@GMAIL.COM', '0874849199', '58b4e38f66bcdb546380845d6af27187', 'CUST', 1, '6277aa7acef3c', '8dppa1aa94atv', 'EBOOK-2', 4, 1, 0, ''),
(67, 'TREX', 'TREXGAG@GMAIL.COM', '08784515222', '58b4e38f66bcdb546380845d6af27187', 'CUST', 1, '6277c5d5c1f3c', '8dppa1aa94atv', 'EBOOK-2', 6, 1, 0, ''),
(68, 'PLUFFY', 'PLUFFY123@GMAIL.COM', '0879826299', '58b4e38f66bcdb546380845d6af27187', 'CUST', 1, '6277f2652fc47', '59sga1029eerb', 'EBOOK-1', 2, 1, 0, ''),
(69, 'EMBEDCOBA123', 'EMBEDCOBA@GMAIL.COM', '08789959592', '58b4e38f66bcdb546380845d6af27187', 'CUST', 1, '6278186e88ee5', '59sga1029eerb', 'EMBED-39', 0, 0, 0, ''),
(70, 'UNI', 'UNIUNI145@GMAIL.COM', '0848194090', '58b4e38f66bcdb546380845d6af27187', 'CUST', 1, '627819539e1f2', '59sga1029eerb', 'EMBED-39', 4, 0, 0, ''),
(71, 'HOANTO', 'HOANTO12@GMAIL.COM', '0878415166', '58b4e38f66bcdb546380845d6af27187', 'CUST', 1, '62781a1b3a02b', '59sga1029eerb', 'EMBED-39', 5, 1, 0, ''),
(72, 'ERLAND', 'ERLAND123@GMAIL.COM', '087125098459', '58b4e38f66bcdb546380845d6af27187', 'CUST', 1, '6279151822a6f', '8dppa1aa94atv', 'EBOOK-2', 6, 1, 0, ''),
(73, 'BAHRUDIN', 'BAHRUDIN123@GMAIL.COM', '0878400449', '58b4e38f66bcdb546380845d6af27187', 'CUST', 1, '627b7e09c53d7', '0', '', 0, 0, 0, ''),
(74, 'BAHRUDIN769', 'BAHRUDIN769@GMAIL.COM', '0878480000', '58b4e38f66bcdb546380845d6af27187', 'CUST', 1, '627b7e4024b0b', '0', '', 0, 0, 0, ''),
(75, 'AYODANCE', 'AYODANCE4@GMAIL.COM', '08785090412', '58b4e38f66bcdb546380845d6af27187', 'CUST', 1, '627b8bbed4b9b', '0', '', 0, 0, 0, ''),
(76, 'PUTIN', 'PUTINRUSIA@GMAIL.COM', '0851294949', '58b4e38f66bcdb546380845d6af27187', 'CUST', 1, '627b909b31b2d', '8dppa1aa94atv', 'LINK-38', 0, 0, 0, ''),
(77, 'PUAYA123', 'PUAYA123@GMAIL.COM', '0851020949', '58b4e38f66bcdb546380845d6af27187', 'CUST', 1, '627b916acbedf', '8dppa1aa94atv', 'EBOOK-3', 9, 0, 0, ''),
(78, 'GITA123', 'GITA123@GMAIL.COM', '08780559409', '58b4e38f66bcdb546380845d6af27187', 'CUSTOMER SERVICE', 1, '', '', '', 0, 0, 0, '');

-- --------------------------------------------------------

--
-- Table structure for table `migrations`
--

CREATE TABLE `migrations` (
  `id` int(10) UNSIGNED NOT NULL,
  `migration` varchar(255) COLLATE utf8mb4_unicode_ci NOT NULL,
  `batch` int(11) NOT NULL
) ENGINE=InnoDB DEFAULT CHARSET=utf8mb4 COLLATE=utf8mb4_unicode_ci;

--
-- Dumping data for table `migrations`
--

INSERT INTO `migrations` (`id`, `migration`, `batch`) VALUES
(83, '2022_05_08_214312_create_table_submitted_embed_checkout', 2),
(85, '2014_10_12_000000_create_users_table', 3),
(86, '2019_08_19_000000_create_failed_jobs_table', 3),
(87, '2021_11_15_143852_create_table_ticket', 3),
(88, '2021_12_07_131232_submitted_email_ebook', 3),
(89, '2022_02_08_234132_rate_review', 3),
(90, '2022_02_15_195413_update_table_product', 3),
(91, '2022_02_20_191323_create_table_followup_customers', 3),
(92, '2022_03_04_173725_update_table_member', 3),
(93, '2022_03_17_162808_softdelete_table_rate_review', 3),
(94, '2022_03_21_181846_create_table_kode_otp', 3),
(95, '2022_04_01_160140_update_table_affliate_ebook', 3),
(96, '2022_04_01_173305_table_pencatat_affiliator', 3),
(97, '2022_04_01_173502_table_pencatat_ebook_didownload', 3),
(98, '2022_04_01_180105_table_history_order', 3),
(99, '2022_04_13_222340_update_table_followup', 3),
(101, '2022_05_08_215114_create_submitted_embed_checkout', 4),
(102, '2022_04_26_153716_create_table_chat', 5);

-- --------------------------------------------------------

--
-- Table structure for table `point_card`
--

CREATE TABLE `point_card` (
  `Id_point_card` int(11) NOT NULL,
  `Date_card` date NOT NULL,
  `Id_member` int(11) NOT NULL,
  `First_point` int(11) NOT NULL,
  `Debet` int(11) NOT NULL,
  `Credit` int(11) NOT NULL,
  `Last_point` int(11) NOT NULL,
  `Type` varchar(100) NOT NULL,
  `No_reference` int(11) NOT NULL
) ENGINE=InnoDB DEFAULT CHARSET=utf8mb4;

--
-- Dumping data for table `point_card`
--

INSERT INTO `point_card` (`Id_point_card`, `Date_card`, `Id_member`, `First_point`, `Debet`, `Credit`, `Last_point`, `Type`, `No_reference`) VALUES
(17, '2021-10-29', 5, 1000, 0, 160, 840, 'Claim voucher', 19),
(18, '2021-10-29', 5, 840, 0, 10, 830, 'Claim voucher', 11),
(19, '2021-10-29', 5, 830, 0, 160, 670, 'Claim voucher', 19),
(20, '2021-10-29', 5, 670, 0, 150, 520, 'Claim voucher', 18),
(21, '2021-10-29', 5, 520, 0, 150, 370, 'Claim voucher', 18),
(22, '2021-10-29', 5, 370, 0, 10, 360, 'Claim voucher', 11),
(23, '2021-10-29', 5, 360, 0, 10, 350, 'Claim voucher', 11),
(24, '2021-10-29', 5, 350, 0, 10, 340, 'Claim voucher', 11),
(25, '2021-10-29', 5, 340, 0, 10, 330, 'Claim voucher', 11),
(26, '2021-10-29', 5, 330, 0, 10, 320, 'Claim voucher', 11),
(27, '2021-10-29', 5, 320, 0, 150, 170, 'Claim voucher', 18),
(28, '2021-10-29', 5, 170, 0, 10, 160, 'Claim voucher', 11),
(29, '2021-10-29', 5, 160, 0, 10, 150, 'Claim voucher', 11),
(30, '2021-10-29', 5, 150, 0, 10, 140, 'Claim voucher', 11),
(31, '2021-10-29', 5, 140, 0, 10, 130, 'Claim voucher', 11),
(32, '2021-10-29', 5, 130, 0, 30, 100, 'Claim voucher', 12),
(33, '2021-10-29', 5, 100, 0, 30, 70, 'Claim voucher', 12),
(34, '2021-10-29', 5, 70, 0, 15, 55, 'Claim voucher', 14),
(35, '2021-10-29', 5, 55, 0, 10, 45, 'Claim voucher', 11),
(36, '2021-10-29', 5, 45, 0, 15, 30, 'Claim voucher', 14),
(37, '2021-10-29', 5, 30, 0, 10, 20, 'Claim voucher', 11),
(38, '2021-10-29', 5, 20, 0, 15, 5, 'Claim voucher', 14),
(39, '2021-11-12', 5, 5, 0, 1, 4, 'Claim voucher', 12),
(40, '2021-12-21', 5, 4, 350, 0, 354, 'Affiliate Success', 80),
(41, '2021-12-21', 5, 354, 50, 0, 1054, 'Affiliate Success', 113),
(42, '2021-12-22', 5, 1054, 300, 0, 1354, 'Affiliate Success', 115),
(43, '2021-12-22', 40, 300, 300, 0, 300, 'Affiliate Success', 116),
(44, '2021-12-22', 40, 300, 300, 0, 600, 'Affiliate Success', 117),
(45, '2021-12-24', 5, 1354, 300, 0, 1654, 'Affiliate Success', 119),
(46, '2021-12-24', 40, 600, 300, 0, 900, 'Affiliate Success', 121),
(47, '2022-01-13', 5, 1654, 0, 10, 1644, 'Claim voucher', 21),
(48, '2022-01-13', 5, 1644, 0, 10, 1634, 'Claim voucher', 21),
(49, '2022-01-13', 5, 1634, 0, 10, 1624, 'Claim voucher', 21),
(50, '2022-03-25', 5, 1624, 0, 12, 1612, 'Claim voucher', 22),
(51, '2022-04-04', 5, 1612, 100, 0, 1712, 'Affiliate Success', 2008),
(52, '2022-04-04', 5, 1712, 0, 50, 1662, 'Claim voucher', 25),
(53, '2022-04-04', 5, 1662, 0, 10, 1652, 'Claim voucher', 26),
(54, '2022-04-04', 5, 1652, 0, 50, 1602, 'Claim voucher', 25),
(55, '2022-04-04', 5, 1602, 0, 50, 1552, 'Claim voucher', 25),
(56, '2022-04-08', 5, 1552, 300, 0, 1852, 'Affiliate Success', 2010),
(57, '2022-04-08', 5, 1852, 50, 0, 1902, 'Affiliate Success', 2011),
(58, '2022-04-08', 5, 1902, 50, 0, 1952, 'Affiliate Success', 2012),
(59, '2022-04-13', 5, 1952, 200, 0, 2152, 'Affiliate Success', 2013),
(60, '2022-04-30', 5, 2152, 0, 0, 2152, 'Affiliate Success', 2019),
(61, '2022-05-08', 5, 2152, 0, 0, 2152, 'Affiliate Success', 2030),
(62, '2022-05-08', 5, 2152, 100, 0, 2252, 'Affiliate Success', 2032),
(63, '2022-05-08', 27, 100, 100, 0, 100, 'Affiliate Success', 2033),
(64, '2022-05-09', 27, 100, 150, 0, 250, 'Affiliate Success', 2045),
(65, '2022-05-09', 5, 2252, 150, 0, 2402, 'Affiliate Success', 2052),
(66, '2022-05-09', 5, 2402, 100, 0, 2502, 'Affiliate Success', 2058),
(67, '2022-05-09', 5, 2502, 100, 0, 2602, 'Affiliate Success', 2062),
(68, '2022-05-09', 5, 2602, 100, 0, 2702, 'Affiliate Success', 2063),
(69, '2022-05-09', 5, 2702, 100, 0, 2802, 'Affiliate Success', 2067),
(70, '2022-05-09', 5, 2802, 150, 0, 2952, 'Affiliate Success', 2068),
(71, '2022-05-09', 5, 2952, 400, 0, 3352, 'Affiliate Success', 2069),
(72, '2022-05-09', 5, 3352, 150, 0, 3502, 'Affiliate Success', 2070),
(73, '2022-05-10', 5, 3502, 150, 0, 3652, 'Affiliate Success', 2071),
(74, '2022-05-10', 5, 3652, 50, 0, 3702, 'Affiliate Success', 2072),
(75, '2022-05-10', 5, 3702, 50, 0, 3752, 'Affiliate Success', 2073),
(76, '2022-05-11', 5, 3752, 0, 0, 3752, 'Affiliate Success', 2105),
(77, '2022-05-11', 5, 3752, 0, 100, 3652, 'Claim voucher', 27),
(78, '2022-05-11', 5, 3652, 0, 100, 3552, 'Claim voucher', 28);

-- --------------------------------------------------------

--
-- Table structure for table `product`
--

CREATE TABLE `product` (
  `Id_product` int(11) NOT NULL,
  `Name` varchar(100) NOT NULL,
  `Id_type` int(11) NOT NULL,
  `Packaging` varchar(20) NOT NULL,
  `Id_brand` int(11) NOT NULL,
  `Composition` varchar(500) NOT NULL,
  `Bpom` varchar(20) NOT NULL,
  `Efficacy` varchar(500) NOT NULL,
  `Description` varchar(1000) NOT NULL,
  `Storage` varchar(50) NOT NULL,
  `Dose` varchar(100) NOT NULL,
  `Disclaimer` varchar(50) NOT NULL,
  `Variation` varchar(20) NOT NULL,
  `Status` int(11) NOT NULL,
  `Rating` double(8,2) NOT NULL DEFAULT 0.00
) ENGINE=InnoDB DEFAULT CHARSET=utf8mb4;

--
-- Dumping data for table `product`
--

INSERT INTO `product` (`Id_product`, `Name`, `Id_type`, `Packaging`, `Id_brand`, `Composition`, `Bpom`, `Efficacy`, `Description`, `Storage`, `Dose`, `Disclaimer`, `Variation`, `Status`, `Rating`) VALUES
(38, 'BEKATUL BERAS MERAH', 1, 'BOX', 1, '2 SETIAP 1 KAPSUL VITAYANG BEKATUL BERAS MERAH MENGANDUNG EKSTRAK ORYZA SATIVA BRAN 350 MG....', '2 BPOM TR 162 396', '2 -MENURUNKAN KOLESTEROL DALAM DARAH.\r\n-MENURUNKAN KADAR TRIGLISERIDA DALAM DARAH.\r\n-MENCEGAH ARTERIOSKLEROSIS (PENYUMBATAN PEMBULUH DARAH)\r\n\r\nKEUNGGULAN : MERUPAKAN EKSTRAK ALAMI DARI BUBUK BEKATUL BERAS MERAH BUKAN MERUPAKAN OBAT KIMIA SINTESIS, YANG AMAN DIMINUM BAIK SEBAGAI TERAPI MAUPUN UNTUK PENCEGAHAN.', '2 BEKATUL ADALAH BAGIAN ANTARA BULIR BERAS DAN KULIT PADI (BAGIAN KULIT ARI). BEKATUL DARI BERAS MERAH KAYA AKAN BERBAGAI SENYAWA FITOKIMIA SEPERTI POLIFENOL, ANTOSIANIDIN DAN GAMMA ORYZANOL YANG TELAH TERBUKTI BERMANFAAT UNTUK MENCEGAH ARTERIOSKLEROSIS KARENA KADAR LEMAK DAN KOLESTEROL YANG TINGGI DALAM DARAH. ARTERIOSKLEROSIS ADALAH PENYEBAB UTAMA PENYAKIT JANTUNG KORONER, STROKE DAN BERBAGAI PENYAKIT AKIBAT PENYUMBATAN PEMBULUH DARAH ARTERI.', '2 DILETAKKAN DI SUHU RUANGAN', '2 DIMINUM 3X1 KAPSUL PER HARI', '2 DIMINUM 3X1 KAPSUL PER HARI', 'NONE', 1, 0.00),
(39, 'MADUKULA', 2, 'BOX', 8, 'MADU HUTAN 100%', 'POM TI 044 511 731', 'UNTUK MENGATASI ASAM LAMBUNG HINGGA GERD', 'BAGUS DAN TERBUKTI BERKHASIAT', 'SUHU RUANGAN', '1 HARI 2 SENDOK MAKAN', '1 HARI 2 SENDOK MAKAN', 'NONE', 1, 0.00),
(40, 'OMEGA 3', 1, 'DOS', 1, 'MINYAK IKAN', 'TA 1559099090', 'BGS UNTUK KOLESTEROL', '- 1000% MINYAK IKAN', 'TIDAK BOLEH KENA SINAR MATAHARI', '1 PIL SATU / HARI', '1 PIL SATU / HARI', 'NONE', 1, 0.00),
(41, 'VIT C KK INDONESIA', 1, 'DOS', 1, 'BAGUS', 'HAHAH', 'MANTAP', 'KEREN', 'HIHI', 'HEHE', 'HEHE', 'NONE', 1, 0.00),
(42, 'BLACKMORES VIT D', 1, 'DOS', 14, 'BAGUS', 'HAHAH', 'MANTAP', 'KEREN', 'HIHI', 'HEHE', 'HEHE', 'NONE', 1, 0.00),
(43, 'BLACKMORES VIT E', 1, 'DOS', 14, 'BAGUS', 'HAHAH', 'MANTAP', 'KEREN', 'HIHI', 'HEHE', 'HEHE', 'UKURAN', 1, 0.00),
(44, 'ALKALINE FOR GERD', 1, 'TABUNG', 1, 'BATU-BATUAN KOREA', '-', 'MENGOBATI ASAM LAMBUNG, MAAG, MAAG KRONIS, GERD, TUKAK LAMBUNG', 'COCOK UNTUK SEMUA USIA', '-', '1 HARI = 3-5 KALI KONSUMSI', '1 HARI = 3-5 KALI KONSUMSI', 'UKURAN', 1, 0.00),
(45, 'NATESH', 9, 'DOS', 1, 'PEMBALUT', '-', 'MANTAP', 'KEREN', '-', '-', '-', 'NONE', 1, 0.00),
(46, 'GURAH', 1, 'DOS', 15, '- CLERODENDRON SERRATUM HERBA (AKAR SANGGUGU)\r\n- ZINGIBER OFFICINALE RHIZOMA (JAHE)\r\n- KAEMPFERIA GALANGA RHIZOMA (KENCUR)\r\n- ANDROGRAPHIS PANICULATA HERBA (SAMBILOTO)\r\n- FOENICULUM VULGARE FRUCTUS (ADAS)', 'POM TR 163 396 481', '- MEMBANTU MEREDAKAN GANGGUAN PERNAPASAN (SESAK NAPAS, SINUSITIS, ASMA, TIDUR MENDENGKUR)\r\n- MEMBANTU MEREDAKAN MASALAH BATUK BERDAHAK\r\nMEMBANTU MEMBUAT SUARA MENJADI LEBIH KERAS, NYARING SERTA PANJANG\r\n- MENJADIKAN SUARA MERDU, BERSIH DAN HALUS\r\nMEMBANTU MENAMBAH VOLUME PARU-PARU DAN MEMANJANGKAN NAFAS\r\n- MENJAGA NAPAS AGAR TETAP SEGAR', 'JAMU HERBAL ALAMI\r\n\r\nISI 60 KAPSUL @500MG', 'TEMPAT ADEM', '3 KALI SEHARI, 2 KAPSUL', '3 KALI SEHARI, 2 KAPSUL', 'NONE', 1, 0.00),
(47, 'NUVO', 9, 'PLASTIK', 11, 'SABUN', '-', 'MELAWAN BAKTERI', 'SABUN ANTIBAKTERI', '-', '-', '-', 'NONE', 1, 0.00),
(48, 'KK LIFORCE LOVE FUCIA HATI UNGU CRYSTAL', 1, 'BOX', 1, '-', '-', '1. MEREDAM RADIASI ALAT ELEKTRONIK SPRTI HP, LAPTOP, KOMPUTER, TV, HAIRDRYER, MICROWAVE, DLL\r\n2. MELANCARKAN PEREDARAN DARAH\r\n3. MENINGKATKAN STAMINA TUBUH\r\n4. MENCEGAH KANKER KARENA DNA BERMUTASI\r\n5. MENGOBATI STROKE', '-CHAIN/RANTAI LIONTIN INCLUDE DALAM BOX PACKAGING \r\n- DIAMETER GELANG 6 CM \r\n-ENERGI SKALAR MURNI (BUKAN MAGNET/ ION/FAR INFRA RED) \r\n- MADE IN USA\r\n-GARANSI 3 BULAN', '-', '-', '-', 'NONE', 1, 0.00),
(49, 'KANGZEN MEDIGEL ORGANIC ALOE VERA', 1, 'TUBE', 1, 'ALOE VERA', '-', 'DAPAT DIGUNAKAN UNTUK BERBAGAI MASALAH SEPERTI: MENYEMBUHKAN IRITASI RINGAN PADA KULIT, GIGITAN SERANGGA (SEMUT, TAWON, LEBAH), UBUR-UBUR DLL. LUKA KECIL, LECET, SARIAWAN, BISUL, DAN JERAWAT.', 'KANDUNGAN UTAMANYA ADALAH VARIETAS ALOE BARBADENSIS TERBAIK DI DUNIA, YANG DIBUDIDAYAKAN DENGAN TEKNIK MUTAKHIR DI LEMBAH RIO GRANDE, TEXAS, AMERIKA.\r\nBEBAS ALLOIN (GETAH KUNING ALOE VERA) KARENA DIFORMULASIKAN DENGAN TEKNOLOGI TINGGI SEHINGGA TIDAK MENYEBABKAN GATAL/IRITASI PADA KULIT DAN MATA.\r\nMENGANDUNG ALLANTOIN ALAMI DAN EKSTRAK TANAMAN BERKHASIAT SEPERTI CHAMOMILE, YARROW, COMFREY, DAN NETTLE SEBAGAI CONDITIONING UNTUK KULIT.', '-', '-', '-', 'NONE', 1, 0.00),
(50, 'KANGZEN PASTA GIGI', 9, 'TUBE', 1, 'SODIUM MONOFLUOROPHOSPHATE, CALCIUM CARBONATE, ALLANTOIN, MENTHA PIPERITA OIL', '-', 'MENTHA PIPERITA PADA KANGZEN PASTA GIGI BAGI KESEHATAN MULUT DAN GIGI YAITU MEMBERIKAN RASA SEGAR PADA PERNAFASAN, MEMBANTU MENGATASI PERKEMBAN GAN JAMUR DAN BAKTERI PENYEBAB BAU MULUT, ANTI NYERI, MENGURANGI EFEK IRITASI, SEBAGAI PELEMBAB SEHINGGA MEMBANTU MENYEMBUHKAN BIBIR PECAH-PECAH.', 'MEMPERKUAT ENAMEL GIG DENGAN CARA MEMBUATNYA RESISTEN TERHADAP ASAM DAN MENGHAMBAT BAKTERI UNTUK MEMPRODUKSI ASAM. JUGA SEBAGAI ANTI CARIES.', '-', '-', '-', 'NONE', 1, 0.00),
(51, 'HERBANA RELIEF SARI JAHE MERAH', 1, 'BOTOL', 16, 'JAHE MERAH', 'TR 142 378 491', 'MEMBANTU MEREDAKAN PERUT KEMBUNG', 'HERBANA MENYEDIAKAN ALTERNATIF UNTUK GAYA HIDUP YANG LEBIH SEHAT DENGAN MENGKOMBINASIKAN KEARIFAN LOKAL DENGAN PROSES YANG MODERN, SEHINGGA ANDA BISA MENIKMATI POTENSI DARI ALAM DENGAN LEBIH MUDAH. HERBANA TERBUAT DARI EKSTRAK TUNGGAL TUMBUHAN YANG DIPROSES DENGAN MENGGUNAKAN SYSTEM QUADRA EXTRACTION.', 'TEMPAT ADEM', '3X1 KAPSUL', '3X1 KAPSUL', 'NONE', 1, 0.00),
(52, 'VITAYANG KAPSUL STOPIRAI ASAM URAT', 1, 'BOX', 1, 'SIDA RHOMBIFOLIA (SIDAGURI)\r\nANDROGRAPHIS PANICULATA (SAMBILOTO)\r\nAPIUM GRAVEOLENS (SELEDRI)', '-', 'MENGOBATIN ASAM URAT', 'VITAYANG STOPIRAI DAPAT MEMBANTU MEREDAKAN GEJALA DAN MENCEGAH KEKAMBUHAN ASAM URAT. STOPIRAI MENGANDUNG 3 JENIS EKSTRAK HERBAL ALAMI UNTUK MENGURANGI KADAR ASAM URAT DALAM DARAH YAITU :', '-', '3X1-2 KAPSUL/ HARI SESUDAH MAKAN.', '3X1-2 KAPSUL/ HARI SESUDAH MAKAN.', 'NONE', 1, 0.00),
(53, 'KANGZEN TRANSPARANT SOAP WITH TEA TREE OIL', 9, 'KOTAK', 1, 'TEA TREE OIL', '-', 'MENJAGA KELEMBABAN KULIT, MEMBATASI PERTUMBUHAN BAKTERI P. ACNE DAN MENGURANGI PERADANGAN.', 'HASILNYA KULIT YANG SEHAT, SEGAR DAN LEMBUT MENJADI MILIK ANDA.', '-', '-', '-', 'NONE', 1, 0.00),
(54, 'KANGZEN TRANSPARANT SOAP EPO (100 GR)', 9, 'KOTAK', 1, 'EVENING PRIMROSE OIL (EPO),  GLYSERIN DAN BERBAHAN DASAR MINYAK KELAPA.', '-', 'SABUN PEMBERSIH MUKA', 'DENGAN PH SEIMBANG SABUN INI JUGA COCOK DIPAKAI UNTUK KULIT SENSITIF.', '-', '-', '-', 'NONE', 1, 0.00),
(55, 'KRISTINE KO-KOOL REFRESHING CREAM', 9, 'DOS', 1, 'EKSTRAK WITCH HAZEL, CHAMOMILE, GINGKO DAN LAINNYA.', '-', 'MENGANDUNG NUTRISI DAN PELEMBAB', 'MELEMBUTKAN KULIT DI SAMPING DIGUNAKAN JUGA SEBAGAI PELINDUNG SINAR MATAHARI.', '-', '-', '-', 'UKURAN', 1, 0.00),
(56, 'VITAYANG WHOLE GRAINS', 5, 'DOS', 1, 'KACANG KEDELAI, BERAS MERAH, POTONGAN SEREAL, EKSTRAK MALT, SEREAL BUBUK, KEDELAI, OAT, KACANG KENARI, SERAT GANDUM, UBI UNGU, GANDUM HITAM, KACANG KEDELAI HITAM, BARLEY, KACANG TANAH, KACANG HAZEL, WIJEN HITAM, JAMUR KUPING HITAM BUBUK.', '-', 'UNTUK SARAPAN', 'ISI 1 BOX = 15 SACHET\r\n\r\nMINUMAN SEREALIA YANG DAPAT MENJADI TEMAN SARAPAN YANG SEHAT.', '-', '-', '-', 'UKURAN', 1, 0.00),
(57, 'MINUMAN SERBUK SUSU KACANG KEDELAI SOYA BEAN', 1, 'DOS', 1, 'SOYA BEAN POWDER', '-', 'SUMBER SERAT YANG MENYEHATKAN SALURAN PENCERNAAN.', 'KK MINUMAN SERBUK KEDELAI, MINUMAN ISTIMEWA, PELENGKAP NUTRISI UNTUK KESEHATAN YANG OPTIMAL. MINUMAN ALAMI BERKUALITAS TINGGI INI TERBUAT DARI KACANG KEDELAI BERMUTU TINGGI.', '-', '-', '-', 'UKURAN', 1, 0.00),
(58, 'KOPI WHITE COFFEE GINSENG ALAMI', 1, 'DOS', 1, 'KRIMER NABATI, GULA PASIR, KOPI, EKSTRAK GINSENG AMERIKA.', '-', 'MENINGKATKAN STAMINA\r\nBAIK UNTUK KESUBURAN', 'SAJIAN KOPI YANG BANYAK DI GANDRUNGI SAAT INI ADALAH WHITE COFFEE. CITA RASANYA YANG TERSENDIRI MEMBERIKAN KESAN YANG BERBEDA BAGI PARA PENIKMATNYA. KADAR ASAM YANG RENDAH SEHINGGA TIDAK BERPENGARUH PADA LAMBUNG DAN TIDAK MENIMBULKAN KEMBUNG MENJADI NILAI TERSENDIRI, SEHINGGA WHITE COFFEE MEMUNGKINKAN DITERIMA LUAS OLEH MASYARAKAT TERSEMASUK MEREKA YANG JARANG MINUM KOPI.', '-', '-', '-', 'NONE', 1, 0.00),
(59, 'KOPI TONGKAT ALI 5 IN 1', 1, 'DOS', 1, 'KOPI INSTAN (20,7%), JINTEN HITAM (2,5%), GINSENG AMERIKA, GULA, KRIMER NABATI.', 'BPOM 869031004136', 'MEMBANTU MERINGANKAN STRESS FISIK (ADAPTOGEN).', 'JINTEN HITAM TELAH LAMA DIKENAL SEBAGAI HERBAL YANG DAPAT MEMELIHARA BAHKAN MENGATASI BERBAGAI MASALAH KESEHATAN, KARENA MENGANDUNG BANYAK NUTRISI SEPERTI SENG, ASAM LINOLEIC, ASAM OLEAT, KALSIUM, KALIUM, ZAT BESI, VITAMIN A, B, DAN C, OMEGA 3 DAN OMEGA 6 DAN BERBAGAI SENYAWA FITOKIMIA SEHINGGA SANGAT MEMBANTU DALAM MENINGKATKAN KEKEBALAN TUBUH, MENINGKATKAN STAMINA, MELANCARKAN SIRKULASI DARAH, MENINGKATKAN KONSENTRASI DAN DAYA INGAT.', '-', '-', '-', 'NONE', 1, 0.00),
(60, 'KK SINBISU', 9, 'TUBE', 1, 'BATU ALAMI', '-', 'MENINGKATKAN PH AIR MINUM JADI BASA (7,3-9,5)', 'SEBELUM TIDUR MASUKKAN 1 STIK SINBISU KE DALAM BOTOL BERISI 500-1000ML AIR PUTIH LAYAK MINUM. BIARKAN SEMALAM, BESOK PAGI AIR ALKALI SUDAH SIAP UNTUK DIMINUM.\r\n\r\nUNTUK KEBUTUHAN KELUARGA ANDA BISA GUNAKAN 2 STIK SINBISU KEDALAM 1-2 LITER AIR.\r\nAIR ALKALI YG DIHASILKAN DAPAT DIPINDAHKAN KE BOTOL LAIN, AGAR ANDA DAPAT MEMPROSES AIR ALKALI BARU.', '-', '-', '-', 'NONE', 1, 0.00),
(61, 'VITAYANG COLLATHION', 5, 'DOS', 1, 'MARINE COLLAGEN (FISH COLLAGEN), L-GLUTATHIONE, BLACKCURRANT EXTRACT, LEMON EXTRACT, GRAPE EXTRACT, APPLE EXTRACT, FRUCTOSE, INULIN', '-', '1. MEMELIHARA KESEHATAN DAN ELASTISITAS/KEKENCANGAN KULIT.\r\n2. MENCEGAH DAN MENGURANGI KERUT/KERIPUT PADA\r\n3. MENCEGAH DAN MENGURANGI FLEK.', 'SEKITAR 30-35% PROTEIN YANG KITA KONSUMSI AKAN DIUBAH MENJADI KOLAGEN. KOLAGEN TERKONSENTRASI PALING TINGGI PADA KULIT, SEKITAR 75% JARINGAN KULIT TERSUSUN ATAS KOLAGEN. KOLAGEN PADA KULIT BERMANFAAT UNTUK MEMBENTUK STRUKTUR, KEKUATAN DAN ELASTISITAS KULIT. PENURUNAN PRODUKSI KOLAGEN DAPAT MENYEBABKAN KULIT MENJADI KENDUR, KERIPUT DAN MENIPIS. SELEPAS USIA 25 TAHUN, PRODUKSI KOLAGEN MULAI MENURUN DAN SEMAKIN CEPAT PENURUNAN PRODUKSINYA DENGAN SEMAKIN BERTAMBAHNYA USIA. BERTAMBAHNYA USIA JUGA MEMBUAT PRODUKSI ANTIOKSIDAN ENZIMATIK L-GLUTATHIONE BERKURANG. L-GLUTATHIONE TERKONSENTRASI TINGGI PADA JARINGAN KULIT YANG BERFUNGSI MENJAGA KOLAGEN DAN SEL-SEL KULIT LAIN DARI KERUSAKAN OKSIDATIF.', '-', '-', '-', 'NONE', 1, 0.00),
(62, 'VITAYANG BEAULOCK', 1, 'DOS', 1, 'ASTAXANTHIN', '-', 'MENGURANGI GARIS-GARIS HALUS, KERIPUT, KULIT KERING, HIPERPIGMENTASI, KULIT KENDOR DAN MASALAH KULIT LAINNYA.', 'KANDUNGAN ASTAXANTHIN BERKUALITAS KINI HADIR DALAM VITAYANG BEAULOCK, ANTIOKSIDAN KUAT, KHUSUS DAN ALAMI BAGI KULIT, BERASAL DARI EKSTRAK HAEMATOCOCCUS PLUVIALIS. MELINDUNGI KULIT SAMPAI LAPISAN PALING DALAM DARI RADIKAL BEBAS PENCETUS PENUAAN. SAAT USIA MULAI 18 TAHUN, SANGAT DISARANKAN KONSUMSI VITAYANG BEAULOCK, TERUTAMA BAGI YANG SUDAH MEMILIKI MASALAH PADA KULIT (BERJERAWAT, WARNA KULIT TIDAK MERATA, HIPERPIGMENTASI, KERIPUT HALUS, DSBNYA).', '-', '-', '-', 'UKURAN', 1, 0.00),
(63, 'VITAYANG CHLOVERA', 5, 'DOS', 1, '- MORUS ALBA FOLIUM EXTRACT 35 MG\r\n- ALOE VERA FOLIUM EXTRACT 80 MG\r\n- BAHAN TAMBAHAN: STEVIA, LIME FLAVOR, DEXTROSE', '-', '1. MEMBANTU MENYEHATKAN SISTEM PENCERNAAN\r\n2. MEMBANTU MELANCARKAN BAB', 'TUANG 1 SACHET VITAYANG CHLOVERA KE DALAM 250ML AIR SUHU BIASA, LALU ADUK RATA.\r\n SEBAIKNYA TIDAK DISEDUH DENGAN AIR PANAS AGAR TIDAK MERUSAK MANFAATNYA.', '-', '1 SAMPAI 3 SACHET/HARI', '1 SAMPAI 3 SACHET/HARI', 'NONE', 1, 0.00),
(64, 'VITAYANG SUSU SKIM BUBUK ORIGINAL', 1, 'DOS', 1, 'SUSU SAPI KHUSUS', '-', 'MEMBANTU MEYEIMBANGKAN SISTEM KEKEBALAN TUBUH ( IMMUNOMODULATOR)', 'MAKANAN FUNGSIONAL KK SUSU SKIM COLOSTRUM MERUPAKAN SUSU COLOSTRUM YANG TIDAK SAJA SANGAT KAYA AKAN NUTRISI DAN FAKTOR TUMBUH TETAPI LEBIH DARI ITU IA SANGAT KAYA AKAN FAKTOR-FAKTOR IMUN (TERUTAMA IG-G).', '-', 'DEWASA : 1-2 SACHET', 'DEWASA : 1-2 SACHET', 'UKURAN', 1, 0.00),
(65, 'VITAYANG MARINE CALCIUM', 5, 'DOS', 1, 'CALCIUM FISH BONE 500 MG.', 'HAHAH', 'MENCEGAH OSTEOPOROSIS.\r\n- MEMPERKUAT TULANG DAN GIGI.\r\n- MENJAGA KESEHATAN FUNGSI OTOT.\r\n- MEMBANTU MENJAGA IRAMA JANTUNG TETAP TERATUR.\r\n- MEMBANTU PENYERAPAN VITAMIN B12.', 'PAKET VITAYANG MARINE CALCIUM 3 BOX = 3X30 KAPSUL', '-', '2X1 KAPSUL/HARI', '2X1 KAPSUL/HARI', 'NONE', 1, 0.00),
(66, 'KRISTINE KO-KOOL PEARL NOURISH CREAM', 9, 'DOS', 1, 'PEARL', '-', 'BERFUNGSI UNTUK MENCERAHKAN WARNA KULIT, MENGHALUSKAN DAN MEMPERBAHARUI SEL KULIT.', 'DENGAN KANDUNGAN KADAR SPF 15 BERFUNGSI UNTUK MELINDUNGI KULIT DARI SINAR UV YANG BERBAHAYA SERTA MEMBANTU REGENERASI SEL-SEL BARU.\r\nPEARL NOURISH CREAM BERMANFAAT UNTUK MELEMBABKAN KULIT MENCEGAH KEKERINGAN DAN KULIT KASAR.', '-', '-', '-', 'UKURAN', 1, 0.00),
(67, 'SUPERGREEN FOOD', 1, 'DOS', 1, 'ALGA CHORELLA DAN SPIRULINA', '-', 'MULTI VITAMIN PENINGKAT IMUN TUBUH', 'MENINGKATKAN IMUNITAS TUBUH', '-', '5-10 TABLET', '5-10 TABLET', 'UKURAN', 1, 0.00),
(68, 'VITAYANG HI PROTEIN', 5, 'DOS', 1, 'SUSU PROTEIN', '-', 'ATLIT DAN BODY BUILDER', 'ISI 1 BOX = 10 SACHET\r\nPAKET VITAYANG HI-PROTEIN 3 BOX = 3X10 SACHET', '-', '-', '-', 'NONE', 1, 0.00),
(69, 'VITAYANG MATCHA KK INDONESIA', 1, 'DOS', 1, 'KATEKIN TEH HIJAU', '-', 'TEH HIJAU MENGANDUNG BERBAGAI SENYAWA POLIFENOL TERUTAMA KATEKIN YANG BAIK BAGI KESEHATAN KARDIOVASKULER, PENCERNAAN, KULIT, ANTIRADANG, ANTIMUTAGENIK, DAYA TAHAN TUBUH HINGGA PENURUNAN BERAT BADAN.', 'ISI 1 BOX = 10 SACHET\r\nPAKET VITAYANG MATCHA 3 BOX = 3X10 SACHET\r\n\r\nMINUMAN TEH HIJAU BER-KLOROFIL', '-', '-', '-', 'NONE', 1, 0.00),
(70, 'KK HYDROGEN WATER BOTTLE', 9, 'DOS', 1, '-', '-', '1. PERANGKAT ELEKTROLISIS BERBAHAN TITANIUM UNTUK MENGHASILKAN ION HIDROGEN YANG LEBIH TINGGI.\r\n2. PROSES ELEKTROLIS CEPAT HANYA BUTUH 5 MENIT.', 'CARA PEMAKAIAN :\r\n1. BUKA TUTUP HYDROGEN WATER BOTTLE (HWB)\r\n2. TUANGKAN AIR MINUM KE DALAM HWB HINGGA BATAS BAWAH LEHER BOTOL.\r\nINGAT ...BOTOL HANYA BOLEH DIISI DENGAN AIR PUTIH SAJA, SUHU AIR MINUM MAKSIMAL 400C.\r\n3. TUTUP BOTOL KEMBALI. ALAT SIAP UNTUK DIAKTIFKAN.', '-', '-', '-', 'NONE', 1, 0.00),
(71, 'VITAYANG VP', 5, 'DOS', 1, '1. GINSENG (KOREA)\r\n2. L-ARGININE (INDIA)\r\n3. RED ALGAE (CHINA)\r\n4. SPIRULINA (SPANYOL)\r\n5. VITAMIN C (CHINA)\r\n6. BLACKCURRANT (SPANYOL)\r\n7. EKSTRAK BUAH & SAYUR (PRANCIS)', '-', '1. MELANCARKAN SIRKULASI DARAH, TERUTAMA SIRKULASI DARAH BAGIAN REPRODUKSI,\r\n2. MENINGKATKAN STAMINA & VITALITAS PRIA,', 'OBAT KUAT UNTUK VITALITAS SEX PRIA DEWASA 100% ALAMI HERBAL\r\n\r\nISI 1 BOX = 6 SACHET\r\nPAKET VITAYANG VP 2 BOX = 2X6 SACHET\r\n\r\nHASILNYA SEDAHSYAT V**GRA, SEAMAN AIR PUTIH.\r\nMINUMAN BOTANIKAL SERBUK RASA KOPI.', '-', '-', '-', 'NONE', 1, 0.00),
(72, 'NIWANA SOD', 5, 'DOS', 1, '100% BAHAN ALAMI.', '-', 'MULTI ANTIOKSIDAN, JAUH LEBIH EFEKTIF DARIPADA ANTIOKSIDAN TUNGGAL.\r\nSEBUAH ANTIOKSIDAN ANALOG (BEKERJA ENZIMATIK ANTIOKSIDAN AKTIF (SOD) ALAMI DALAM TUBUH.', 'MELINDUNGI SEL DARI KERUSAKAN OKSIDATIF (YANG DISEBABKAN OLEH RADIKAL BEBAS) KERUSAKAN OKSIDATIF ADALAH AWAL DARI BERBAGAI GANGGUAN / PENYAKIT DEGENERATIF. NIWANA ADALAH SUPLEMEN YANG TELAH BANYAK DIANALISA DAN DIKEMBANGKAN SESUAI DENGAN PERSYARATAN DAN TELAH DIBUKTIKAN MELALUI STUDI KLINIS DAN FARMAKOLOGIS BIOLOGI MOLEKULER DAN FITOKIMIA.', '-', '-', '-', 'NONE', 1, 0.00),
(73, 'SILVIANG 3 KK INDONESIA', 9, 'DOS', 1, '-', '-', 'MENGHASILKAN VIBRASI ATAU GETARAN MIKROSONIK SEBANYAK 8200X/PERMENIT. YANG DAPAT MEMBERSIHKAN SERTA MENGANGKAT SISA KOTORAN DAN MINYAK ( SEBUM ) SAMPAI KE PORIPORI TERDALAM KULIT.', 'REVOLUSI SISTEM PERAWATAN WAJAH\r\nSILVIANG HOT & COOL SKIN DEVICE MERUPAKAN SEBUAH REVOLUSI SISTEM PERAWATAN WAJAH TERLENGKAP DAN TERCANGGIH SAAT INI.DIBAWAH SUPERVISI SPESIALIS PERAWATAN KULIT, BERDASARKAN PENGALAMAN DAN PENGEMBANGANNYA SELAMA 46 TAHUN DIDUNIA KECANTIKAN TERCIPTALAH SILVIANG HOT & COOL SKIN DEVICE YANG MENGKOMBINASIKAN TIGA THERAPI DI DALAM SATU ALAT', '-', '-', '-', 'JENIS', 1, 0.00),
(74, 'VITAYANG COENZYME Q10', 1, 'DOS', 1, 'CO-Q10', '-', 'MEMBANTU PEMBENTUKAN ENERGI.\r\nMENJAGA ELASTISITAS DAN KONTRAKSI OTOT JANTUNG DAN OTOT ORGAN-ORGAN DALAM SEHINGGA MEMBANTU MENCEGAH PENYAKIT JANTUNG KORONER DAN HIPERTENSI.', 'DALAM PROSES PRODUKSI ENERGI MEMBUTUHKAN ENZIM/ KOENZIM DAN YANG PALING BERPERAN DALAM PEMBENTUKAN ATP ADALAH KOENZIM Q-10 (CO-Q10). ATP ADALAH BENTUK ENERGI YANG DIBUTUHKAN UNTUK MENJALANKAN SEMUA PROSES METABOLISME/BIOKIMIA TUBUH.\r\n\r\nCO-Q10 JUGA BERPERAN SEBAGAI PENETRAL RADIKAL BEBAS YANG TERBENTUK SELAMA PROSES PRODUKSI ENERGI. CO-Q10 DAPAT DIPRODUKSI OLEH TUBUH, NAMUN JUMLAH DAN EFEKTIVITASNYA MENURUN DENGAN BERTAMBAHNYA USIA.', '-', '-', '-', 'NONE', 1, 0.00),
(75, 'VITAYANG KAPSUL SLIMMING', 1, 'DOS', 1, 'CAMMELIA SINENSIS FOLIUM (TEH HIJAU)100 MG\r\nGUAZUMAE ULMIFOLIA FOLIUM (JATI BELANDA)300 MG\r\nGARCINIA ATROVIRIDIS FRUIT (GELUGUR)150 MG', '-', 'MEMBANTU MENGURANGI LEMAK TUBUH.', 'ATASI KEGEMUKAN/OBESITAS DENGAN VITAYANG KAPSUL SLIMMING. VITAYANG KAPSUL SLIMMING MENGANDUNG 3 JENIS HERBAL YANG SUDAH LAMA DIKENAL EFEKTIF UNTUK MENURUNKAN BERAT BADAN, YAITU TEH HIJAU, JATI BELANDA DAN GELUGUR.', '-', '-', '-', 'NONE', 1, 0.00),
(76, 'VITAYANG RAW MEAL KK INDONESIA', 5, 'DOS', 1, 'BIJI-BIJIAN, SEREAL, SAYUR, BUAH, KACANG-KACANGAN, RUMPUT LAUT', '-', 'BAGUS UNTUK DIET', 'MAKANAN PADAT GIZI YANG DIPROSES DENGAN TEKNOLOGI LYOPHILIZATION/FREEZE DRYING\r\nKEUNGGULAN TEKNOLOGI FREEZE DRYING DIBANDINGKAN TEKNIK PENGERINGAN LAIN ADALAH MEMPERTAHANKAN MUTU BAHAN (ZAT GIZI, ENZIM-ENZIM, SENYAWA FITOKIMIA, RASA, WARNA, AROMA) SAMA SEPERTI MENTAHNYA.', '-', '-', '-', 'NONE', 1, 0.00),
(77, 'KK KACAMATA ION', 9, 'DOS', 1, '-', '-', 'ANTI RADIASI, PENGAMAN MATA DARI SINAR HANDPHONE/LAPTOP/TV', 'ANTI BLUE LIGHT\r\n TEKNOLOGI MELINDUNGI MATA DARI SINAR BIRU PADA ALAT -ALAT ELEKTRONIK (HP, LAPTOP, DSB)\r\n MENGHALANGI MATA DARI BAHAYA SINAR UV\r\n MENCEGAH MATA LELAH, SAKIT KEPALA, PENGLIHATAN KABUR KARENA INTERAKSI LAMA DENGAN ALAT ELEKTRONIK.\r\n MENINGKATKAN PERFORMA VISUAL', '-', '-', '-', 'JENIS', 1, 0.00),
(78, 'BMC BIO CREAM', 9, 'DOS', 1, 'WATER, PECTIN, MENTHA PIPERITA', '-', 'MELEMBABKAN DAN MEMBERIKAN RASA DINGIN PADA KULIT.', 'MEMBANTU MERINGANKAN IRITASI KULIT.\r\nMEMBANTU MERINGANKAN PERADANGAN KULIT.', '-', '-', '-', 'NONE', 1, 0.00),
(79, 'HERBANA RELIEF SARI KUNYIT', 2, 'BOTOL', 16, 'KUNYIT', 'POM.TR 152 388 171', 'MEMBANTU MERINGANKAN GANGGUAN LAMBUNG SEPERTI MUAL, MUNTAH, RASA PERIH/TIDAK ENAK DI ULU HATI DAN KEMBUNG', 'HERBANA MENYEDIAKAN ALTERNATIF UNTUK GAYA HIDUP YANG LEBIH SEHAT DENGAN MENGKOMBINASIKAN KEARIFAN LOKAL DENGAN PROSES YANG MODERN, SEHINGGA ANDA BISA MENIKMATI POTENSI DARI ALAM DENGAN LEBIH MUDAH. HERBANA TERBUAT DARI EKSTRAK TUNGGAL TUMBUHAN YANG DIPROSES DENGAN MENGGUNAKAN SYSTEM QUADRA EXTRACTION.\r\n\r\nDIPRODUKSI OLEH PT DELTOMED LABORATORIES', '-', '-', '-', 'NONE', 1, 0.00),
(80, 'HERBANA RELIEF SARI JINTEN HITAM', 1, 'BOTOL', 16, 'JINTEN HITAM', 'BPOM: TR 142 379 951', 'IMMUNE BOOSTER', 'HERBANA MENYEDIAKAN ALTERNATIF UNTUK GAYA HIDUP YANG LEBIH SEHAT DENGAN MENGKOMBINASIKAN KEARIFAN LOKAL DENGAN PROSES YANG MODERN, SEHINGGA ANDA BISA MENIKMATI POTENSI DARI ALAM DENGAN LEBIH MUDAH. HERBANA TERBUAT DARI EKSTRAK TUNGGAL TUMBUHAN YANG DIPROSES DENGAN MENGGUNAKAN SYSTEM QUADRA EXTRACTION.', '-', '2X2 KAPSUL', '2X2 KAPSUL', 'NONE', 1, 0.00),
(81, 'HERBANA RELIEF SARI DAUN KELOR', 1, 'BOTOL', 16, 'DAUN KELOR', 'BPOM: TR 142 381 121', 'BERKHASIAT UNTUK MEMBANTU MEMELIHARA KESEHATAN', 'HERBANA MENYEDIAKAN ALTERNATIF UNTUK GAYA HIDUP YANG LEBIH SEHAT DENGAN MENGKOMBINASIKAN KEARIFAN LOKAL DENGAN PROSES YANG MODERN, SEHINGGA ANDA BISA MENIKMATI POTENSI DARI ALAM DENGAN LEBIH MUDAH. HERBANA TERBUAT DARI EKSTRAK TUNGGAL TUMBUHAN YANG DIPROSES DENGAN MENGGUNAKAN SYSTEM QUADRA EXTRACTION.\r\n\r\nDIPRODUKSI OLEH PT DELTOMED LABORATORIES', '-', '2X2 KAPSUL', '2X2 KAPSUL', 'NONE', 1, 0.00),
(82, 'HERBANA RELIEF SARI PASAK BUMI', 1, 'BOTOL', 11, 'PASAK BUMI', 'BPOM: TR 142 378 541', 'BERKHASIAT UNTUK MEMBANTU MEMELIHARA STAMINA PRIA', 'HERBANA MENYEDIAKAN ALTERNATIF UNTUK GAYA HIDUP YANG LEBIH SEHAT DENGAN MENGKOMBINASIKAN KEARIFAN LOKAL DENGAN PROSES YANG MODERN, SEHINGGA ANDA BISA MENIKMATI POTENSI DARI ALAM DENGAN LEBIH MUDAH. HERBANA TERBUAT DARI EKSTRAK TUNGGAL TUMBUHAN YANG DIPROSES DENGAN MENGGUNAKAN SYSTEM QUADRA EXTRACTION.\r\n\r\nDIPRODUKSI OLEH PT DELTOMED LABORATORIES', '-', '2X1 KAPSUL', '2X1 KAPSUL', 'NONE', 1, 0.00),
(83, 'HERBANA RELIEF SARI TONGKAT ALI', 1, 'BOTOL', 16, 'TONGKAT ALI / LONG JACK', 'BPOM: TR 142 378 541', 'VITALITAS PRIA', 'HERBANA MENYEDIAKAN ALTERNATIF UNTUK GAYA HIDUP YANG LEBIH SEHAT DENGAN MENGKOMBINASIKAN KEARIFAN LOKAL DENGAN PROSES YANG MODERN, SEHINGGA ANDA BISA MENIKMATI POTENSI DARI ALAM DENGAN LEBIH MUDAH. HERBANA TERBUAT DARI EKSTRAK TUNGGAL TUMBUHAN YANG DIPROSES DENGAN MENGGUNAKAN SYSTEM QUADRA EXTRACTION.\r\n\r\nDIPRODUKSI OLEH PT DELTOMED LABORATORIES', '-', '2X1 KAPSUL', '2X1 KAPSUL', 'NONE', 1, 0.00),
(84, 'HERBANA RELIEF SARI MENIRAN', 1, 'BOTOL', 16, 'SARI MENIRAN', 'BPOM: TR 142 378 501', 'IMMUNE BOOSTER', 'HERBANA MENYEDIAKAN ALTERNATIF UNTUK GAYA HIDUP YANG LEBIH SEHAT DENGAN MENGKOMBINASIKAN KEARIFAN LOKAL DENGAN PROSES YANG MODERN, SEHINGGA ANDA BISA MENIKMATI POTENSI DARI ALAM DENGAN LEBIH MUDAH. HERBANA TERBUAT DARI EKSTRAK TUNGGAL TUMBUHAN YANG DIPROSES DENGAN MENGGUNAKAN SYSTEM QUADRA EXTRACTION.\r\n\r\nDIPRODUKSI OLEH PT DELTOMED LABORATORIES', '-', '1X1 KAPSUL', '1X1 KAPSUL', 'NONE', 1, 0.00),
(85, 'HERBANA RELIEF SARI DAUN KATUK', 1, 'BOTOL', 16, 'DAUN KATUK', 'BPOM: TR 142 379 941', 'BERKHASIAT UNTUK MEMBANTU MELANCARKAN AIR SUSU IBU (ASI)', 'HERBANA MENYEDIAKAN ALTERNATIF UNTUK GAYA HIDUP YANG LEBIH SEHAT DENGAN MENGKOMBINASIKAN KEARIFAN LOKAL DENGAN PROSES YANG MODERN, SEHINGGA ANDA BISA MENIKMATI POTENSI DARI ALAM DENGAN LEBIH MUDAH. HERBANA TERBUAT DARI EKSTRAK TUNGGAL TUMBUHAN YANG DIPROSES DENGAN MENGGUNAKAN SYSTEM QUADRA EXTRACTION.\r\n\r\nDIPRODUKSI OLEH PT DELTOMED LABORATORIES', '-', '2X2 KAPSUL', '2X2 KAPSUL', 'NONE', 1, 0.00),
(86, 'CALCIUM SHUTANG TIENSI THIANSI', 1, 'DOS', 17, 'CALCIUM POWDER : SL132200811', 'SL132200811', 'MENINGKATKAN FUNGSI PANKREAS, MENURUNKAN KADAR GULA DARAH', 'SANGAT DISARANKAN UNTUK :\r\n PENDERITA DIABETES DAN ORANG YANG MEMILIKI KADAR GULA DARAH TINGGI', '-', 'SEHARI 2 BUNGKUS , DISEDUH DENGAN AIR HANGAT', 'SEHARI 2 BUNGKUS , DISEDUH DENGAN AIR HANGAT', 'NONE', 1, 0.00),
(87, 'CHITIN CHITOSAN CAPSULE', 1, 'DOS', 17, 'HERBAL', 'SL112300721', 'MENURUNKAN BERAT BADAN,\r\n MENYERAP KOLESTROL DAN MENGELUARKANNYA DARI TUBUH,\r\n MEMPERBAIKI PERNCERNAAN', 'DISTRIBUTOR RESMI TIENS INDONESIA SEJAK 2013\r\nBUKAN RESELLER DAN DROPSHIP\r\n( PESAN DI HARI KERJA LANGSUNG DIKIRIM DI HARI YANG SAMA )', '-', 'KALI SEHARI MASING-MASING 2-4 KAPSUL', 'KALI SEHARI MASING-MASING 2-4 KAPSUL', 'NONE', 1, 0.00),
(88, 'MUNCORD CAPSULES CORDCEPS ORIGINAL', 1, 'DOS', 17, 'MUNCORD', 'TI174356811', 'MENINGKATKAN FUNGSI , MENGHILANGKAN RASA LETIH', 'DISTRIBUTOR RESMI TIENS INDONESIA SEJAK 2013\r\nBUKAN RESELLER DAN DROPSHIP\r\n( PESAN DI HARI KERJA LANGSUNG DIKIRIM DI HARI YANG SAMA )', '-', '-', '-', 'NONE', 1, 0.00),
(89, 'TIANSI VITALINE SOFTGEL TIENSI', 1, 'DOS', 17, 'MINYAK KECAMBAH GANDUM, LECHITIN, BETA CAROTEN', 'SL034308661', 'MENJAGA KUALITAS DAN SEL AWET MUDA (ANTI PENUAAN DINI)', 'SPESIFIKASI PRODUK :\r\n 1 BOTOL SEGEL ISI 30 KAPSUL\r\n NO BPOM : SL034308661\r\n HALAL MUI\r\n EXPIRED LAMA', '-', '2 KALI MINUM SEHARI', '2 KALI MINUM SEHARI', 'NONE', 1, 0.00),
(90, 'CALCIUM POWDER ORIGINAL', 1, 'DOS', 17, 'CALCIUM POWDER', 'SL132200821', 'MENCUKUPI KEBUTUHAN KALSIUM TULANG, MEMPERTAHANKAN KESEHATAN TULANG', 'PRODUK DIJAMIN 100% ASLI & ORIGINAL TIENS EXPIRED LAMA', 'TEMPAT ADEM', 'SEHARI 1 BUNGKUS', 'SEHARI 1 BUNGKUS', 'NONE', 1, 0.00),
(91, 'PAKET ZINC TIANSI', 1, 'DOS', 17, 'ZINC', 'SL112300711', 'MERANGSANG DAN MENINGKTAKAN HORMON PERTUMBUHAN (HGH)', 'PRODUK DIJAMIN 100% ASLI & ORIGINAL TIENS EXPIRED LAMA', '-', '2 KALI SEHARI 3-4 KAPSUL', '2 KALI SEHARI 3-4 KAPSUL', 'NONE', 1, 0.00),
(92, 'CELLES TIANE MARINE & YEAST', 1, 'TUBE', 17, 'EXTRACT HYDRA FACIAL ESSENCE', '-', 'MEMPERBAIKI KERUSAKAN KULIT AKIBAT SINAR ULTRAVIOLET, MENINGKATKAN SINTETIS KOLAGEN SEHINGGA KULIT WAJAH LEBIH LEMBAP, CERAH DAN KENCANG.', 'CELLES TIANE TIENS ADALAH PRODUK PERAWATAN WAJAH PERTAMA, MERUPAKAN PREMIUM HALAL SKINCARE DARI TIENS INDONESIA.', '-', '-', '-', 'NONE', 1, 0.00),
(93, 'CELLES TIANE DEWY PINK BOTANICAL CLAY MASK', 9, 'TUBE', 17, 'DEWY PINK BOTANICAL ,ORYZA SATIVA OIL, GINGER EXTRACT KAOLIN DAN HONEY FERMENT FILRATE', '-', 'MELEMBABKAN, MENENANGKAN DAN MENCERAHKAN SEMUA JENIS KULIT.', 'CELLES TIANE DEWY PINK BOTANICAL CLAY MASK (100ML) : NATURAL BOTANICAL DARI PINK CALAMINE DAN ORGANIC DAMASCENA WATER YG DIPERKAYA DENGAN ORYZA SATIVA OIL, GINGER EXTRACT KAOLIN DAN HONEY FERMENT FILRATE. YANG BISA MEMBANTU MELEMBABKAN, MENENANGKAN DAN MENCERAHKAN SEMUA JENIS KULIT.', '-', '-', '-', 'NONE', 1, 0.00),
(94, 'CELLES TIANE MARINE & YEAST 2', 1, 'TUBE', 17, 'ALAMI RICE BRAN,FUCUS VESICULOSUS, DEAD SEA SALT AND HYALURONIC ACID', '-', 'MEMBERSIHKAN WAJAH, MENJADIKAN KULIT LEBIB CERAH, LEMBUT, LEMBAP, DAN LEBIH KENCANG.', 'DISTRIBUTOR RESMI SKINCARE CELLES TIANE MARINE & YEAST EXTRACT HYDRA CLEANSER.LENGKAP DENGAN REVIEW MANFAAT, TESTIMONI DAN HARGANYA.\r\n\r\nCELLES TIANE TIENS ADALAH PRODUK PERAWATAN WAJAH PERTAMA, MERUPAKAN PREMIUM HALAL SKINCARE DARI TIENS INDONESIA.', '-', '-', '-', 'NONE', 1, 0.00),
(95, 'GELANG AURA KESEHATAN TIENSHI BRACELET TI ENERGY', 9, 'DOS', 17, '-', '-', 'MENINGKATKAN KADAR OKSIGEN DALAM DARAH, MENGATUR SIRKULASI DARAH', 'GELANG KESEHATAN AURA TIENS TIANSHI WANITA & PRIA ADALAH PRODUK TERBARU DARI TIENS, SEBUAH PERUSAHAAN FARMASI HERBAL PALING TERKENAL DI CHINA. MERUPAKAN KOMBINASI SEMPURNA \"LOGAM PRO-KEHIDUPAN\" TERBUAT DARI TITANIUM MURNI DENGAN KERAMIK KUALITAS TINGGI SERTA MAGNET YANG DIRANCANG DENGAN ESTETIKA BERKELAS.\r\n\r\nGELANG KERAMIK BERKUALITAS TINGGI YANG MEMILIKI DESAIN STREAMLINE DENGAN CARA PENGGUNAANNYA YANG SEDERHANA DAPAT MENAMPILKAN SELERA MODE ELEGAN.', '-', '-', '-', 'NONE', 1, 0.00),
(96, 'AIRIZ TIENSHI NIGHT USE ORIGINAL', 9, 'DOS', 17, '-', '11104410602', 'MEMILIKI DAYA SERAP TINGGI DAN TIDAK BOCOR', 'AIRIZ SANITARY NAPKIN NIGHT USE-RELAX, UNTUK DIPAKAI MALAM HARI. DENGAN WING, UKURAN LEBIH PANJANG DAN LEBAR DIBANDINGKAN YANG DAY. ISI 8 BUAH. PANJANG PEMBALUT 280MM.', '-', '-', '-', 'NONE', 1, 0.00),
(97, 'PASTA GIGI ORECARE ODOL TIENSHI', 9, 'DOS', 17, 'EKSTRAK TANAMAN ALGA MERAH, TEA TREE OIL, WILD CHRYSTANTHEMUM DAN FLOURIDE', '18191405076', 'MENCEGAH PEDARANGAN MULUT, MENGHILANGKAN KARANG GIGI', 'PASTA GIGI TIENS HERBAL ORECARE DIPERKAYA DENGAN EKSTRAK TANAMAN ALGA MERAH, TEA TREE OIL, WILD CHRYSTANTHEMUM DAN FLOURIDE YANG MEMBANTU MERAWAT GIGI DAN GUSI. BAHAN DASAR PASTA DENGAN KANDUNGAN SILICA YANG BERMUTU TINGGI MAMPU MEMBERSIHKAN GIGI.', '-', '-', '-', 'NONE', 1, 0.00),
(98, 'MASKER SPIRULINA SPAKARE TIENSI', 5, 'PLASTIK', 17, 'SPIRULINA ,COLLAGEN,  VITAMIN E, GREENTEA', '-', '1. WAJAH CERAH BEBAS KUSAM\r\n2. MEMBANTU MENGATASI JERAWAT DAN BEKASNYA\r\n3. MEMBANTU MENYAMARKAN FLEK DI WAJAH', 'SPAKARE SPIRULINA MASK MENGANDUNG BAHAN UTAMA SPIRULINA DENGAN 3 ACTIVE INGREDIENTS PENDUKUNG LAINNYA, YAITU:\r\n1. GREENTEA,\r\n2. COLLAGEN\r\n3. VITAMIN E.', '-', '-', '-', 'NONE', 1, 0.00),
(99, 'SUSU THIANSI CALCIUM NHCP', 5, 'DOS', 17, 'NUTRIENT CALCIUM POWDER', 'SL132200821', 'MENCUKUPI KEBUTUHAN KALSIUM TULANG', 'TINGKAT PENYERAPAN YANG TINGGI, STRUKTUR YANG STABIL SEHINGGA TIDAK MUDAH BERSATU DENGAN ASAM OKSALAT DAN ASAM NABATI DI DALAM USUS.', '-', 'SEHARI 1 BUNGKUS', 'SEHARI 1 BUNGKUS', 'NONE', 1, 0.00),
(100, 'TIENSHI NONITREND CAPSULE', 5, 'DOS', 17, 'UAH NONI (MORINDA CITRIFOLIA) MURNI TANPA BAHAN TAMBAHAN LAINNYA (PENGAWET, PEWARNA, PERASA/ESSENCE).', 'TR062361381', 'MEMBANTU MENSTABILKAN TEKANAN DARAH.', 'PRODUCT TIENS NONITREND ADALAH PRODUK ALAMI UNTUK SUPLEMEN KESEHATAN, YANG MENGANDUNG EXTRACT DARI BUAH NONI (MORINDA CITRIFOLIA) MURNI TANPA BAHAN TAMBAHAN LAINNYA (PENGAWET, PEWARNA, PERASA/ESSENCE).', '-', '-', '-', 'NONE', 1, 0.00),
(101, 'GLUCOSAMIN TIENSHI', 1, 'DOS', 17, 'GLUCOSAMINE', '162349671', 'MEMELIHARA KESEHATAN PERSENDIAN', 'MEMELIHARA KESEHATAN PERSENDIAN\r\n MEMBANTU PEMBENTUKAN & PERBAIKAN KESEHATAN TULANG RAWAN\r\n MENJAGA DAN MENINGKATKAN KELENTURAN SENDI\r\n MENINGKATKAN CAIRAN LUBRIKASI SEBAGAI PELUMAS PERSENDIAN', '-', '-', '-', 'NONE', 1, 0.00),
(102, 'BLACKMORES GLUCOSAMINE SULFATE 1500', 1, 'DOS', 14, 'GLUCOSAMIN SULFAT NACL', 'POM SI 164 507 111', 'MENGANDUNG GLUKOSAMIN YANG DIBUTUHKAN UNTUK FUNGSI PERSENDIAN', 'MENGANDUNG GLUKOSAMIN YANG DIBUTUHKAN UNTUK FUNGSI PERSENDIAN\r\n\r\nINGREDIENTS:\r\nGLUCOSAMIN SULFAT NACL\r\n\r\n\r\nBPOM NUMBERS: POM SI 164 507 111', '-', '-', '-', 'NONE', 1, 0.00),
(103, 'BLACKMORES LUTEIN VISION', 1, 'DOS', 14, 'EKSTRAK BUNGA MARIGOLD (TAGETES ERECTA)\r\nSELENOMETHIONINE', 'POM SI 164 307 161', 'MENGANDUNG LUTEIN DAN SELENIUM YANG PENTING UNTUK KESEHATAN MATA', 'PEMBELI TIDAK PERLU KHAWATIR JIKA MENDAPATKAN PRODUK BLACKMORES DENGAN (LABEL) KEMASAN LAMA, KARENA KUALITASNYA TIDAK BERUBAH. TETAP SAMA DIHASILKAN DARI BAHAN-BAHAN PILIHAN TERBAIK. PROSES PERUBAHAN KEMASAN MASIH DALAM TAHAP PROSES PERALIHAN.', '-', '-', '-', 'NONE', 1, 0.00),
(104, 'BLACKMORES OMEGA DAILY', 1, 'DOS', 14, 'FISH OIL (NATURAL) :\r\nEPA\r\nDHA', 'POM SI 164 307 071', 'MEMELIHARA DAYA TAHAN TUBUH', 'DIEKSTRAKSI DARI IKAN LAUT DALAM DAN MERUPAKAN SUMBER ALAMI OMEGA 3.', '-', '-', '-', 'NONE', 1, 0.00),
(105, 'BLACKMORES I-FOLIC', 1, 'DOS', 14, 'FOLIC ACID\r\nIODINE', 'POM SI 164 507 081', 'DIFORMULASIKAN UNTUK MEMENUHI KEBUTUHAN ASAM FOLAT DAN YODIUM SELAMA KEHAMILAN', 'PEMBELI TIDAK PERLU KHAWATIR JIKA MENDAPATKAN PRODUK BLACKMORES DENGAN (LABEL) KEMASAN LAMA, KARENA KUALITASNYA TIDAK BERUBAH. TETAP SAMA DIHASILKAN DARI BAHAN-BAHAN PILIHAN TERBAIK. PROSES PERUBAHAN KEMASAN MASIH DALAM TAHAP PROSES PERALIHAN.', '-', '-', '-', 'NONE', 1, 0.00),
(106, 'BLACKMORES NATURAL E 250 IU', 1, 'DOS', 14, 'D-ALPHA-TOCOPHEROL', 'POM SI 164 307 211', 'MENGANDUNG VITAMIN E YANG BEKERJA SEBAGAI ANTIOKSIDAN DAN MENANGKAL RADIKAL BEBAS.', 'MENGANDUNG VITAMIN E YANG BEKERJA SEBAGAI ANTIOKSIDAN DAN MENANGKAL RADIKAL BEBAS.\r\n\r\nINGREDIENTS:\r\nD-ALPHA-TOCOPHEROL\r\n\r\nBPOM NUMBERS: POM SI 164 307 211', '-', '-', '-', 'NONE', 1, 0.00),
(107, 'BLACKMORES GINKGO RECALL', 1, 'DOS', 14, 'GINKGO BILOBA', '-', 'MENINGKATKAN DAYA INGAT DAN KONSENTRASI', 'BLACKMORES GINKGO RECALL MERUPAKAN FORMULA YANG DAPAT MEMBANTU MENINGKATKAN SIRKULASI DARAH KE OTAK DAN MENYEDIAKAN OKSIGEN DAN NUTRISI KE OTAK, MEMBANTU MENINGKATKAN DAYA INGAT DAN KONSENTRASI, DAN MEMBANTU MEMPERLAMBAT DEMENSIA, DENGAN DOSIS YANG DISESUAIKAN DENGAN KEBUTUHAN ORANG INDONESIA. BLACKMORES GINKGO RECALL TERSEDIA DALAM BOTOL BERISI 30 KAPSUL.', '-', '-', '-', 'NONE', 1, 0.00),
(108, 'BLACKMORES BIO C', 1, 'DOS', 14, 'ASAM ASKORBAT\r\nNATRIUM ASKORBAT\r\nKALSIUM ASKORBAT DIHIDRAT', 'POM SI 164 507 151', 'MENGANDUNG VITAMIN C 1000 MG UNTUK MEMBANTU MEMELIHARA DAYA TAHAN TUBUH', 'PEMBELI TIDAK PERLU KHAWATIR JIKA MENDAPATKAN PRODUK BLACKMORES DENGAN (LABEL) KEMASAN LAMA, KARENA KUALITASNYA TIDAK BERUBAH. TETAP SAMA DIHASILKAN DARI BAHAN-BAHAN PILIHAN TERBAIK. PROSES PERUBAHAN KEMASAN MASIH DALAM TAHAP PROSES PERALIHAN.', '-', '-', '-', 'NONE', 1, 0.00),
(109, 'BLACKMORES CELERY 7000', 1, 'DOS', 14, 'MINYAK BIJI SELEDRI', 'POM TI 164 350 431', 'MENGANDUNG KONSENTRAT BIJI SELEDRI YANG SECARA TRADISIONAL TELAH DIGUNAKAN UNTUK MEMBANTU MEREDAKAN NYERI SENDI.', 'PEMBELI TIDAK PERLU KHAWATIR JIKA MENDAPATKAN PRODUK BLACKMORES DENGAN (LABEL) KEMASAN LAMA, KARENA KUALITASNYA TIDAK BERUBAH. TETAP SAMA DIHASILKAN DARI BAHAN-BAHAN PILIHAN TERBAIK. PROSES PERUBAHAN KEMASAN MASIH DALAM TAHAP PROSES PERALIHAN.\r\nLIHAT LEBIH SEDIKIT', '-', '-', '-', 'NONE', 1, 0.00),
(110, 'BLACKMORES KOALA KIDS FRUITY FISHIES', 1, 'DOS', 14, 'KONSENTRATE OMEGA-3 IKAN-TRIGLISERIDA :\r\nMENGANDUNG 300 MG OMEGA-3 MARIN TRIGLISERIDA', 'POM SI 174 308 451', 'MERUPAKAN SUMBER ALAMI OMEGA-3 YANG DIBUTUHKAN UNTUK KESEHATAN ANAK, TERBUAT DARI KONSENTRAT MINYAK IKAN DENGAN RASA JERUK, RASPBERRY DAN PEMANIS ALAMI XYLITOL', 'MERUPAKAN SUMBER ALAMI OMEGA-3 YANG DIBUTUHKAN UNTUK KESEHATAN ANAK, TERBUAT DARI KONSENTRAT MINYAK IKAN DENGAN RASA JERUK, RASPBERRY DAN PEMANIS ALAMI XYLITOL\r\n\r\nINGREDIENTS:\r\nKONSENTRATE OMEGA-3 IKAN-TRIGLISERIDA :\r\nMENGANDUNG 300 MG OMEGA-3 MARIN TRIGLISERIDA :\r\nEPA\r\nDHA\r\nVIT E\r\n\r\nBPOM NUMBERS: POM SI 174 308 451', '-', '-', '-', 'NONE', 1, 0.00),
(111, 'BLACKMORES MULTIVITAMIN BODY SHIELD', 1, 'DOS', 14, 'INGREDIENTS:\r\n- EKSTRAK GRAPE SEED (VITIS VINIFERA) SETARA DGN BIJI KERING\r\n- EKSTRAK MILK THISTLE (SILYBUM MARIANUM) SETARA DENGAN BUAH KERING\r\n- SELENIUM\r\n- BETAKAROTEN\r\n- VIT B1\r\n- VIT B5\r\n- VIT B6\r\n- VIT B12\r\n- VIT C\r\n- NATURAL VIT E 100 IU\r\n- ZINC\r\n- ASAM FOLAT,', 'POM SI 164 307 141', 'BLACKMORES MULTIVITAMIN + BODY SHIELD (30) MERUPAKAN KOMBINASI VITAMIN, MINERAL DAN ANTIOKSIDAN HERBAL UNTUK MENANGKAL RADIKAL BEBAS. TERDIRI DARI EKSTRAK BIJI ANGGUR DAN SELENIUM. ANTIOKSIDAN MEMBANTU MENGURANGI RESIKO KERUSAKAN SEL AKIBAT RADIKAL BEBAS', 'BLACKMORES MULTIVITAMIN + BODY SHIELD (30) MERUPAKAN KOMBINASI VITAMIN, MINERAL DAN ANTIOKSIDAN HERBAL UNTUK MENANGKAL RADIKAL BEBAS. TERDIRI DARI EKSTRAK BIJI ANGGUR DAN SELENIUM. ANTIOKSIDAN MEMBANTU MENGURANGI RESIKO KERUSAKAN SEL AKIBAT RADIKAL BEBAS', '-', '-', '-', 'NONE', 1, 0.00),
(112, 'BLACKMORES MULTI B PERFORMANCE', 1, 'DOS', 14, 'INGREDIENTS:\r\nVIT B1\r\nVIT B2\r\nNICOTINAMIDE/NIASIN\r\nVIT B5\r\nVIT B6\r\nVIT B12\r\nVIT H\r\nVIT C/ASAM ASKORBAT\r\nVIT E 50 IU\r\nMAGNESIUM\r\nKALSIUM\r\nKALIUM\r\nASAM FOLAT\r\nEKSTRAK AVENA SATIVA\r\nEKSTRAK PASSIFLORA INCAMATA\r\nLECITIN', 'POM SI 164 507 121', 'MENGANDUNG NUTRISI YANG DIBUTUHKAN UNTUK MEBANTU MEMELIHARA KESEHATAN ORANG YANG AKTIF.', 'MENGANDUNG NUTRISI YANG DIBUTUHKAN UNTUK MEBANTU MEMELIHARA KESEHATAN ORANG YANG AKTIF.', '-', '-', '-', 'NONE', 1, 0.00),
(113, 'BLACKMORES NATURAL VITAMIN E CREAM', 9, 'TUBE', 14, 'TOCOPHERYL ACETATE (NATURAL VITAMIN E)\r\nPURIFIED WATER\r\nGLYCERIN\r\nLANOLIN\r\nCETYL ALCOHOL\r\nPRUNUS ARMENIACA (APRICOT) KERNEL OIL\r\nPERSEA GRATISSIMA (AVOCADO) OIL\r\nMYRISTYL MYRISTATE\r\nPOLYSORBATE 60\r\nSORBITAN STEARATE\r\nPHENOXYETHANOL\r\nHDROXYACETOPHENONE\r\nGLYCERYL STEARATE\r\nRETINYL PALMITATE AND HELIANTHUS ANNUS (SUNFLOWER) SEED OIL\r\nLINOLEIC ACID AND LINOLENIC ACID\r\nTRIETHANOLAMINE\r\nCARBOMER\r\nTOCOPHEROL,', 'NB02180104758', 'KRIM PELEMBAB YANG DAPAT MELINDUNGI KULIT DARI KEKERINGAN AKIBAT CUACA YANG TIDAK MENENTU. KRIM INI BEBAS DARI PEWARNA DAN PEWANGI BUATAN SERTA MENGANDUNG SUMBER ALAMI VITAMIN E BERSAMA DENGAN MINYAK ALPUKAT, MINYAK BIJI APRIKOT DAN VITAMIN A UNTUK MENUTRISI DAN MENGHALUSKAN KULIT', 'KRIM PELEMBAB YANG DAPAT MELINDUNGI KULIT DARI KEKERINGAN AKIBAT CUACA YANG TIDAK MENENTU. KRIM INI BEBAS DARI PEWARNA DAN PEWANGI BUATAN SERTA MENGANDUNG SUMBER ALAMI VITAMIN E BERSAMA DENGAN MINYAK ALPUKAT, MINYAK BIJI APRIKOT DAN VITAMIN A UNTUK MENUTRISI DAN MENGHALUSKAN KULIT', '-', '-', '-', 'NONE', 1, 0.00),
(114, 'BLACKMORES ODOURLESS FISH OIL 1000', 1, 'DOS', 14, 'FISH OIL (NATURAL) :\r\nEPA\r\nDHA,', 'POM SI 174 308 231', 'DIEKSTRAKSI DARI IKAN LAUT DALAM DAN MERUPAKAN SUMBER ALAMI OMEGA-3.', 'PEMBELI TIDAK PERLU KHAWATIR JIKA MENDAPATKAN PRODUK BLACKMORES DENGAN (LABEL) KEMASAN LAMA, KARENA KUALITASNYA TIDAK BERUBAH. TETAP SAMA DIHASILKAN DARI BAHAN-BAHAN PILIHAN TERBAIK. PROSES PERUBAHAN KEMASAN MASIH DALAM TAHAP PROSES PERALIHAN.', '-', '-', '-', 'NONE', 1, 0.00),
(115, 'BLACKMORES COQ10 75MG', 1, 'DOS', 14, 'UBIDECARENONE (COENZYME Q10)', 'POM SI 164 307 191', 'MERUPAKAN NUTRISI YANG DIBUTUHKAN OLEH SEL TUBUH', 'PEMBELI TIDAK PERLU KHAWATIR JIKA MENDAPATKAN PRODUK BLACKMORES DENGAN (LABEL) KEMASAN LAMA, KARENA KUALITASNYA TIDAK BERUBAH. TETAP SAMA DIHASILKAN DARI BAHAN-BAHAN PILIHAN TERBAIK. PROSES PERUBAHAN KEMASAN MASIH DALAM TAHAP PROSES PERALIHAN.', '-', '-', '-', 'NONE', 1, 0.00),
(116, 'SUNI WELLNESS ESSENTIAL OIL LAVENDER 10ML', 9, 'DOS', 18, 'LAVENDER', '-', 'MEMBERIKAN EFEK MENENANGKAN', 'SUNI WELLNESS ESSENTIAL OIL\r\n-100% PURE ESSENTIAL OIL\r\n-THERAPEUTIC GRADE\r\n-NOT FRAGRANCE OIL', '-', '-', '-', 'NONE', 1, 0.00),
(117, 'SUNI WELNESS ESSENTIAL OIL YLANG YLANG', 9, 'DOS', 18, 'YLANG SSENTIAL OIL', '-', 'MEMBANTU MEMBERSIHKAN UDARA', 'SUNI WELLNESS ESSENTIAL OIL\r\n-100% PURE ESSENTIAL OIL\r\n-THERAPEUTIC GRADE\r\n-NOT FRAGRANCE OIL', '-', '-', '-', 'NONE', 1, 0.00),
(118, 'SUNI WELLNESS ESSENTIAL OIL CHAMOMILE', 9, 'DOS', 18, 'CHAMOMILE', '-', 'MEMBANTU MERILEKSASIKAN TUBUH DAN PIKIRAN', 'SUNI WELLNESS ESSENTIAL OIL\r\n-100% PURE ESSENTIAL OIL\r\n-THERAPEUTIC GRADE\r\n-NOT FRAGRANCE OIL', '-', '-', '-', 'NONE', 1, 0.00),
(119, 'SUNI WELLNESS ESSENTIAL OIL PEPPERMINT', 9, 'DOS', 18, 'PEPPERMINT', '-', 'MEMBANTU MEREDAKAN FLU DAN BATUK', 'SUNI WELLNESS ESSENTIAL OIL\r\n-100% PURE ESSENTIAL OIL\r\n-THERAPEUTIC GRADE\r\n-NOT FRAGRANCE OIL', '-', '-', '-', 'NONE', 1, 0.00),
(120, 'SUNI WELLNESS ESSENTIAL OIL ROSEWOOD', 9, 'DOS', 18, 'ROSEWOOD', '-', 'MEMBANTU MENGURANGI STRESS', 'SUNI WELLNESS ESSENTIAL OIL\r\n-100% PURE ESSENTIAL OIL\r\n-THERAPEUTIC GRADE\r\n-NOT FRAGRANCE OIL', '-', '-', '-', 'NONE', 1, 0.00),
(121, 'SUNI WELLNESS ESSENTIAL OIL SANDALWOOD', 9, 'DOS', 18, 'SANDALWOOD', '-', 'MEMBANTU MENGUATKAN MEMORI', 'SUNI WELLNESS ESSENTIAL OIL\r\n-100% PURE ESSENTIAL OIL\r\n-THERAPEUTIC GRADE\r\n-NOT FRAGRANCE OIL', '-', '-', '-', 'NONE', 1, 0.00),
(122, 'SUNI WELLNESS ESSENTIAL OIL EUCALYPTUS', 9, 'DOS', 18, 'EUCALYPTUS', '-', 'MEMBANTU MEREDAKAN HIDUNG YANG SEDANG ALERGI DAN SINUSITIS', 'SUNI WELLNESS ESSENTIAL OIL\r\n-100% PURE ESSENTIAL OIL\r\n-THERAPEUTIC GRADE\r\n-NOT FRAGRANCE OIL', '-', '-', '-', 'NONE', 1, 0.00),
(123, 'KAYU MANIS BY RAHSA NUSANTARA', 2, 'DOS', 19, 'AIR, KAYU MANIS', '-', 'MENJAGA KESEHATAN', 'BASIC SERIES MENGHADIRKAN BAHAN-BAHAN #KEBAIKANALAM YANG BANYAK DIGUNAKAN DALAM RACIKAN RAHSA NUSANTARA. SEMOGA RANGKAIAN KEKAYAAN RASA DAN KEBAIKAN INDONESIA DAPAT MENEMANI KESEHARIAN JENG & MAS!\r\n\r\nKAYU MANIS\r\n\r\nKAYU MANIS ADALAH SALAH SATU BAHAN YANG BANYAK DIGUNAKAN DALAM RACIKAN RAHSA NUSANTARA.\r\n\r\n\r\nKAYU MANIS YANG BERSUMBER SECARA LOKAL.\r\n\r\nRASA PEDAS DAN HARUM KAYU MANIS AKAN SELALU MENDAPAT TEMPAT KHUSUS DI HATI RAHSA NUSANTARA. KAMI CINTA KEBAIKAN DAN JUGA RASA KAYU MANIS YANG HADIR DALAM DALAM RACIKAN-RACIKAN KLASIK MAUPUN KONTEMPORER KAMI.', '-', '-', '-', 'NONE', 1, 0.00),
(124, 'GULA AREN BY RAHSA NUSANTARA', 2, 'DOS', 19, 'GULA AREN, AIR', '-', 'MENJAGA KESEHATAN', 'BASIC SERIES MENGHADIRKAN BAHAN-BAHAN #KEBAIKANALAM YANG BANYAK DIGUNAKAN DALAM RACIKAN RAHSA NUSANTARA. SEMOGA RANGKAIAN KEKAYAAN RASA DAN KEBAIKAN INDONESIA DAPAT MENEMANI KESEHARIAN JENG & MAS!\r\n\r\nGULA AREN\r\nWITH A DASH OF PANDAN LEAVES\r\n\r\nGULA AREN ADALAH SALAH SATU BAHAN YANG BANYAK DIGUNAKAN DALAM RACIKAN RAHSA NUSANTARA.\r\n\r\nGULA AREN ALAMI YANG BERSUMBER LOKAL DAN DIBUAT DALAM BATCH KECIL OLEH PETANI & PENGRAJIN DI DAERAH JAWA BARAT.', '-', '-', '-', 'NONE', 1, 0.00),
(125, 'SARI JAHE MERAH BY RAHSA NUSANTARA', 2, 'DOS', 19, 'JAHE MERAH, JAHE EMPRIT, GULA NON RAFINASI, AIR', '-', 'MENJAGA KESEHATAN', 'SARI JAHE MERAH \r\n\r\nMINUMAN SEHARI-HARI UNTUK SEMUA, KEHANGATAN YANG MENYAMKANKAN. RACIKAN DUA JENIS JAHE INI PAS UNTUK DIMINUM SETELAH BEROLAHRAGA ATAU SAAT BERJEDA.\r\n\r\nSATU GELAS UNTUK SAAT-SAAT ISTIRAHAT YANG JENG & MAS BUTUHKAN.', '-', '-', '-', 'NONE', 1, 0.00),
(126, 'SARI BIR PLETHOK BY RAHSA NUSANTARA', 2, 'DOS', 19, 'AIR, JAHE MERAH, KAYU SECANG, KEMBANG PEKA, CENGKEH, KAYU MANIS BATANG, GULA PASIR NON RAFINASI, KAPULAGA', '01121247470420', 'MENJAGA KESEHATAN', 'SARI BIR PLETHOK\r\nALL-NATURAL PLETHOK BEER SYRUP\r\n\r\nANJURAN PENYAJIAN:\r\nTUANGKAN 4 SDM KE 200-250 ML AIR DINGIN/HANGAT, ADUK RATA.\r\n(TAMBAHKAN ES BATU UNTUK RACIKAN SEGAR. GUNAKAN AIR HANGAT UNTUK RACIKAN HANGAT.)', '-', '-', '-', 'NONE', 1, 0.00),
(127, 'MADU BADUY BY RAHSA NUSANTARA', 2, 'DOS', 19, 'MADU BADUY', '2123273013317', 'MENJAGA KESEHATAN', 'MADU BADUY\r\n\r\nFROM BADUY FOREST BY BADUY PEOPLE\r\n\r\nKAYA RASA DAN KEBAIKAN. MADU BADUY TANPA PROSES INI ADALAH SALAH SATU #KEBAIKANALAM YANG BANYAK KAMI GUNAKAN DALAM RACIKAN-RACIKAN KAMI.\r\n\r\n\r\nBERSUMBER LANGSUNG DARI HUTAN BADUY, DIPANEN OLEH MASYARAKAT BADUY DENGAN KEARIFANNYA, MEMASTIKAN ALAM TETAP BERKELANJUTAN. ALAM, SEBAGAI HARTA BERHARGA, HARUS DIJAGA DARI MENIPISNYA SUMBER DAYA UNTUK MEREGENERASI AGAR BISA TETAP LESTARI.', '-', '-', '-', 'NONE', 1, 0.00),
(128, 'JAGADSWASA BY RAHSA NUSANTARA', 2, 'DOS', 19, 'JAGADSWASA', '-', 'SUPLEMEN HERBAL ALAMI JAGA PERNAPASAN', 'SISTEM PERNAPASAN TERHUBUNG SECARA HOLISTIK DENGAN KESEHATAN KITA KESELURUHAN. NAPAS DAPAT KITA KELOLA, KITA JAGA, DAN SEIMBANGKAN DENGAN OTAK SADAR KITA, TENTU SAAT KONDISI SISTEM PERNAPASAN BAIK DAN SEHAT.\r\n\r\nNAMUN, KONDISI GLOBAL BUMI INI MENGHADAPKAN KITA PADA RISIKO GANGGUAN PERNAPASAN YANG SEMAKIN BESAR. RISIKO-RISIKO INI DAPAT MUNCUL DARI GAYA HIDUP MODERN, RACUN/POLUSI DARI LINGKUNGAN SEKITAR, HINGGA ANCAMAN BERBAGAI PENYAKIT BAIK YANG MENULAR (TRANSMITTABLE/COMMUNICABLE) MAUPUN TIDAK MENULAR (NON-COMMUNICABLE DISEASE/NCDS).', '-', '-', '-', 'NONE', 1, 0.00),
(129, 'SEKARJAGAD BY RAHSA NUSANTARA', 2, 'DOS', 19, 'LEMON, KUNYIT, CUKA APEL, MADU, COLOCASIA ESCULENTA EXTRACT, LADA HITAM', '-', 'MENJAGA KESEHATAN', 'SEHAT ITU CANTIK. DALAM KESEHATAN, KITA BISA MENJADI VERSI TERBAIK DIRI KITA. DALAM KESEHATAN, KITA MENJADI KUAT DAN BERKILAU DARI DALAM DIRI YANG TERNUTRISI DENGAN BAIK. MENJADI PRIBADI YANG BUGAR DAN PERCAYA DIRI.\r\n\r\nSEKARJAGAD ADALAH PERSEMBAHAN KAMI UNTUK MEREKA SEMUA YANG INGIN MENJADI SEHAT DAN CANTIK. KAYA AKAN BAHAN ALAMI YANG MENDUKUNG PERLINDUNGAN DAN REGENERASI KULIT, RAMBUT, DAN KUKU KITA.\r\n\r\nKAMI PERCAYA AKAN DUNIA YANG PENUH DENGAN BERAGAM INSAN JELITA. MEREKA YANG SEHAT DARI DALAM. MERDEKAKAN KECANTIKANMU.', '-', '-', '-', 'NONE', 1, 0.00),
(130, 'SAPUJAGAD ANAK BY RAHSA NUSANTARA VITAMIN HERBAL', 2, 'DOS', 19, 'JEHE MERAH, KENCUR, LEMON , MADU, BUNGA TELANG, DAUN MINT', '-', 'SEBAGAI PENJAGA IMUNITAS ANAK', '- SEBAGAI PENJAGA IMUNITAS ANAK\r\n- MELENGKAPI DAN MENGOPTIMALKAN KEBUTUHAN NUTRISI ANAK\r\n- MENGAJARKAN ANAK UNTUK MEMILIKI KESADARAN KESEHATAN YANG LEBIH HOLISTIK\r\n-MENINGKTAKAN NAFSU MAKAN\r\n-MEMINIMALISIR TERPAPAR KIMIA SINTETIS SEJAK DINI', '-', '-', '-', 'NONE', 1, 0.00),
(131, 'SPRINTES HIJAU GOLD SPIRULINA', 1, 'DOS', 17, 'MINERAL TINGGI (K, CA, P, MG, FE, NA, ZN, MN, SELENIUM & GERMANIUM)', '-', 'MENJAGA SISTEM KERJA SEL SYARAF, MENDORONG PEMBENTUKAN SEL DARAH MERAH', 'SPRINTES GOLD MIGROALGAE. ISI 50 KAPSUL\r\nKANDUNGAN NUTRISI DAN FUNGSINYA\r\n\r\n1. MINERAL TINGGI (K, CA, P, MG, FE, NA, ZN, MN, SELENIUM & GERMANIUM)\r\nMENGOPTIMALKAN FUNGSI ORGAN TUBUH, MENJAGA KERUSAKAN SISTEM JARINGAN SEL TUBUH, MENINGKATKAN DAYA TAHAN TUBUH.\r\n\r\n2. VITAMIN B1, B2, B3\r\nMEMAKSIMALKAN FUNGSI KERJA OTAK, MENCEGAH KARBOHIDRAT MENJADI LEMAK, MENGURANGI KOLESTEROL.\r\n\r\n3. VITAMIN B 12\r\nMENJAGA SISTEM KERJA SEL SYARAF, MENDORONG PEMBENTUKAN SEL DARAH MERAH\r\n\r\n4. ASAM AMINO ESENSIAL\r\nMEMBANGUN SEL OTOT, MENDISTRIBUSIKAN NUTRISI TUBUH, MEMPERLANCAR SISTEM PENCERNAAN.\r\n\r\n5. PIGMEN ANTICANCER\r\nMELAWAN RADIKAL BEBAS, MENCEGAH PERADANGAN SEL TUBUH, SEBAGAI ZAT ANTI KANKER.\r\n6. PIGMEN KLOROFIL\r\nSEBAGAI AGEN DETOX ALAMI BAGI TUBUH, ANTIOKSIDAN ALAMI BAGI TUBUH.', '-', '-', '-', 'NONE', 1, 0.00),
(132, 'SPRINTES BLUE SPIRULINA', 1, 'DOS', 20, 'ASAM AMINO ESENSIAL\r\nPROTEIN\r\nPHYCOCIANIN\r\nMULTIVITAMIN\r\nKLOROFIL\r\nMINERAL', '-', 'ANTI KANGKER\r\nMENURUNKAN HIPERTENSI\r\nMENGURANGANGI RESIKO PENYAKIT JANTUNG\r\nMENCEGAH DIABETES', 'SPRINTES BLUE MERUPAKAN SUPLEMEN KESEHATAN ALAMI DARI PERPADUAN EKSTRAK MIKROALGAE SPIRULINA DAN CHLORELLA, DIPERKAYA DENGAN KANDUNGAN ZAT AKTIF YANG MAMPU MENEKAN PERTUMBUHAN SEL KANKER, MENURUNKAN HIPERTENSI, MENCEGAH RESIKO PENYAKIT TIDAK MENULAR.', '-', '1X2 KAPSUL', '1X2 KAPSUL', 'NONE', 1, 0.00),
(133, 'ROYAL GAMAT 100 GAMAPEPTIDE COLLAGEN', 1, 'DOS', 20, 'EKSTRAK STICHOPUS HORRENS (TERIPANG EMAS) 550 MG.', '-', 'MENCEGAH DAN MENGOBATI ASAM LAMBUNG.', 'ROYAL GAMAT 100 GAMAPEPTIDE COLLAGEN EKSTRAK TERIPANG EMAS SUPER ISI 30 KAPSUL\r\n\r\nKOMPOSISI: TIAP KAPSUL MENGANDUNG EKSTRAK STICHOPUS HORRENS (TERIPANG EMAS) 550 MG.', '-', '-', '-', 'NONE', 1, 0.00),
(134, 'AFH AULORA FEMININE HYGIENE 20 ML', 2, 'DOS', 15, '-', '18181600072', '1. MENGATASI KEPUTIHAN YG TDK NORMAL\r\n2. MENGATASI BAU YG TIDAK SEDAP PD V4GIN4\r\n3. MENGATASI GATAL2 DI SEKITAR AREA ORGAN\r\n4. MENGATASI MASALAH MENS YG TDK LANCAR\r\n5. MENGEMBALIKAN ELASTISITAS OTOT ORGAN VITAL\r\n6. MENCEGAH DAN MEMBUNUH BAKTERI YG BS MEMBAWA PENYAKIT', 'PRODUK READY STOCK,,SILAHKAN LANGSUNG DIORDER SIS..\r\nTOKO KAMI HANYA MENJUAL PRODUK ORIGINAL..', '-', '-', '-', 'NONE', 1, 0.00),
(135, 'CHLOSKIN GREEN ALGAE FACIAL SOAP', 9, 'DOS', 20, 'GANGGANG HIJAU', 'NA18181201746', '1. MENCERAHKAN KULIT WAJAH\r\n2. MENGURANGI JERAWAT\r\n3. MENGONTROL MINYAK BERLEBIH\r\n4. MENGECILKAN PORI-PORI', 'SABUN CHLOSKIN ADALAH PRODUK KECANTIKAN YANG TERBUAT DARI BAHAN ALAMI YAITU MIKROALGA CHLORELLA (GANGGANG HIJAU) DENGAN KANDUNGAN MIKRONUTRIETNYA YANG MAMPU MEMBANTU MENCERAHKAN DAN MENGONTROL MINYAK BERLEBIH PADA WAJAH.', '-', '-', '-', 'NONE', 1, 0.00),
(136, 'MADU GEMUK BADAN 350 G', 2, 'DOS', 20, 'MADU ASLI', '-', 'GEMUK BADAN MERUPAKAN SUPLEMEN UNTUK MENAMBAH NAFSU MAKAN DAN PENAMBAH BERAT BADAN.', 'KENAPA KAMU HARUS KONSUMSI MADU GEMUK BADAN\r\nMENAMBAH BERAT BADAN LEWAT PENINGKATAN NAFSU MAKAN\r\nMEMBANTU PENYERAPAN NUTRISI\r\nMEMELIHARA METABOLISME TUBUH', '-', '-', '-', 'NONE', 1, 0.00),
(137, 'ALAMON PENAMBAH BERAT BADAN', 9, 'DOS', 20, 'TEMULAWAK', '-', 'MENAMBAH BERAT BADAN', 'ALAMON NATURAL GAIN ADALAH MINUMAN BUBUK DENGAN FORMULASI 3 BAHAN UTAMA YAITU TEMULAWAK, NATURAL WHEY, DAN EGG ALBUMIN YANG DIKOMBINASIKAN DENGAN TEKNOLOGI GRANULASI.\r\nRIBUAN TESTIMONI PENAMBAH BERAT BADAN DAN ULASAN BINTANG 5 REAL CUSTOMER YANG DAPAT DICEK.\r\nPRIA & WANITA', '-', '-', '-', 'NONE', 1, 0.00),
(138, 'FLIMTY FIBER HERBAL', 1, 'DOS', 1, 'SERAT', '-', 'MEMBANTU MENURUNKAN BERAT BADAN (PENDAMPING PROGRAM DIET).\r\nMERAMPINGKAN PERUT.\r\nMELANCARKAN BUANG AIR BESAR (BAB).\r\nMENGATUR KADAR GULA DARAH.\r\nMENJAGA KESEHATAN SALURAN PENCERNAAN.', 'FLIMTY ADALAH MINUMAN SEGAR KAYA SERAT BERNUTRISI TINGGI YG MEMBERSIHKAN SALURAN PENCERNAAN DENGAN CARA MENYERAP, MENGIKAT & MEMBUANG TOXIN YG MENGERAK DI USUS KITA.', '-', '-', '-', 'NONE', 1, 0.00),
(139, 'FLIMEAL', 5, 'DOS', 6, '- PROTEIN KEDELAI ISOLAT\r\n- BERAS COKELAT\r\n- CHIA SEED\r\n- BUBUK FLAXSEED OIL', '-', 'FLIMEAL SANGAT EFEKTIF MENCUKUPI NUTRISI DAN KEBUTUHAN PROTEIN TANPA HARUS MAKAN MAKANAN BERLEBIH. FLIMEAL MAMPU MENJADI PILIHAN MEAL REPLACEMENT ANDA DIMANAPUN, KAPANPUN DAN COCOK BAGI PARA VEGETARIAN KARENA KANDUNGANNYA DARI TUMBUH-TUMBUHAN ATAU NABATI.', 'APA ITU FLIMEAL? FLIMEAL ADALAH MINUMAN PENGGANTI MENU SARAPAN ATAU MEAL REPLACEMENT YANG DIFORMULASIKAN KHUSUS UNTUK ANDA YANG SEDANG MEMPERTAHANKAN ATAU MENURUNKAN BERAT BADAN.', '-', '-', '-', 'NONE', 1, 0.00),
(140, 'SOP ALPHA BIO BOOST', 1, 'DOS', 1, 'KOLAGEN IKAN\r\n BUBUK SALMON\r\n BUBUK SPIRULINA\r\n L-GLUTATION', '867028229052', 'MEMBANTU MEMPERLANCAR ALIRAN DARAH', 'EXPIRED 2 TAHUN\r\nBPOM 867028229052\r\nHALAL MUI\r\nGMP (GOOD MANUFACTURING PRACTICE PRODUCT)\r\nHACCP CERTIFIED\r\nDIPRODUKSI OLEH PT. AIMIFOOD MANUFACTURING INDONESIA\r\nDIDISTRIBUSIKAN OLEH PT. ANUGRAH INTI MAKMUR INDONESIA', '-', '-', '-', 'NONE', 1, 0.00);

-- --------------------------------------------------------

--
-- Table structure for table `product_image`
--

CREATE TABLE `product_image` (
  `Id_image` int(11) NOT NULL,
  `Id_product` int(11) NOT NULL,
  `Image_name` varchar(50) NOT NULL,
  `Image_order` int(11) NOT NULL
) ENGINE=InnoDB DEFAULT CHARSET=utf8mb4;

--
-- Dumping data for table `product_image`
--

INSERT INTO `product_image` (`Id_image`, `Id_product`, `Image_name`, `Image_order`) VALUES
(11, 39, '39-1314.JPG', 1),
(12, 39, '39-49984.WEBP', 4),
(14, 39, '39-39040.WEBP', 3),
(18, 40, '40-21976.JPG', 3),
(22, 40, '40-90425.WEBP', 1),
(23, 40, '40-80789.JPG', 2),
(66, 38, '38-93391.PNG', 1),
(67, 38, '38-395.PNG', 4),
(68, 41, '41-16773.JPG', 2),
(73, 38, '38-74459.JPG', 3),
(75, 44, '44-63353.JPG', 3),
(76, 44, '44-6814.JPG', 2),
(77, 44, '44-44434.WEBP', 1),
(78, 44, '44-19489.JPEG', 4),
(80, 38, '38-1905.PNG', 2),
(81, 40, '40-50511.PNG', 4),
(82, 39, '39-55566.JPG', 2),
(83, 41, '41-35210.JPG', 1),
(86, 42, '42-10539.PNG', 1),
(87, 51, '51-82844.PNG', 1),
(88, 52, '52-54583.PNG', 1),
(89, 43, '43-56256.PNG', 1),
(90, 45, '45-25665.JPG', 1),
(91, 45, '45-85422.JPG', 2),
(92, 45, '45-71229.JPG', 3),
(93, 46, '46-38713.PNG', 1),
(95, 47, '47-36998.JPG', 1),
(96, 48, '48-34470.PNG', 1),
(97, 48, '48-79701.PNG', 2),
(98, 48, '48-19228.PNG', 3),
(99, 49, '49-60744.PNG', 1),
(100, 49, '49-95908.PNG', 2),
(101, 50, '50-16020.PNG', 1),
(102, 53, '53-51986.PNG', 1),
(103, 53, '53-73840.PNG', 2),
(104, 54, '54-92581.PNG', 1),
(105, 55, '55-81647.PNG', 1),
(106, 56, '56-264.PNG', 1),
(107, 56, '56-58634.PNG', 2),
(108, 57, '57-85520.PNG', 1),
(109, 58, '58-99212.PNG', 1),
(110, 58, '58-92048.PNG', 2),
(111, 59, '59-55515.PNG', 1),
(112, 59, '59-9050.PNG', 2),
(113, 60, '60-6827.PNG', 1),
(114, 60, '60-60343.PNG', 2),
(115, 61, '61-84367.PNG', 1),
(116, 61, '61-65641.PNG', 2),
(117, 62, '62-82178.PNG', 1),
(118, 63, '63-22343.PNG', 1),
(119, 64, '64-96670.PNG', 1),
(120, 65, '65-37836.PNG', 1),
(121, 65, '65-30127.PNG', 2),
(122, 66, '66-22316.JPG', 1),
(123, 67, '67-96717.PNG', 1),
(124, 68, '68-97065.PNG', 1),
(125, 69, '69-4227.PNG', 1),
(126, 70, '70-58493.PNG', 1),
(127, 71, '71-95514.PNG', 1),
(128, 72, '72-62895.PNG', 1),
(129, 73, '73-65000.PNG', 1),
(130, 74, '74-32937.PNG', 1),
(131, 75, '75-94263.PNG', 1),
(132, 76, '76-27831.PNG', 1),
(133, 77, '77-63470.PNG', 1),
(134, 78, '78-20352.PNG', 1),
(135, 79, '79-33324.PNG', 1),
(136, 80, '80-46162.PNG', 1),
(137, 81, '81-49978.PNG', 1),
(138, 82, '82-41915.PNG', 1),
(139, 83, '83-6362.PNG', 1),
(140, 84, '84-44452.PNG', 1),
(141, 85, '85-13576.PNG', 1),
(142, 86, '86-8090.PNG', 1),
(143, 87, '87-70602.PNG', 1),
(144, 88, '88-83780.PNG', 1),
(145, 89, '89-5463.PNG', 1),
(146, 90, '90-5285.PNG', 1),
(147, 91, '91-10429.PNG', 1),
(148, 92, '92-97556.PNG', 1),
(149, 93, '93-16113.PNG', 1),
(150, 94, '94-32585.PNG', 1),
(151, 95, '95-24377.PNG', 1),
(152, 96, '96-51112.PNG', 1),
(153, 97, '97-72822.PNG', 1),
(154, 98, '98-45754.PNG', 1),
(155, 99, '99-76428.PNG', 1),
(156, 100, '100-79549.PNG', 1),
(157, 101, '101-53678.PNG', 1),
(158, 102, '102-13880.PNG', 1),
(159, 103, '103-36911.PNG', 1),
(160, 104, '104-36448.PNG', 2),
(161, 104, '104-46364.PNG', 1),
(162, 105, '105-93559.PNG', 1),
(163, 105, '105-32674.PNG', 2),
(164, 106, '106-43393.PNG', 1),
(165, 107, '107-99845.PNG', 1),
(166, 107, '107-1481.PNG', 2),
(167, 107, '107-52168.PNG', 3),
(168, 107, '107-63355.PNG', 4),
(169, 108, '108-69134.PNG', 1),
(170, 109, '109-29726.PNG', 1),
(171, 110, '110-1704.PNG', 1),
(172, 111, '111-48108.PNG', 1),
(173, 112, '112-99436.PNG', 1),
(174, 113, '113-36097.PNG', 1),
(175, 114, '114-99289.PNG', 1),
(176, 115, '115-39429.PNG', 1),
(177, 116, '116-79573.PNG', 1),
(178, 118, '118-59254.PNG', 1),
(179, 119, '119-95674.PNG', 1),
(180, 120, '120-93689.PNG', 1),
(181, 121, '121-85992.PNG', 1),
(182, 122, '122-15856.PNG', 1),
(183, 123, '123-23563.PNG', 1),
(184, 124, '124-17369.PNG', 1),
(185, 125, '125-89574.PNG', 1),
(186, 126, '126-53323.PNG', 1),
(187, 127, '127-37963.PNG', 1),
(188, 128, '128-27448.PNG', 1),
(189, 129, '129-15799.PNG', 1),
(190, 130, '130-31263.PNG', 1),
(191, 131, '131-71347.PNG', 1),
(192, 132, '132-31589.PNG', 1),
(193, 133, '133-11712.PNG', 1),
(194, 134, '134-47349.PNG', 1),
(195, 135, '135-39076.PNG', 1),
(196, 136, '136-60225.PNG', 1),
(197, 137, '137-25897.PNG', 1),
(198, 138, '138-36284.PNG', 1),
(199, 139, '139-16119.PNG', 1),
(200, 140, '140-48938.PNG', 1);

-- --------------------------------------------------------

--
-- Table structure for table `product_sub_category`
--

CREATE TABLE `product_sub_category` (
  `Id_product_sub_category` int(11) NOT NULL,
  `Id_product` int(11) NOT NULL,
  `Id_sub_category` int(11) NOT NULL
) ENGINE=InnoDB DEFAULT CHARSET=utf8mb4;

--
-- Dumping data for table `product_sub_category`
--

INSERT INTO `product_sub_category` (`Id_product_sub_category`, `Id_product`, `Id_sub_category`) VALUES
(99, 52, 15),
(109, 41, 15),
(110, 40, 29),
(111, 40, 36),
(113, 39, 23),
(114, 42, 37),
(115, 43, 38),
(116, 44, 35),
(123, 38, 39),
(130, 47, 21),
(131, 46, 39),
(134, 49, 40),
(135, 50, 41),
(136, 53, 21),
(139, 55, 42),
(140, 56, 43),
(145, 60, 35),
(146, 61, 44),
(147, 61, 28),
(148, 62, 44),
(149, 62, 28),
(150, 63, 45),
(152, 65, 45),
(153, 66, 42),
(154, 67, 45),
(155, 67, 26),
(156, 67, 28),
(157, 67, 27),
(158, 67, 37),
(159, 67, 38),
(160, 68, 45),
(162, 70, 35),
(163, 70, 35),
(164, 71, 45),
(165, 72, 29),
(166, 72, 31),
(167, 72, 32),
(168, 72, 45),
(169, 73, 49),
(170, 73, 35),
(171, 74, 29),
(172, 74, 45),
(173, 69, 15),
(174, 69, 48),
(175, 75, 48),
(176, 76, 48),
(177, 76, 48),
(178, 77, 46),
(179, 78, 47),
(182, 80, 50),
(183, 81, 50),
(184, 79, 50),
(185, 51, 23),
(187, 58, 19),
(188, 58, 30),
(189, 58, 51),
(190, 59, 19),
(191, 59, 30),
(192, 59, 51),
(193, 59, 51),
(194, 82, 50),
(195, 82, 51),
(196, 83, 50),
(197, 83, 51),
(198, 84, 50),
(199, 85, 45),
(200, 85, 50),
(201, 57, 45),
(202, 57, 52),
(203, 64, 45),
(204, 64, 52),
(205, 64, 52),
(206, 86, 45),
(207, 86, 32),
(208, 87, 45),
(209, 88, 45),
(210, 89, 45),
(213, 90, 53),
(215, 91, 54),
(217, 93, 42),
(219, 95, 34),
(220, 45, 55),
(221, 96, 55),
(222, 97, 41),
(223, 98, 42),
(224, 99, 53),
(225, 100, 45),
(226, 101, 53),
(227, 102, 53),
(228, 102, 45),
(230, 104, 36),
(233, 103, 45),
(234, 103, 57),
(235, 105, 45),
(236, 105, 56),
(237, 106, 38),
(238, 107, 45),
(239, 108, 28),
(240, 109, 45),
(241, 110, 36),
(243, 112, 27),
(244, 113, 58),
(245, 114, 36),
(246, 115, 29),
(247, 116, 59),
(248, 117, 59),
(249, 118, 59),
(250, 119, 59),
(251, 120, 59),
(252, 121, 59),
(253, 122, 59),
(254, 123, 50),
(255, 124, 50),
(256, 125, 50),
(257, 126, 50),
(258, 127, 50),
(259, 127, 60),
(260, 128, 45),
(261, 128, 50),
(262, 129, 45),
(263, 129, 50),
(264, 130, 45),
(265, 130, 50),
(268, 132, 29),
(269, 132, 32),
(272, 135, 21),
(274, 136, 54),
(275, 136, 50),
(276, 137, 54),
(278, 92, 33),
(279, 94, 42),
(281, 134, 42),
(282, 54, 45),
(283, 54, 50),
(284, 111, 45),
(285, 111, 50),
(286, 133, 45),
(287, 133, 50),
(290, 48, 45),
(291, 48, 50),
(292, 131, 45),
(293, 131, 50),
(295, 139, 48),
(297, 138, 48),
(299, 140, 45);

-- --------------------------------------------------------

--
-- Table structure for table `promo_detail`
--

CREATE TABLE `promo_detail` (
  `Id_promo_detail` int(11) NOT NULL,
  `Id_promo` int(11) NOT NULL,
  `Minimum_qty` int(11) NOT NULL,
  `Discount` int(11) NOT NULL,
  `Status` int(11) NOT NULL
) ENGINE=InnoDB DEFAULT CHARSET=utf8mb4;

--
-- Dumping data for table `promo_detail`
--

INSERT INTO `promo_detail` (`Id_promo_detail`, `Id_promo`, `Minimum_qty`, `Discount`, `Status`) VALUES
(85, 79, 10, 10000, 0),
(86, 80, 10, 10000, 0),
(87, 81, 1, 10, 0),
(88, 81, 5, 30, 0),
(89, 81, 20, 40, 0),
(90, 82, 10, 10000, 1),
(91, 83, 1, 10, 1),
(92, 83, 3, 15, 1),
(93, 83, 5, 20, 1),
(94, 84, 5, 10, 1),
(95, 84, 10, 30, 1),
(96, 85, 1, 10, 1),
(97, 85, 3, 30, 1),
(98, 86, 1, 10, 0),
(99, 87, 1, 10000, 1),
(100, 88, 1, 10, 1),
(101, 88, 5, 30, 1),
(102, 88, 20, 40, 1),
(103, 89, 1, 10000, 1),
(104, 90, 1, 10000, 1),
(105, 90, 100, 20000, 1),
(106, 91, 1, 10, 1),
(107, 91, 5, 15, 1),
(108, 92, 1, 10, 1),
(109, 92, 10, 20, 1);

-- --------------------------------------------------------

--
-- Table structure for table `promo_header`
--

CREATE TABLE `promo_header` (
  `Id_promo` int(11) NOT NULL,
  `Id_product` int(11) NOT NULL,
  `Id_variation` int(11) NOT NULL,
  `Start_date` date NOT NULL,
  `End_date` date NOT NULL,
  `Model` varchar(5) NOT NULL,
  `Status` int(11) NOT NULL
) ENGINE=InnoDB DEFAULT CHARSET=utf8mb4;

--
-- Dumping data for table `promo_header`
--

INSERT INTO `promo_header` (`Id_promo`, `Id_product`, `Id_variation`, `Start_date`, `End_date`, `Model`, `Status`) VALUES
(79, 38, 57, '2021-09-18', '2021-09-20', 'RP', 0),
(80, 38, 57, '2021-09-18', '2021-09-21', 'RP', 0),
(81, 38, 69, '2021-09-25', '2021-09-30', '%', 0),
(82, 38, 57, '2021-09-19', '2021-09-21', 'RP', 2),
(83, 38, 57, '2021-09-18', '2021-09-18', '%', 2),
(84, 39, 70, '2021-09-22', '2021-09-25', '%', 2),
(85, 39, 71, '2021-09-22', '2021-09-30', '%', 2),
(86, 38, 58, '2021-10-07', '2021-10-30', '%', 0),
(87, 39, 70, '2021-10-28', '2021-10-28', 'RP', 2),
(88, 38, 69, '2021-11-03', '2021-12-31', '%', 2),
(89, 38, 57, '2022-01-24', '2022-11-18', 'RP', 1),
(90, 42, 83, '2022-05-11', '2022-05-28', 'RP', 1),
(91, 44, 67, '2022-05-11', '2022-05-27', '%', 1),
(92, 67, 109, '2022-05-11', '2022-05-31', '%', 1);

-- --------------------------------------------------------

--
-- Table structure for table `purchase_detail`
--

CREATE TABLE `purchase_detail` (
  `No_detail` int(11) NOT NULL,
  `No_invoice` varchar(20) NOT NULL,
  `Id_product` int(11) NOT NULL,
  `Id_variation` int(11) NOT NULL,
  `Qty` int(11) NOT NULL,
  `Purchase_price` int(110) NOT NULL
) ENGINE=InnoDB DEFAULT CHARSET=utf8mb4;

--
-- Dumping data for table `purchase_detail`
--

INSERT INTO `purchase_detail` (`No_detail`, `No_invoice`, `Id_product`, `Id_variation`, `Qty`, `Purchase_price`) VALUES
(169, 'INV-P-120522-0001', 138, 185, 10, 150000),
(170, 'INV-P-120522-0002', 138, 185, 5, 160000),
(171, 'INV-P-120522-0003', 38, 85, 100, 95000),
(172, 'INV-P-120522-0003', 39, 84, 100, 100000),
(173, 'INV-P-120522-0003', 40, 40, 100, 78000),
(174, 'INV-P-120522-0003', 41, 82, 100, 160000),
(175, 'INV-P-120522-0003', 42, 83, 100, 100000),
(176, 'INV-P-120522-0003', 43, 65, 100, 100000),
(177, 'INV-P-120522-0003', 44, 67, 100, 30000),
(178, 'INV-P-120522-0003', 45, 72, 100, 25000);

-- --------------------------------------------------------

--
-- Table structure for table `purchase_header`
--

CREATE TABLE `purchase_header` (
  `No_invoice` varchar(20) NOT NULL,
  `Purchase_date` date NOT NULL,
  `Id_supplier` int(11) NOT NULL,
  `Grand_total` int(11) NOT NULL,
  `Status` int(11) NOT NULL
) ENGINE=InnoDB DEFAULT CHARSET=utf8mb4;

--
-- Dumping data for table `purchase_header`
--

INSERT INTO `purchase_header` (`No_invoice`, `Purchase_date`, `Id_supplier`, `Grand_total`, `Status`) VALUES
('INV-P-120522-0001', '2022-05-12', 3, 1500000, 2),
('INV-P-120522-0002', '2022-05-12', 7, 800000, 4),
('INV-P-120522-0003', '2022-05-12', 3, 68800000, 2);

-- --------------------------------------------------------

--
-- Table structure for table `purchase_payment`
--

CREATE TABLE `purchase_payment` (
  `Id_purchase_payment` varchar(20) NOT NULL,
  `Payment_date` date NOT NULL,
  `No_receive` varchar(20) NOT NULL,
  `No_invoice` varchar(20) NOT NULL,
  `Id_member` int(11) NOT NULL,
  `Payment_method` varchar(20) NOT NULL,
  `Id_bank` int(11) NOT NULL,
  `Payment_image` varchar(50) NOT NULL
) ENGINE=InnoDB DEFAULT CHARSET=utf8mb4;

--
-- Dumping data for table `purchase_payment`
--

INSERT INTO `purchase_payment` (`Id_purchase_payment`, `Payment_date`, `No_receive`, `No_invoice`, `Id_member`, `Payment_method`, `Id_bank`, `Payment_image`) VALUES
('INV-PPAY-110522-0001', '2022-05-11', 'INV-RO-110522-0001', 'INV-P-120522-0001', 6, 'BANK_TRANSFER', 1, 'INV-PPAY-110522-0001-76887.JPG');

-- --------------------------------------------------------

--
-- Table structure for table `rating_review`
--

CREATE TABLE `rating_review` (
  `id` bigint(20) UNSIGNED NOT NULL,
  `Id_order` int(11) NOT NULL,
  `Id_detail_order` int(11) NOT NULL,
  `Id_member` int(11) NOT NULL,
  `Rate` int(11) NOT NULL,
  `Review` longtext COLLATE utf8mb4_unicode_ci DEFAULT NULL,
  `Status` varchar(255) COLLATE utf8mb4_unicode_ci DEFAULT NULL,
  `created_at` timestamp NULL DEFAULT NULL,
  `updated_at` timestamp NULL DEFAULT NULL
) ENGINE=InnoDB DEFAULT CHARSET=utf8mb4 COLLATE=utf8mb4_unicode_ci;

-- --------------------------------------------------------

--
-- Table structure for table `receive_detail`
--

CREATE TABLE `receive_detail` (
  `No_receive_detail` int(11) NOT NULL,
  `No_receive` varchar(20) NOT NULL,
  `Id_product` int(11) NOT NULL,
  `Id_variation` int(11) NOT NULL,
  `No_purchase_detail` int(11) NOT NULL,
  `Qty` int(11) NOT NULL,
  `Purchase_price` int(11) NOT NULL
) ENGINE=InnoDB DEFAULT CHARSET=utf8mb4;

--
-- Dumping data for table `receive_detail`
--

INSERT INTO `receive_detail` (`No_receive_detail`, `No_receive`, `Id_product`, `Id_variation`, `No_purchase_detail`, `Qty`, `Purchase_price`) VALUES
(259, 'INV-RO-110522-0001', 138, 185, 169, 7, 150000),
(260, 'INV-RO-110522-0002', 138, 185, 170, 5, 160000),
(261, 'INV-RO-110522-0003', 38, 85, 171, 100, 95000),
(262, 'INV-RO-110522-0003', 40, 40, 173, 100, 78000),
(263, 'INV-RO-110522-0003', 41, 82, 174, 100, 160000),
(264, 'INV-RO-110522-0003', 42, 83, 175, 100, 100000),
(265, 'INV-RO-110522-0003', 43, 65, 176, 100, 100000),
(266, 'INV-RO-110522-0003', 44, 67, 177, 100, 30000),
(267, 'INV-RO-110522-0003', 45, 72, 178, 100, 25000);

-- --------------------------------------------------------

--
-- Table structure for table `receive_expire`
--

CREATE TABLE `receive_expire` (
  `No_receive_expire` int(11) NOT NULL,
  `No_receive_detail` int(11) NOT NULL,
  `Id_product` int(10) NOT NULL,
  `Id_variation` int(11) NOT NULL,
  `Qty` int(11) NOT NULL,
  `Expire_date` date NOT NULL
) ENGINE=InnoDB DEFAULT CHARSET=utf8mb4;

--
-- Dumping data for table `receive_expire`
--

INSERT INTO `receive_expire` (`No_receive_expire`, `No_receive_detail`, `Id_product`, `Id_variation`, `Qty`, `Expire_date`) VALUES
(296, 259, 138, 185, 2, '2022-05-24'),
(297, 259, 138, 185, 2, '2022-05-31'),
(298, 259, 138, 185, 3, '2022-06-24'),
(299, 260, 138, 185, 5, '2022-09-16'),
(300, 261, 38, 85, 20, '2022-08-19'),
(301, 261, 38, 85, 20, '2023-05-27'),
(302, 261, 38, 85, 20, '2023-12-07'),
(303, 261, 38, 85, 20, '2024-03-15'),
(304, 261, 38, 85, 20, '2024-03-15'),
(305, 262, 40, 40, 50, '2025-07-07'),
(306, 262, 40, 40, 50, '2025-07-31'),
(307, 263, 41, 82, 100, '2025-07-17'),
(308, 264, 42, 83, 100, '2025-10-18'),
(309, 265, 43, 65, 50, '2025-10-25'),
(310, 265, 43, 65, 50, '2025-10-09'),
(311, 266, 44, 67, 50, '2025-10-23'),
(312, 266, 44, 67, 50, '2025-12-19'),
(313, 267, 45, 72, 100, '2026-02-20');

--
-- Triggers `receive_expire`
--
DELIMITER $$
CREATE TRIGGER `trgreceiveheader_2` AFTER INSERT ON `receive_expire` FOR EACH ROW begin
 declare done   int(2); 
 declare Var_No_receive varchar(20);
 declare Var_tgl date; 
 declare Var_Id_product int(11); 
 declare Var_Id_variation int(11); 
 declare Var_Expire_date date; 
 declare Var_No_reference varchar(20); 
 declare Var_First_stock int(11); 
 declare Var_Debet int(11); 
 declare Var_Last_stock int(11); 
 declare Var_Transaction_price int(11); 
 declare Var_Capital int(11); 
 declare Var_Fifo_stock int(11); 
 declare Var_Stokawal int(11);
 declare Var_Stokakhir int(11);
  declare Var_Status int(11);
 

 set Var_Status = (SELECT Status FROM receive_header WHERE No_receive = (SELECT No_receive FROM receive_detail WHERE No_receive_detail= new.No_receive_detail));



 if Var_Status = 2 then 
	
 set Var_tgl = (SELECT receive_date FROM receive_header WHERE No_receive = (SELECT No_receive FROM receive_detail WHERE No_receive_detail= new.No_receive_detail));
 set Var_Id_product   = new.Id_product;
 set Var_Id_variation   = new.Id_variation;
 set Var_Expire_date    = new.Expire_date;
 set Var_Debet     = new.Qty;
 
 
 
 set Var_Stokawal = (select stock from variation_product where Id_variation = Var_Id_variation);
  set Var_Stokakhir  = Var_Stokawal + Var_Debet;
  
  
  
 set Var_No_reference = new.No_receive_expire;
  set Var_First_stock  = (SELECT IFNULL(Last_stock,Var_Stokawal) FROM stock_card WHERE Id_variation = Var_Id_variation order by Id_stock_card desc limit 1); 
 set Var_Last_stock = ifnull(Var_First_stock,Var_Stokawal) + Var_Debet;
 set Var_Transaction_price = (SELECT purchase_price FROM receive_detail WHERE No_receive_detail = new.No_receive_detail);
 set Var_Capital = Var_Transaction_price;
 set Var_Fifo_stock= Var_Debet;
 
 update variation_product set Purchase_price = Var_Transaction_price where Id_variation = Var_Id_variation;
  
  
  update variation_product set stock =  Var_Stokakhir where id_variation = Var_Id_variation;
  
  
   insert into stock_card
    (Id_stock_card, Date_card, Id_product, Id_variation, Expire_date, Type_card, No_reference, First_stock, Debet, Credit, Last_stock, Transaction_price, Capital, Fifo_stock)
    values
  (null, Var_tgl, Var_Id_product, Var_Id_variation , Var_Expire_date, 'Purchase', Var_No_reference, ifnull(Var_First_stock,Var_Stokawal), Var_Debet, 0, ifnull(Var_Last_stock,0), Var_Transaction_price, Var_Capital, Var_Fifo_stock);
   
 end if;
end
$$
DELIMITER ;

-- --------------------------------------------------------

--
-- Table structure for table `receive_header`
--

CREATE TABLE `receive_header` (
  `No_receive` varchar(20) NOT NULL,
  `No_invoice` varchar(20) NOT NULL,
  `Receive_date` date NOT NULL,
  `Id_member` int(11) NOT NULL,
  `No_reff_supplier` varchar(50) NOT NULL,
  `Status` int(11) NOT NULL,
  `Payment` int(11) NOT NULL
) ENGINE=InnoDB DEFAULT CHARSET=utf8mb4;

--
-- Dumping data for table `receive_header`
--

INSERT INTO `receive_header` (`No_receive`, `No_invoice`, `Receive_date`, `Id_member`, `No_reff_supplier`, `Status`, `Payment`) VALUES
('INV-RO-110522-0001', 'INV-P-120522-0001', '2022-05-11', 7, 'INV 67212121', 2, 1),
('INV-RO-110522-0002', 'INV-P-120522-0002', '2022-05-11', 7, 'INV 67212121', 2, 0),
('INV-RO-110522-0003', 'INV-P-120522-0003', '2022-05-11', 7, 'INV 67212121', 2, 0);

--
-- Triggers `receive_header`
--
DELIMITER $$
CREATE TRIGGER `trgreceiveheader` AFTER UPDATE ON `receive_header` FOR EACH ROW begin
 declare done   int(2); 
 declare done2 int(2); 
 declare Var_No_receive varchar(20);
 declare Var_tgl date; 
 declare Var_Id_product int(11); 
 declare Var_Id_variation int(11); 
 declare Var_Expire_date date; 
 declare Var_No_reference varchar(20); 
 declare Var_First_stock int(11); 
 declare Var_Debet int(11); 
 declare Var_Debet_2 int(11); 
 declare Var_Last_stock int(11); 
 declare Var_Transaction_price int(11); 
 declare Var_Capital int(11); 
 declare Var_Fifo_stock int(11); 
 declare Var_Stokawal int(11);
 declare Var_Stokakhir int(11);
 
declare Var2_Id_stock_card int(11);
declare Var2_Id_product int(11);
declare Var2_Id_variation int(11);
declare Var2_Expire_date date;
declare Var2_Fifo_stock int(11);
declare Var2_Temp_Debet int(11);
 declare Var2_First_stock int(11); 
declare pengurangan int(11);
 
   declare receive_expire cursor for 
   select 
   receive_detail.No_receive, 
   receive_detail.Purchase_price, 
   receive_expire.No_receive_expire,
   receive_expire.Id_product, 
   receive_expire.Id_variation, 
   receive_expire.Qty, 
   receive_expire.Expire_date 
   from receive_expire, receive_detail where receive_expire.No_receive_detail = receive_detail.No_receive_detail and receive_detail.No_receive = old.No_receive;
   declare continue HANDLER for not found set done = 1;
   
 if old.Status = 1 and new.Status = 2 then 
   set done   = 0;
   
   open receive_expire;
   read_loop: loop
     Fetch receive_expire into Var_No_receive,Var_Transaction_price,Var_No_reference, Var_Id_product, Var_Id_variation, Var_Debet, Var_Expire_date;
     if done = 1 then
      leave read_loop;
     else 
  
  update variation_product set Purchase_price = Var_Transaction_price where Id_variation = Var_Id_variation;
  
  set Var_Stokawal = (select stock from variation_product where Id_variation = Var_Id_variation);
  set Var_Stokakhir  = Var_Stokawal + Var_Debet;
  update variation_product set Stock =  Var_Stokakhir where Id_variation = Var_Id_variation;
  
  
  
  set Var_tgl = (SELECT receive_date FROM receive_header WHERE No_receive = Var_No_receive);
  set Var_First_stock  = (SELECT IFNULL(Last_stock,Var_Stokawal) FROM stock_card WHERE Id_variation = Var_Id_variation order by Id_stock_card desc limit 1); 
  set Var_Last_stock = ifnull(Var_First_stock,Var_Stokawal) + Var_Debet;
  set Var_Capital = Var_Transaction_price;
  set Var_Fifo_stock= Var_Debet;
  
  
  
  
   insert into stock_card
    (Id_stock_card, Date_card, Id_product, Id_variation, Expire_date, Type_card, No_reference, First_stock, Debet, Credit, Last_stock, Transaction_price, Capital, Fifo_stock)
    values
  (null, Var_tgl, Var_Id_product, Var_Id_variation , Var_Expire_date, 'Purchase', Var_No_reference, ifnull(Var_First_stock,Var_Stokawal), Var_Debet, 0, ifnull(Var_Last_stock,0), Var_Transaction_price, Var_Capital, Var_Fifo_stock);
   
 
     
     end if;
   end loop; 
   close receive_expire;
   
   
 elseif old.Status = 2 and new.Status = 0 then 
 
 BLOCK1: BEGIN
 
   set done   = 0;  
   open receive_expire;
 
	read_loop: loop
     Fetch receive_expire into Var_No_receive,Var_Transaction_price,Var_No_reference, Var_Id_product, Var_Id_variation, Var_Debet, Var_Expire_date;

     if done = 1 then
      leave read_loop;
     else   
		 
  
		  BLOCK2: BEGIN
				declare stock_card cursor for 
				  select 
				  stock_card.Id_stock_card,
				  stock_card.Id_product,
				  stock_card.Id_variation,
				  stock_card.Expire_date,
				  stock_card.Fifo_stock
				  from stock_card where stock_card.Id_variation = Var_Id_variation and stock_card.Fifo_stock>0 and Var_Expire_date <= stock_card.Expire_date order by stock_card.Expire_date asc;
				declare continue HANDLER for not found set done2 = 1;
				set Var_Debet_2 = Var_Debet;
			   
			   set done2 = 0;
				open stock_card;
				 read_loop2: loop
				Fetch stock_card into Var2_Id_stock_card ,Var2_Id_product,Var2_Id_variation,Var2_Expire_date, Var2_Fifo_stock;
				if done2 = 1 then
				 leave read_loop2;
				else 
					  insert into dummy values(Var2_Fifo_stock,'Var2_Fifo_stock');
					  insert into dummy values(Var_Debet_2,'Var_Debet_2');
					if Var2_Fifo_stock >= Var_Debet_2 then 
					  update stock_card set Fifo_stock = Fifo_stock - Var_Debet_2 where Id_stock_card = Var2_Id_stock_card;
					
					  set pengurangan = Var_Debet_2;
					  set done2 = 1;
					  
					else 
					  update stock_card set Fifo_stock = 0 where Id_stock_card = Var2_Id_stock_card;
					  set Var_Debet_2 = Var_Debet_2 - Var2_Fifo_stock;
					  set pengurangan = Var2_Fifo_stock;
					end if;
					
				set Var2_First_stock  = (SELECT Last_stock FROM stock_card WHERE Id_variation = Var2_Id_variation order by Id_stock_card desc limit 1); 
				
				set Var_tgl = now();
				
				insert into stock_card
				(Id_stock_card, Date_card, Id_product, Id_variation, Expire_date, Type_card, No_reference, First_stock, Debet, Credit, Last_stock, Transaction_price, Capital, Fifo_stock)
				values
			  (null, Var_tgl, Var2_Id_product, Var2_Id_variation , Var2_Expire_date, 'Receive Void', Var_No_reference, Var2_First_stock, 0, pengurangan, ifnull(Var2_First_stock-pengurangan,0), 0, 0, 0);
			   
				   -- set Var_Stokawal = (select stock from variation_product where Id_variation = Var_Id_variation);
				   -- set Var_Stokakhir  = Var_Stokawal - Var_Debet;
				   update variation_product set Stock =  Var2_First_stock-pengurangan where Id_variation = Var2_Id_variation;
				
				end if;
				 end loop read_loop2; 
				 close stock_card;    			  
		  END BLOCK2;
     end if;
   end loop read_loop; 
   close receive_expire;
   
   END BLOCK1;
 
 end if; 
end
$$
DELIMITER ;

-- --------------------------------------------------------

--
-- Table structure for table `stock_card`
--

CREATE TABLE `stock_card` (
  `Id_stock_card` int(11) NOT NULL,
  `Date_card` date NOT NULL,
  `Id_product` int(11) NOT NULL,
  `Id_variation` int(11) NOT NULL,
  `Expire_date` varchar(15) NOT NULL,
  `Type_card` varchar(100) NOT NULL,
  `No_reference` varchar(100) NOT NULL,
  `First_stock` int(11) NOT NULL,
  `Debet` int(11) NOT NULL,
  `Credit` int(11) NOT NULL,
  `Last_stock` int(11) NOT NULL,
  `Transaction_price` int(11) NOT NULL,
  `Capital` int(11) NOT NULL,
  `Fifo_stock` int(11) NOT NULL
) ENGINE=InnoDB DEFAULT CHARSET=utf8mb4;

--
-- Dumping data for table `stock_card`
--

INSERT INTO `stock_card` (`Id_stock_card`, `Date_card`, `Id_product`, `Id_variation`, `Expire_date`, `Type_card`, `No_reference`, `First_stock`, `Debet`, `Credit`, `Last_stock`, `Transaction_price`, `Capital`, `Fifo_stock`) VALUES
(290, '2022-05-11', 138, 185, '2022-05-24', 'Purchase', '296', 0, 2, 0, 2, 150000, 150000, 2),
(291, '2022-05-11', 138, 185, '2022-05-31', 'Purchase', '297', 2, 2, 0, 4, 150000, 150000, 2),
(292, '2022-05-11', 138, 185, '2022-06-24', 'Purchase', '298', 4, 3, 0, 7, 150000, 150000, 3),
(293, '2022-05-11', 138, 185, '2022-09-16', 'Purchase', '299', 7, 5, 0, 12, 160000, 160000, 5),
(294, '2022-05-11', 38, 85, '2022-08-19', 'Purchase', '300', 0, 20, 0, 20, 95000, 95000, 20),
(295, '2022-05-11', 38, 85, '2023-05-27', 'Purchase', '301', 20, 20, 0, 40, 95000, 95000, 20),
(296, '2022-05-11', 38, 85, '2023-12-07', 'Purchase', '302', 40, 20, 0, 60, 95000, 95000, 20),
(297, '2022-05-11', 38, 85, '2024-03-15', 'Purchase', '303', 60, 20, 0, 80, 95000, 95000, 20),
(298, '2022-05-11', 38, 85, '2024-03-15', 'Purchase', '304', 80, 20, 0, 100, 95000, 95000, 20),
(299, '2022-05-11', 40, 40, '2025-07-07', 'Purchase', '305', 0, 50, 0, 50, 78000, 78000, 50),
(300, '2022-05-11', 40, 40, '2025-07-31', 'Purchase', '306', 50, 50, 0, 100, 78000, 78000, 50),
(301, '2022-05-11', 41, 82, '2025-07-17', 'Purchase', '307', 0, 100, 0, 100, 160000, 160000, 100),
(302, '2022-05-11', 42, 83, '2025-10-18', 'Purchase', '308', 0, 100, 0, 100, 100000, 100000, 100),
(303, '2022-05-11', 43, 65, '2025-10-25', 'Purchase', '309', 0, 50, 0, 50, 100000, 100000, 50),
(304, '2022-05-11', 43, 65, '2025-10-09', 'Purchase', '310', 50, 50, 0, 100, 100000, 100000, 50),
(305, '2022-05-11', 44, 67, '2025-10-23', 'Purchase', '311', 0, 50, 0, 50, 30000, 30000, 50),
(306, '2022-05-11', 44, 67, '2025-12-19', 'Purchase', '312', 50, 50, 0, 100, 30000, 30000, 50),
(307, '2022-05-11', 45, 72, '2026-02-20', 'Purchase', '313', 0, 100, 0, 100, 25000, 25000, 100);

-- --------------------------------------------------------

--
-- Table structure for table `submitted_email_ebook`
--

CREATE TABLE `submitted_email_ebook` (
  `id` bigint(20) UNSIGNED NOT NULL,
  `Ebook_id` int(11) NOT NULL,
  `User_token` varchar(255) COLLATE utf8mb4_unicode_ci NOT NULL,
  `Name` varchar(255) COLLATE utf8mb4_unicode_ci NOT NULL,
  `Phone` varchar(255) COLLATE utf8mb4_unicode_ci NOT NULL,
  `Email` varchar(255) COLLATE utf8mb4_unicode_ci NOT NULL,
  `Date_request` date NOT NULL,
  `Status` tinyint(4) NOT NULL,
  `created_at` timestamp NULL DEFAULT NULL,
  `updated_at` timestamp NULL DEFAULT NULL
) ENGINE=InnoDB DEFAULT CHARSET=utf8mb4 COLLATE=utf8mb4_unicode_ci;

--
-- Dumping data for table `submitted_email_ebook`
--

INSERT INTO `submitted_email_ebook` (`id`, `Ebook_id`, `User_token`, `Name`, `Phone`, `Email`, `Date_request`, `Status`, `created_at`, `updated_at`) VALUES
(4, 1, '8dppa1aa94atv', 'jenny', '082142319085', 'jenny341@gmail.com', '2022-05-09', 1, '2022-05-09 07:48:19', '2022-05-09 07:48:19'),
(5, 1, '8dppa1aa94atv', 'opakanfan', '08848959090', 'bfoabfa7af6@gmail.com', '2022-05-09', 1, '2022-05-09 11:23:59', '2022-05-09 11:23:59'),
(6, 2, '8dppa1aa94atv', 'erland', '087009704123', 'erland123@gmail.com', '2022-05-09', 1, '2022-05-09 12:19:40', '2022-05-09 12:19:40'),
(7, 2, '8dppa1aa94atv', 'pirlo', '08709044960', 'adriel2@mhs.stts.edu', '2022-05-09', 1, '2022-05-09 15:32:44', '2022-05-09 15:32:44'),
(8, 3, '8dppa1aa94atv', 'trenaa', '082111114509', 'paodpad@gmail.com', '2022-05-10', 1, '2022-05-09 16:27:21', '2022-05-09 16:27:21'),
(9, 3, '8dppa1aa94atv', 'puya safitri', '089320014840', 'puayasaf@gmail.com', '2022-05-11', 1, '2022-05-11 09:34:38', '2022-05-11 09:34:38'),
(10, 3, '8dppa1aa94atv', 'lopis rasta', '0870100001441', 'loaparasat2@gmail.com', '2022-05-11', 1, '2022-05-11 09:37:13', '2022-05-11 09:37:13');

-- --------------------------------------------------------

--
-- Table structure for table `submitted_embed_checkout`
--

CREATE TABLE `submitted_embed_checkout` (
  `id` bigint(20) UNSIGNED NOT NULL,
  `User_token` varchar(255) COLLATE utf8mb4_unicode_ci NOT NULL,
  `Name` varchar(255) COLLATE utf8mb4_unicode_ci NOT NULL,
  `Phone` varchar(255) COLLATE utf8mb4_unicode_ci NOT NULL,
  `Email` varchar(255) COLLATE utf8mb4_unicode_ci NOT NULL,
  `Id_product` int(11) NOT NULL,
  `Id_variation` int(11) NOT NULL,
  `Qty` int(11) NOT NULL,
  `created_at` timestamp NULL DEFAULT NULL,
  `updated_at` timestamp NULL DEFAULT NULL
) ENGINE=InnoDB DEFAULT CHARSET=utf8mb4 COLLATE=utf8mb4_unicode_ci;

--
-- Dumping data for table `submitted_embed_checkout`
--

INSERT INTO `submitted_embed_checkout` (`id`, `User_token`, `Name`, `Phone`, `Email`, `Id_product`, `Id_variation`, `Qty`, `created_at`, `updated_at`) VALUES
(1, '59sga1029eerb', 'tristar', '0885269526600', 'tadvau@gmail.com', 38, 69, 8, '2022-05-08 15:17:09', '2022-05-08 15:17:09'),
(2, '59sga1029eerb', 'trisrr', '0845212345675', 'trsuabk12@gmail.com', 38, 57, 11, '2022-05-08 15:21:49', '2022-05-08 15:21:49'),
(3, '59sga1029eerb', 'embedcoba', '087484122929', 'uuuu@gmail.com', 39, 71, 12, '2022-05-08 17:52:48', '2022-05-08 17:52:48'),
(4, '59sga1029eerb', 'uni', '08516196929090', 'unaiodjaip65@gmail.com', 39, 71, 17, '2022-05-08 18:25:17', '2022-05-08 18:25:17'),
(5, '59sga1029eerb', 'hoanto', '0845161000096', 'hoanto10@gmail.com', 39, 70, 1, '2022-05-08 18:28:45', '2022-05-08 18:28:45'),
(6, '8dppa1aa94atv', 'naomi', '0875100909416', 'naomi1234@gmail.com', 40, 40, 10, '2022-05-08 18:34:48', '2022-05-08 18:34:48'),
(7, '8dppa1aa94atv', 'bobb', '087840909096', 'bobb124@gmail.com', 39, 70, 1, '2022-05-08 18:39:38', '2022-05-08 18:39:38'),
(8, '8dppa1aa94atv', 'nurr', '08715000094946', 'nurrrta@gmail.com', 38, 58, 13, '2022-05-09 04:31:20', '2022-05-09 04:31:20'),
(9, '8dppa1aa94atv', 'werna', '087841809099', 'werna34@gmail.com', 38, 57, 10, '2022-05-09 04:34:31', '2022-05-09 04:34:31'),
(10, '8dppa1aa94atv', 'asong', '0814750063949', 'asongg2@gmail.com', 40, 40, 4, '2022-05-09 16:30:34', '2022-05-09 16:30:34');

-- --------------------------------------------------------

--
-- Table structure for table `sub_category`
--

CREATE TABLE `sub_category` (
  `Id_sub_category` int(11) NOT NULL,
  `Id_category` varchar(4) NOT NULL,
  `Sub_category_code` varchar(4) NOT NULL,
  `Sub_category_name` varchar(50) NOT NULL,
  `Status` int(11) NOT NULL
) ENGINE=InnoDB DEFAULT CHARSET=utf8mb4;

--
-- Dumping data for table `sub_category`
--

INSERT INTO `sub_category` (`Id_sub_category`, `Id_category`, `Sub_category_code`, `Sub_category_name`, `Status`) VALUES
(12, '4', 'VITC', 'VITAMIN C', 0),
(13, '5', 'MDKL', 'MADU KOLESTEROL', 0),
(14, '2', 'MTCH', 'MATCHA', 0),
(15, '10', 'MTCH', 'MATCHA', 1),
(16, '8', 'VITC', 'VITAMIN C', 0),
(17, '8', 'VITD', 'VITAMIN D', 0),
(18, '10', 'KOGI', 'KOPI GINSENG', 0),
(19, '10', 'KOGI', 'KOPI GINSENG', 1),
(20, '8', 'VITE', 'VITAMIN E', 0),
(21, '13', 'SBN', 'SABUN', 1),
(22, '13', 'SMPO', 'SAMPHO', 1),
(23, '16', 'JMAL', 'JAMU ASAM LAMBUNG', 1),
(24, '17', 'PLMB', 'PELEMBAB', 0),
(25, '18', 'SUNA', 'SUSU ANAK', 0),
(26, '11', 'VITA', 'VITAMIN A', 1),
(27, '11', 'VITB', 'VITAMIN B', 1),
(28, '11', 'VITC', 'VITAMIN C', 1),
(29, '8', 'SUKL', 'KOLESTEROL', 1),
(30, '10', 'KOHB', 'KOPI HABBATUSAUDA', 1),
(31, '8', 'SAUR', 'ASAM URAT', 1),
(32, '8', 'SPDB', 'DIABETES', 1),
(33, '19', 'ALKL', 'KALUNG KESEHATAN', 1),
(34, '19', 'ALGL', 'GELANG KESEHATAN', 1),
(35, '19', 'AKLA', 'ALAT KESEHATAN LAINNYA', 1),
(36, '8', 'MIIK', 'MINYAK IKAN', 1),
(37, '11', 'VITD', 'VITAMIN D', 1),
(38, '11', 'VITE', 'VITAMIN E', 1),
(39, '8', 'SUPR', 'PARU-PARU', 1),
(40, '17', 'SCAV', 'ALOE VERA', 1),
(41, '13', 'AMPG', 'PASTA GIGI', 1),
(42, '17', 'SCRC', 'PELEMBAB', 1),
(43, '10', 'MISP', 'SEREAL', 1),
(44, '10', 'MIKC', 'MINUMAN KECANTIKAN', 1),
(45, '8', 'SPLN', 'SUPPLEMEN LAINNYA', 1),
(46, '6', 'KCKS', 'KACAMATA KESEHATAN', 1),
(47, '20', 'HOMF', 'NANO CREAM', 1),
(48, '8', 'SPPL', 'PELANGSING', 1),
(49, '19', 'ALKT', 'ALAT KECANTIKAN', 1),
(50, '16', 'JMHL', 'JAMU UMUM', 1),
(51, '8', 'VTPR', 'VITALITAS PRIA', 1),
(52, '10', 'SUSU', 'SUSU', 1),
(53, '8', 'SUPT', 'PENGINGGI BADAN', 1),
(54, '8', 'SPPG', 'PENGGEMUK BADAN', 1),
(55, '21', 'PMBL', 'PEMBALUT', 1),
(56, '8', 'SPIH', 'KEHAMILAN', 1),
(57, '8', 'SPMT', 'MATA', 1),
(58, '20', 'HOVE', 'VITAMIN E CREAM', 1),
(59, '22', 'MYEO', 'ESSENTIAL OIL', 1),
(60, '16', 'JMMD', 'MADU HERBAL', 1),
(61, '21', 'PEMB', 'PEMBERSIH KEWANITAAN', 1);

-- --------------------------------------------------------

--
-- Table structure for table `supplier`
--

CREATE TABLE `supplier` (
  `Id_supplier` int(11) NOT NULL,
  `Supplier_name` varchar(50) NOT NULL,
  `Supplier_email` varchar(50) NOT NULL,
  `Supplier_phone1` varchar(20) NOT NULL,
  `Supplier_phone2` varchar(20) NOT NULL,
  `Supplier_address` varchar(100) NOT NULL,
  `Credit_due_date` int(11) NOT NULL,
  `Status` int(11) NOT NULL
) ENGINE=InnoDB DEFAULT CHARSET=utf8mb4;

--
-- Dumping data for table `supplier`
--

INSERT INTO `supplier` (`Id_supplier`, `Supplier_name`, `Supplier_email`, `Supplier_phone1`, `Supplier_phone2`, `Supplier_address`, `Credit_due_date`, `Status`) VALUES
(2, 'PT. ABC3', 'ABC@GMAIL.COM', '08748458441', '087855222', 'JL. KH. AGUS SALIM NO.80 (1)', 0, 0),
(3, 'PT. ABC', 'ADRIELEDGARD12345@GMAIL.COM', '0878420716343', '082187538222', 'JL.TERNATE 11 GH', 15, 1),
(4, 'PT. MAJU MUNDUR', 'MM123@GMAIL.COM', '087842071634', '087842071634', 'JL. KH. AGUS SALIM NO.800', 0, 1),
(5, 'PT. MAJU KARYA ABADI', 'MKA@GMAIL.COM', '08784560844', '087560990', 'JALAN MAJAPAHI NO 10', 60, 1),
(6, 'TES', 'TS@GMAIL.COM', '08784207154', '08123569', 'JALAN PEMUDA', 15, 1),
(7, 'PT. SATU DUA TIGA', 'YES123@GMAIL.COM', '087842071634', '08112369949', 'JALAN RAYA KLATEN', 10, 1),
(8, 'PT. SARI AYU', 'SARIAYU@GMAIL.COM', '08784569443', '081234569842', 'JALAN PEMUDA NO 200A', 15, 1),
(9, 'PT. KOSMETIK 03', 'KOSMETIK03@GMAIL.COM', '08784561235', '0812187596423', 'JALAN HAJI AGUS SALIM NO 12', 12, 1),
(10, 'PT. KINO', 'KINO@GMAIL.COM', '087845698213', '087549220990', 'JALAN KYAI NO 123', 12, 1),
(11, 'PT. REJEKI JAYA', 'ADMIN@REJEKIJAYA.COM', '087845900080', '081122334455', 'JALAN TERNATE NO 11', 16, 1),
(12, 'PT. TITOP', 'ADMIN@TIPTOP.COM', '081235490909', '081248499', 'JALAN SATANGGA NO 123', 30, 1),
(13, 'PT. JAYA 123', 'JAYA123@GMAIL.COM', '08784080837', '08112255446637', 'JALAN HAHA HIHI HEHE37', 37, 1),
(14, 'PT. YAYA', 'YAYA@GMAIL.COM', '0878456070', '08780909009', 'HAHA HEHE', 12, 1),
(15, 'PT. GANTENG', 'GANTENG@GMAIL.COM', '08512345995', '089611224488', 'JALAN KINA NO 12', 30, 0),
(16, 'PT. LIMA', 'LIMA@GMAIL.COM', '08123349848', '0878099', 'JALA HAHA', 20, 1),
(17, 'PT. ABADI MAKMUR', 'ABD_MKMR@GMAIL.COM', '0854509099', '08512350909', 'JALAN YOS SUDARSO NO 123', 30, 1),
(18, 'PT. AYU KINO', 'AYUKINO@GMAIL.COM', '084560808090', '08754605090', 'JALAN JENDRAL SUDIRMAN NO 45', 50, 1),
(19, 'PT. SAPUTRA ABADI', 'SAUTRABADI@GMAIL.COM', '081235557899', '08123694949', 'KINANO 11', 11, 1),
(20, 'PT. ADRIEL SUKSES JAYA', 'ADRIELSUKSES@GMAIL.COM', '0870840809', '08008988', 'JL.TERNATE', 10, 0),
(21, 'PT. AGUNG CARGO', 'AGUNGCARGO@GMAIL.COM', '08784480888', '0', 'JALAN HEHE', 12, 1),
(22, 'PT. PUTRI AYU LESTARI', 'PAL@GMAIL.COM', '08784884848', '0', 'JALAN KINA NO 123', 12, 1),
(23, 'PT KINTAN AGUNG', 'KINTAN@GMAIL.COM', '0871204890', '087090499', 'JALAN RAYA MALANG NO 88', 10, 1);

-- --------------------------------------------------------

--
-- Table structure for table `supplier_product`
--

CREATE TABLE `supplier_product` (
  `Id_supplier_product` int(11) NOT NULL,
  `Id_supplier` int(11) NOT NULL,
  `Id_product` int(11) NOT NULL,
  `Status` int(11) NOT NULL
) ENGINE=InnoDB DEFAULT CHARSET=utf8mb4;

--
-- Dumping data for table `supplier_product`
--

INSERT INTO `supplier_product` (`Id_supplier_product`, `Id_supplier`, `Id_product`, `Status`) VALUES
(1, 11, 38, 1),
(2, 11, 39, 1),
(3, 11, 40, 1),
(4, 12, 38, 1),
(5, 12, 39, 1),
(6, 12, 42, 1),
(38, 23, 38, 1),
(39, 23, 39, 1),
(40, 23, 40, 1);

-- --------------------------------------------------------

--
-- Table structure for table `table_ticket`
--

CREATE TABLE `table_ticket` (
  `id` bigint(20) UNSIGNED NOT NULL,
  `Cs_id` int(11) NOT NULL,
  `Nomor_ticket` varchar(255) COLLATE utf8mb4_unicode_ci NOT NULL,
  `Title` varchar(255) COLLATE utf8mb4_unicode_ci NOT NULL,
  `Email` varchar(255) COLLATE utf8mb4_unicode_ci NOT NULL,
  `Phone` varchar(255) COLLATE utf8mb4_unicode_ci NOT NULL,
  `Platform_komunikasi` longtext COLLATE utf8mb4_unicode_ci NOT NULL,
  `Bukti_chat` longtext COLLATE utf8mb4_unicode_ci NOT NULL,
  `Description` longtext COLLATE utf8mb4_unicode_ci NOT NULL,
  `Date_request` date NOT NULL,
  `Date_solve` date DEFAULT NULL,
  `Status` varchar(255) COLLATE utf8mb4_unicode_ci NOT NULL,
  `created_at` timestamp NULL DEFAULT NULL,
  `updated_at` timestamp NULL DEFAULT NULL
) ENGINE=InnoDB DEFAULT CHARSET=utf8mb4 COLLATE=utf8mb4_unicode_ci;

--
-- Dumping data for table `table_ticket`
--

INSERT INTO `table_ticket` (`id`, `Cs_id`, `Nomor_ticket`, `Title`, `Email`, `Phone`, `Platform_komunikasi`, `Bukti_chat`, `Description`, `Date_request`, `Date_solve`, `Status`, `created_at`, `updated_at`) VALUES
(1, 8, '2446714', 'MASALAH ONGKIR', 'indrarinitanjung@gmail.com', '087842071634', 'live chat', 'AADADAVSBBDFB', 'error', '2022-05-10', NULL, 'CLOSED', '2022-05-10 13:45:15', '2022-05-10 14:41:10'),
(2, 8, '7061173', 'ADA ERROR DI PEMBELIAN BARANG PROMO', 'jenny@gmail.com', '08711699509', 'phone', '-', 'error saat checkout barang promo bekatul', '2022-05-11', NULL, 'CLOSED', '2022-05-11 12:41:23', '2022-05-11 13:08:04'),
(3, 8, '8465315', '-', 'indrarinitanjung@gmail.com', '08854180804', '-', 'DDG', 'dgd', '2022-05-11', NULL, 'CLOSED', '2022-05-11 13:09:15', '2022-05-11 13:09:19');

-- --------------------------------------------------------

--
-- Table structure for table `type`
--

CREATE TABLE `type` (
  `Id_type` int(11) NOT NULL,
  `Type_name` varchar(20) NOT NULL,
  `Status` int(11) NOT NULL
) ENGINE=InnoDB DEFAULT CHARSET=utf8mb4;

--
-- Dumping data for table `type`
--

INSERT INTO `type` (`Id_type`, `Type_name`, `Status`) VALUES
(1, 'KAPSUL', 1),
(2, 'CAIR (SIRUP)', 1),
(3, 'PIL', 0),
(4, 'TABLET', 0),
(5, 'PUYER/BUBUK', 1),
(6, 'PIL', 0),
(7, 'PILL', 0),
(8, 'TES', 0),
(9, 'LAINNYA', 1),
(10, 'PIL', 1);

-- --------------------------------------------------------

--
-- Table structure for table `users`
--

CREATE TABLE `users` (
  `id` bigint(20) UNSIGNED NOT NULL,
  `name` varchar(255) COLLATE utf8mb4_unicode_ci NOT NULL,
  `email` varchar(255) COLLATE utf8mb4_unicode_ci NOT NULL,
  `email_verified_at` timestamp NULL DEFAULT NULL,
  `password` varchar(255) COLLATE utf8mb4_unicode_ci NOT NULL,
  `remember_token` varchar(100) COLLATE utf8mb4_unicode_ci DEFAULT NULL,
  `created_at` timestamp NULL DEFAULT NULL,
  `updated_at` timestamp NULL DEFAULT NULL
) ENGINE=InnoDB DEFAULT CHARSET=utf8mb4 COLLATE=utf8mb4_unicode_ci;

-- --------------------------------------------------------

--
-- Table structure for table `variation_product`
--

CREATE TABLE `variation_product` (
  `Id_variation` int(11) NOT NULL,
  `Id_product` int(11) NOT NULL,
  `Variation_name` varchar(50) NOT NULL,
  `Option_name` varchar(50) NOT NULL,
  `Purchase_price` int(11) NOT NULL,
  `Sell_price` int(11) NOT NULL,
  `Weight` int(11) NOT NULL,
  `Dimension` varchar(25) NOT NULL,
  `Stock` int(11) NOT NULL,
  `Stock_atc` int(11) NOT NULL,
  `Stock_pay` int(11) NOT NULL,
  `Status` int(11) NOT NULL
) ENGINE=InnoDB DEFAULT CHARSET=utf8mb4;

--
-- Dumping data for table `variation_product`
--

INSERT INTO `variation_product` (`Id_variation`, `Id_product`, `Variation_name`, `Option_name`, `Purchase_price`, `Sell_price`, `Weight`, `Dimension`, `Stock`, `Stock_atc`, `Stock_pay`, `Status`) VALUES
(26, 38, 'UKURAN', '', 0, 179000, 150, '10X5X3', 0, 0, 0, 0),
(27, 38, 'UKURAN', '', 0, 179000, 150, '10X5X3', 0, 0, 0, 0),
(30, 39, 'NONE', 'NONE', 0, 120000, 100, '10X5X12', 0, 0, 0, 0),
(32, 39, 'UKURAN', '30 ML', 0, 150000, 100, '12X11X15', 0, 0, 0, 0),
(33, 39, 'UKURAN', '50 ML', 0, 175000, 250, '10X11X13', 0, 0, 0, 0),
(34, 39, 'UKURAN', '', 0, 150000, 100, '12X11X15', 0, 0, 0, 0),
(35, 39, 'UKURAN', '', 0, 150000, 100, '12X11X15', 0, 0, 0, 0),
(36, 39, 'UKURAN', '100 ML', 0, 200000, 500, '1X5X9', 0, 0, 0, 0),
(37, 39, 'UKURAN', '', 0, 150000, 100, '12X11X15', 0, 0, 0, 0),
(38, 39, 'UKURAN', '', 0, 150000, 100, '12X11X15', 0, 0, 0, 0),
(39, 39, 'UKURAN', '', 0, 150000, 100, '12X11X15', 0, 0, 0, 0),
(40, 40, 'NONE', 'NONE', 78000, 190000, 100, '5X6X9', 100, 0, 0, 1),
(41, 38, 'NONE', 'NONE', 0, 179000, 150, '10X5X3', 0, 0, 0, 0),
(42, 38, 'TIPE', '1 BOX', 0, 179000, 100, '5X3X2', 0, 0, 0, 0),
(43, 38, 'TIPE', '3 BOX', 0, 350000, 300, '15X9X6', 0, 0, 0, 0),
(44, 38, 'NONE', 'NONE', 0, 179000, 100, '5X3X2', 0, 0, 0, 0),
(45, 38, 'NONE', 'NONE', 0, 179000, 100, '5X3X2', 0, 0, 0, 0),
(46, 38, 'TIPE', '1 BOX', 0, 1, 1, '1X1X1', 0, 0, 0, 0),
(47, 38, 'TIPE', '3 BOX', 0, 2, 2, '2X2X2', 0, 0, 0, 0),
(48, 38, 'TIPE', 'ADA', 0, 3, 3, '3X3X3', 0, 0, 0, 0),
(49, 38, 'TIPE', 'ADA2', 0, 1, 1, '1X1X1', 0, 0, 0, 0),
(50, 38, 'TIPE', 'ADA3', 0, 60000, 10, '1X5X6', 0, 0, 0, 0),
(51, 39, 'UKURAN', 'ADA', 0, 1, 1, '1X1X1', 0, 0, 0, 0),
(52, 39, 'UKURAN', 'ADA', 0, 1, 1, '1X1X1', 0, 0, 0, 0),
(53, 38, 'TIPE', 'ADA', 0, 160000, 50, '5X6X9', 0, 0, 0, 0),
(54, 38, 'TIPE', 'ADA2', 0, 1, 1, '1X1X1', 0, 0, 0, 0),
(55, 38, 'TIPE', 'ADA4', 0, 170000, 300, '6X9X70', 0, 0, 0, 0),
(56, 38, 'NONE', 'NONE', 0, 60000, 10, '1X5X6', 0, 0, 0, 0),
(57, 38, 'UK BOX', 'BOX KECIL', 0, 179000, 1, '1X1X1', 0, 0, 0, 0),
(58, 38, 'UK BOX', 'BOX SEDANG', 0, 350000, 1, '1X1X1', 0, 0, 0, 0),
(59, 41, 'UKURAN', '50GR', 0, 180000, 100, '5X6X9', 0, 0, 0, 0),
(60, 41, 'UKURAN', '100 GR', 0, 170000, 150, '12X7X11', 0, 0, 0, 0),
(61, 42, 'NONE', 'NONE', 0, 180000, 100, '5X6X9', 0, 0, 0, 0),
(62, 42, 'UKURAN', '50GR', 0, 180000, 100, '5X6X9', 0, 0, 0, 0),
(63, 42, 'UKURAN', '100GR', 0, 200000, 150, '6X9X10', 0, 0, 0, 0),
(64, 43, 'NONE', 'NONE', 0, 250000, 300, '20X15X6', 0, 0, 0, 0),
(65, 43, 'UKURAN', '150 BIJI', 100000, 150000, 100, '15X4X3', 100, 0, 0, 1),
(66, 43, 'UKURAN', '350 BIJI', 0, 400000, 200, '30X8X6', 0, 0, 0, 1),
(67, 44, 'UKURAN', '1 BUAH', 30000, 298000, 100, '13X3X3', 100, 0, 0, 1),
(68, 44, 'UKURAN', 'BELI 2 GRATSI 1', 0, 596000, 300, '13X9X9', 0, 0, 0, 1),
(69, 38, 'UK BOX', 'BOX BESAR', 0, 500000, 1, '1X1X1', 0, 0, 0, 0),
(70, 39, 'UKURAN', '150 BIJI', 0, 150000, 100, '15X4X3', 0, 0, 0, 0),
(71, 39, 'UKURAN', '350 BIJI', 0, 400000, 200, '33X8X6', 0, 0, 0, 0),
(72, 45, 'NONE', 'NONE', 25000, 30000, 100, '12X15X10', 100, 0, 0, 1),
(73, 46, 'NONE', 'NONE', 0, 150000, 100, '1X1X1', 0, 0, 0, 0),
(74, 47, 'NONE', 'NONE', 0, 150000, 100, '10X10X10', 0, 0, 0, 1),
(75, 48, 'NONE', 'NONE', 0, 999000, 100, '10X1X05', 0, 0, 0, 1),
(76, 49, 'NONE', 'NONE', 0, 115000, 100, '10X1X010', 0, 0, 0, 1),
(77, 50, 'NONE', 'NONE', 0, 100000, 100, '10X10X10', 0, 0, 0, 1),
(78, 51, 'NONE', 'NONE', 0, 78000, 100, '10X10X5', 0, 0, 0, 1),
(79, 46, 'JUMLAH KAPSUL', '50 KAPSUL', 0, 100000, 100, '10X10X10', 0, 0, 0, 0),
(80, 46, 'JUMLAH KAPSUL', '100 KAPSUL', 0, 120000, 200, '20X20X20', 0, 0, 0, 0),
(81, 52, 'NONE', 'NONE', 0, 105000, 100, '10X50X50', 0, 0, 0, 1),
(82, 41, 'NONE', 'NONE', 160000, 180000, 100, '5X6X9', 100, 0, 0, 1),
(83, 42, 'NONE', 'NONE', 100000, 180000, 100, '5X6X9', 100, 0, 0, 1),
(84, 39, 'NONE', 'NONE', 0, 150000, 100, '15X4X3', 0, 0, 0, 1),
(85, 38, 'NONE', 'NONE', 95000, 179000, 1, '1X1X1', 100, 0, 0, 1),
(86, 46, 'NONE', 'NONE', 0, 150000, 100, '10X10X10', 0, 0, 0, 1),
(87, 53, 'NONE', 'NONE', 0, 48000, 100, '10X10X10', 0, 0, 0, 1),
(88, 54, 'NONE', 'NONE', 0, 39000, 100, '10X10X10', 0, 0, 0, 1),
(89, 55, 'UKURAN', '1 BUAH', 0, 178000, 150, '10X10X10', 0, 0, 0, 1),
(90, 55, 'UKURAN', '3 BUAH', 0, 433000, 250, '15X10X10', 0, 0, 0, 1),
(91, 56, 'UKURAN', '1 BOX', 0, 180000, 350, '15X20X25', 0, 0, 0, 1),
(92, 56, 'UKURAN', '3 BOX', 0, 450000, 900, '30X40X50', 0, 0, 0, 1),
(93, 57, 'UKURAN', '1 BUAH', 0, 78000, 100, '10X10X10', 0, 0, 0, 0),
(94, 57, 'UKURAN', '3 BUAH', 0, 200000, 300, '10X10X10', 0, 0, 0, 0),
(95, 58, 'UKURAN', '10 SACHET', 0, 66000, 100, '10X10X10', 0, 0, 0, 0),
(96, 58, 'UKURAN', '30 SACHET (3 BOX)', 0, 167000, 100, '30X30X30', 0, 0, 0, 0),
(97, 59, 'NONE', 'NONE', 0, 75000, 100, '10X10X10', 0, 0, 0, 1),
(98, 60, 'NONE', 'NONE', 0, 134000, 50, '12X10X10', 0, 0, 0, 1),
(99, 61, 'NONE', 'NONE', 0, 467000, 150, '20X10X7', 0, 0, 0, 1),
(100, 62, 'UKURAN', '1 BOX', 0, 334000, 150, '10X10X10', 0, 0, 0, 1),
(101, 62, 'UKURAN', '3 BOX', 0, 500000, 300, '20X20X20', 0, 0, 0, 1),
(102, 63, 'NONE', 'NONE', 0, 160000, 150, '10X8X9', 0, 0, 0, 1),
(103, 64, 'UKURAN', '1 BOX', 0, 250000, 300, '15X15X10', 0, 0, 0, 1),
(104, 64, 'UKURAN', '3 BOX', 0, 400000, 500, '19X25X25', 0, 0, 0, 1),
(105, 65, 'NONE', 'NONE', 0, 145000, 100, '10X10X10', 0, 0, 0, 1),
(106, 66, 'UKURAN', '5 GR', 0, 173000, 100, '10X10X10', 0, 0, 0, 1),
(107, 66, 'UKURAN', '20 GR', 0, 438000, 100, '10X10X10', 0, 0, 0, 1),
(108, 67, 'UKURAN', '1 BOTOL', 0, 78000, 100, '10X5X8', 0, 0, 0, 1),
(109, 67, 'UKURAN', '3 BOTOL', 0, 198000, 300, '20X10X16', 0, 0, 0, 1),
(110, 68, 'NONE', 'NONE', 0, 127000, 200, '10X15X8', 0, 0, 0, 1),
(111, 69, 'NONE', 'NONE', 0, 67000, 250, '10X5X9', 0, 0, 0, 1),
(112, 70, 'NONE', 'NONE', 0, 2200000, 1000, '20X25X30', 0, 0, 0, 1),
(113, 71, 'NONE', 'NONE', 0, 300000, 100, '10X10X5', 0, 0, 0, 1),
(114, 72, 'NONE', 'NONE', 0, 1067000, 150, '10X10X5', 0, 0, 0, 1),
(115, 73, 'JENIS', 'SILVIANG ONLY', 0, 1100000, 230, '10X5X8', 0, 0, 0, 1),
(116, 73, 'JENIS', 'PAKET + SKINCARE', 0, 1250000, 500, '20X30X10', 0, 0, 0, 1),
(117, 74, 'NONE', 'NONE', 0, 278000, 100, '10X10X10', 0, 0, 0, 1),
(118, 75, 'NONE', 'NONE', 0, 127000, 150, '10X10X10', 0, 0, 0, 1),
(119, 76, 'NONE', 'NONE', 0, 500000, 600, '10X15X20', 0, 0, 0, 1),
(120, 77, 'JENIS', 'PRIA', 0, 350000, 100, '10X10X10', 0, 0, 0, 1),
(121, 77, 'JENIS', 'WANITA', 0, 370000, 100, '10X10X10', 0, 0, 0, 1),
(122, 78, 'NONE', 'NONE', 0, 134000, 150, '10X10X10', 0, 0, 0, 1),
(123, 79, 'NONE', 'NONE', 0, 124000, 100, '5X9X6', 0, 0, 0, 1),
(124, 80, 'NONE', 'NONE', 0, 124000, 100, '5X6X9', 0, 0, 0, 1),
(125, 81, 'NONE', 'NONE', 0, 124000, 100, '10X5X6', 0, 0, 0, 1),
(126, 82, 'NONE', 'NONE', 0, 124000, 100, '10X9X3', 0, 0, 0, 1),
(127, 58, 'NONE', 'NONE', 0, 66000, 100, '10X10X10', 0, 0, 0, 1),
(128, 83, 'NONE', 'NONE', 0, 124000, 100, '10X6X5', 0, 0, 0, 1),
(129, 84, 'NONE', 'NONE', 0, 124000, 100, '10X9X3', 0, 0, 0, 1),
(130, 85, 'NONE', 'NONE', 0, 124000, 100, '10X5X9', 0, 0, 0, 1),
(131, 57, 'UKURAN', '1 BOX', 0, 250000, 300, '15X15X10', 0, 0, 0, 1),
(132, 57, 'UKURAN', '3 BOX', 0, 400000, 500, '19X25X25', 0, 0, 0, 1),
(133, 86, 'NONE', 'NONE', 0, 315000, 100, '10X5X9', 0, 0, 0, 1),
(134, 87, 'NONE', 'NONE', 0, 459000, 100, '10X5X6', 0, 0, 0, 1),
(135, 88, 'NONE', 'NONE', 0, 500000, 100, '10X5X9', 0, 0, 0, 1),
(136, 89, 'NONE', 'NONE', 0, 346000, 100, '15X10X8', 0, 0, 0, 1),
(137, 90, 'NONE', 'NONE', 0, 257000, 100, '10X8X9', 0, 0, 0, 1),
(138, 91, 'NONE', 'NONE', 0, 302000, 100, '10X5X9', 0, 0, 0, 1),
(139, 92, 'NONE', 'NONE', 0, 390000, 100, '5X9X10', 0, 0, 0, 1),
(140, 93, 'NONE', 'NONE', 0, 234000, 100, '10X15X6', 0, 0, 0, 1),
(141, 94, 'NONE', 'NONE', 0, 169000, 100, '10X10X10', 0, 0, 0, 1),
(142, 95, 'NONE', 'NONE', 0, 2383000, 100, '5X6X10', 0, 0, 0, 1),
(143, 96, 'NONE', 'NONE', 0, 47000, 50, '10X5X9', 0, 0, 0, 1),
(144, 97, 'NONE', 'NONE', 0, 110000, 100, '14X5X9', 0, 0, 0, 1),
(145, 98, 'NONE', 'NONE', 0, 130000, 300, '10X5X10', 0, 0, 0, 1),
(146, 99, 'NONE', 'NONE', 0, 257000, 100, '10X10X10', 0, 0, 0, 1),
(147, 100, 'NONE', 'NONE', 0, 201000, 100, '10X10X10', 0, 0, 0, 1),
(148, 101, 'NONE', 'NONE', 0, 243000, 100, '10X10X10', 0, 0, 0, 1),
(149, 102, 'NONE', 'NONE', 0, 368000, 100, '10X10X15', 0, 0, 0, 1),
(150, 103, 'NONE', 'NONE', 0, 424000, 100, '10X10X10', 0, 0, 0, 1),
(151, 104, 'NONE', 'NONE', 0, 424000, 100, '10X10X10', 0, 0, 0, 1),
(152, 105, 'NONE', 'NONE', 0, 191000, 100, '20X15X10', 0, 0, 0, 1),
(153, 106, 'NONE', 'NONE', 0, 155000, 100, '10X10X10', 0, 0, 0, 1),
(154, 107, 'NONE', 'NONE', 0, 170000, 100, '10X10X10', 0, 0, 0, 1),
(155, 108, 'NONE', 'NONE', 0, 300000, 100, '10X10X10', 0, 0, 0, 1),
(156, 109, 'NONE', 'NONE', 0, 144000, 100, '10X10X10', 0, 0, 0, 1),
(157, 110, 'NONE', 'NONE', 0, 185000, 100, '10X10X10', 0, 0, 0, 1),
(158, 111, 'NONE', 'NONE', 0, 257000, 100, '10X10X10', 0, 0, 0, 1),
(159, 112, 'NONE', 'NONE', 0, 189000, 100, '10X10X10', 0, 0, 0, 1),
(160, 113, 'NONE', 'NONE', 0, 108000, 100, '10X10X10', 0, 0, 0, 1),
(161, 114, 'NONE', 'NONE', 0, 314000, 100, '10X10X10', 0, 0, 0, 1),
(162, 115, 'NONE', 'NONE', 0, 182000, 100, '10X10X10', 0, 0, 0, 1),
(163, 116, 'NONE', 'NONE', 0, 45000, 50, '5X5X5', 0, 0, 0, 1),
(164, 117, 'NONE', 'NONE', 0, 55000, 50, '10X10X10', 0, 0, 0, 1),
(165, 118, 'NONE', 'NONE', 0, 40000, 100, '5X5X5', 0, 0, 0, 1),
(166, 119, 'NONE', 'NONE', 0, 40000, 100, '5X5X5', 0, 0, 0, 1),
(167, 120, 'NONE', 'NONE', 0, 50000, 100, '5X5X5', 0, 0, 0, 1),
(168, 121, 'NONE', 'NONE', 0, 45000, 100, '5X5X5', 0, 0, 0, 1),
(169, 122, 'NONE', 'NONE', 0, 40000, 100, '5X5X5', 0, 0, 0, 1),
(170, 123, 'NONE', 'NONE', 0, 49000, 100, '5X5X5', 0, 0, 0, 1),
(171, 124, 'NONE', 'NONE', 0, 49000, 100, '10X5X5', 0, 0, 0, 1),
(172, 125, 'NONE', 'NONE', 0, 49000, 100, '5X5X5', 0, 0, 0, 1),
(173, 126, 'NONE', 'NONE', 0, 49000, 50, '5X5X5', 0, 0, 0, 1),
(174, 127, 'NONE', 'NONE', 0, 109000, 100, '5X5X5', 0, 0, 0, 1),
(175, 128, 'NONE', 'NONE', 0, 135000, 100, '10X4X10', 0, 0, 0, 1),
(176, 129, 'NONE', 'NONE', 0, 110000, 100, '10X10X10', 0, 0, 0, 1),
(177, 130, 'NONE', 'NONE', 0, 110000, 100, '10X10X10', 0, 0, 0, 1),
(178, 131, 'NONE', 'NONE', 0, 220000, 100, '10X10X10', 0, 0, 0, 1),
(179, 132, 'NONE', 'NONE', 0, 295000, 100, '10X10X10', 0, 0, 0, 1),
(180, 133, 'NONE', 'NONE', 0, 168000, 100, '10X10X10', 0, 0, 0, 1),
(181, 134, 'NONE', 'NONE', 0, 126000, 100, '10X10X10', 0, 0, 0, 1),
(182, 135, 'NONE', 'NONE', 0, 35000, 100, '10X10X5', 0, 0, 0, 1),
(183, 136, 'NONE', 'NONE', 0, 45000, 100, '10X5X15', 0, 0, 0, 1),
(184, 137, 'NONE', 'NONE', 0, 38000, 100, '10X10X10', 0, 0, 0, 1),
(185, 138, 'NONE', 'NONE', 160000, 295000, 100, '10X10X10', 12, 0, 0, 1),
(186, 139, 'NONE', 'NONE', 0, 229000, 200, '10X10X10', 0, 0, 0, 1),
(187, 140, 'JENIS', 'SOP ALPHA', 0, 300000, 100, '10X10X10', 0, 0, 0, 0),
(188, 140, 'JENIS', 'SOP ALPHA + SHAKER', 0, 350000, 100, '10X10X10', 0, 0, 0, 0),
(189, 140, 'JENIS', '2 BOX SOP ALPHA + SHAKER', 0, 660000, 500, '15X20X25', 0, 0, 0, 0),
(190, 140, 'NONE', 'NONE', 0, 330000, 200, '10X10X10', 0, 0, 0, 1);

-- --------------------------------------------------------

--
-- Table structure for table `voucher`
--

CREATE TABLE `voucher` (
  `Id_voucher` int(11) NOT NULL,
  `Voucher_name` varchar(30) NOT NULL,
  `Voucher_type` int(11) NOT NULL,
  `Discount` int(11) NOT NULL,
  `Point` int(11) NOT NULL DEFAULT 0,
  `Redeem_due_date` date NOT NULL DEFAULT '2022-01-01',
  `Quota` int(11) NOT NULL DEFAULT 0,
  `Joinpromo` int(11) NOT NULL DEFAULT 0,
  `Status` int(11) NOT NULL
) ENGINE=InnoDB DEFAULT CHARSET=utf8mb4;

--
-- Dumping data for table `voucher`
--

INSERT INTO `voucher` (`Id_voucher`, `Voucher_name`, `Voucher_type`, `Discount`, `Point`, `Redeem_due_date`, `Quota`, `Joinpromo`, `Status`) VALUES
(10, 'VOUCHER 1', 1, 50000, 50, '2022-05-28', 0, 1, 2),
(11, 'VOUCHER 2', 2, 900000, 10, '2022-01-08', 0, 0, 2),
(12, 'VOUCHER 3', 3, 15000, 1, '2021-11-27', 0, 1, 2),
(14, 'VOUCHER 4', 2, 18000, 15, '2021-11-19', 0, 0, 2),
(15, 'VOUCHER 5', 2, 85000, 25, '2020-08-19', 0, 0, 2),
(16, 'VOUCHER 6', 2, 5000, 20, '2022-01-01', 0, 0, 0),
(17, 'VOUCHER KEMERDEKAAN', 3, 35000, 15, '2019-01-01', 0, 0, 2),
(18, 'VOUCHER MANTAP', 1, 50000, 150, '2022-01-01', 0, 1, 2),
(19, 'VOUCHER 123', 1, 123000, 160, '2020-10-30', 0, 0, 2),
(21, 'VOUCHER TAHUN BARU', 1, 10000, 10, '2022-01-21', 0, 0, 2),
(22, 'VOUCHER KEMERDEKAAN', 1, 10000, 12, '2022-06-17', 0, 1, 0),
(23, 'VOUCHER HEBAT', 1, 5000, 5, '2022-04-22', 0, 1, 2),
(24, 'VOUCHER YES', 1, 10000, 50, '2022-04-30', 0, 0, 0),
(25, 'VOUCHER YES', 1, 15000, 50, '2022-04-30', 100, 1, 2),
(26, 'VOUCHER JENN', 1, 1500, 10, '2022-04-22', 1, 0, 2),
(27, 'VOUCHER IDUL FITRI', 2, 1000, 100, '2022-05-28', 10, 0, 1),
(28, 'VOUCHER YES', 3, 5000, 100, '2022-05-28', 1, 1, 0),
(29, 'VOUCHER YES', 3, 5000, 100, '2022-05-28', 1, 1, 0);

-- --------------------------------------------------------

--
-- Table structure for table `voucher_member`
--

CREATE TABLE `voucher_member` (
  `Id_voucher_member` int(11) NOT NULL,
  `Id_member` int(11) NOT NULL,
  `Id_voucher` int(11) NOT NULL
) ENGINE=InnoDB DEFAULT CHARSET=utf8mb4;

--
-- Dumping data for table `voucher_member`
--

INSERT INTO `voucher_member` (`Id_voucher_member`, `Id_member`, `Id_voucher`) VALUES
(27, 31, 10),
(28, 31, 11),
(32, 5, 18),
(34, 5, 19),
(35, 5, 11),
(36, 5, 19),
(37, 5, 18),
(38, 5, 18),
(39, 5, 11),
(40, 5, 11),
(41, 5, 11),
(42, 5, 11),
(43, 5, 11),
(44, 5, 18),
(45, 5, 11),
(46, 5, 11),
(47, 5, 11),
(48, 5, 11),
(49, 5, 12),
(50, 5, 12),
(51, 5, 14),
(52, 5, 11),
(53, 5, 14),
(54, 5, 11),
(55, 5, 14),
(56, 5, 12),
(59, 5, 21),
(60, 5, 21),
(61, 5, 10),
(62, 5, 21),
(63, 5, 22),
(64, 5, 25),
(65, 5, 26),
(66, 5, 25),
(67, 5, 25),
(68, 5, 27),
(69, 5, 28);

-- --------------------------------------------------------

--
-- Table structure for table `voucher_product`
--

CREATE TABLE `voucher_product` (
  `Id_voucher_product` int(11) NOT NULL,
  `Id_voucher` int(11) NOT NULL,
  `Id_product` int(11) NOT NULL
) ENGINE=InnoDB DEFAULT CHARSET=utf8mb4;

--
-- Dumping data for table `voucher_product`
--

INSERT INTO `voucher_product` (`Id_voucher_product`, `Id_voucher`, `Id_product`) VALUES
(35, 16, 41),
(36, 16, 42),
(43, 11, 38),
(44, 11, 39),
(45, 11, 40),
(46, 11, 41),
(47, 11, 42),
(48, 11, 43),
(51, 15, 40),
(52, 14, 42),
(53, 27, 38),
(54, 27, 39),
(55, 27, 40);

-- --------------------------------------------------------

--
-- Table structure for table `wishlist`
--

CREATE TABLE `wishlist` (
  `Id_wishlist` int(11) NOT NULL,
  `Id_product` int(11) NOT NULL,
  `Id_variation` int(11) NOT NULL,
  `Qty` int(11) NOT NULL,
  `Id_member` int(11) NOT NULL
) ENGINE=InnoDB DEFAULT CHARSET=utf8mb4;

--
-- Dumping data for table `wishlist`
--

INSERT INTO `wishlist` (`Id_wishlist`, `Id_product`, `Id_variation`, `Qty`, `Id_member`) VALUES
(6, 39, 70, 3, 10),
(7, 39, 71, 4, 10),
(15, 42, 62, 1, 5),
(16, 38, 57, 1, 5),
(17, 38, 57, 1, 6),
(18, 39, 70, 1, 5);

--
-- Indexes for dumped tables
--

--
-- Indexes for table `address_member`
--
ALTER TABLE `address_member`
  ADD PRIMARY KEY (`Id_address`);

--
-- Indexes for table `affiliate`
--
ALTER TABLE `affiliate`
  ADD PRIMARY KEY (`Id_affiliate`);

--
-- Indexes for table `affiliate_member`
--
ALTER TABLE `affiliate_member`
  ADD PRIMARY KEY (`id`);

--
-- Indexes for table `bank`
--
ALTER TABLE `bank`
  ADD PRIMARY KEY (`Id_bank`);

--
-- Indexes for table `banner`
--
ALTER TABLE `banner`
  ADD PRIMARY KEY (`Id_banner`);

--
-- Indexes for table `brand`
--
ALTER TABLE `brand`
  ADD PRIMARY KEY (`Id_brand`);

--
-- Indexes for table `cart`
--
ALTER TABLE `cart`
  ADD PRIMARY KEY (`Id_cart`);

--
-- Indexes for table `category`
--
ALTER TABLE `category`
  ADD PRIMARY KEY (`Id_category`);

--
-- Indexes for table `chat`
--
ALTER TABLE `chat`
  ADD PRIMARY KEY (`id`);

--
-- Indexes for table `cust_order_detail`
--
ALTER TABLE `cust_order_detail`
  ADD PRIMARY KEY (`Id_detail_order`);

--
-- Indexes for table `cust_order_header`
--
ALTER TABLE `cust_order_header`
  ADD PRIMARY KEY (`Id_order`);

--
-- Indexes for table `cust_order_history`
--
ALTER TABLE `cust_order_history`
  ADD PRIMARY KEY (`id`);

--
-- Indexes for table `ebook`
--
ALTER TABLE `ebook`
  ADD PRIMARY KEY (`Id_ebook`);

--
-- Indexes for table `ebook_member_downloaded`
--
ALTER TABLE `ebook_member_downloaded`
  ADD PRIMARY KEY (`id`);

--
-- Indexes for table `embed_member`
--
ALTER TABLE `embed_member`
  ADD PRIMARY KEY (`id`);

--
-- Indexes for table `failed_jobs`
--
ALTER TABLE `failed_jobs`
  ADD PRIMARY KEY (`id`);

--
-- Indexes for table `followup_customers`
--
ALTER TABLE `followup_customers`
  ADD PRIMARY KEY (`Id_followup`);

--
-- Indexes for table `kode_otp`
--
ALTER TABLE `kode_otp`
  ADD PRIMARY KEY (`id`);

--
-- Indexes for table `member`
--
ALTER TABLE `member`
  ADD PRIMARY KEY (`Id_member`);

--
-- Indexes for table `migrations`
--
ALTER TABLE `migrations`
  ADD PRIMARY KEY (`id`);

--
-- Indexes for table `point_card`
--
ALTER TABLE `point_card`
  ADD PRIMARY KEY (`Id_point_card`);

--
-- Indexes for table `product`
--
ALTER TABLE `product`
  ADD PRIMARY KEY (`Id_product`);

--
-- Indexes for table `product_image`
--
ALTER TABLE `product_image`
  ADD PRIMARY KEY (`Id_image`);

--
-- Indexes for table `product_sub_category`
--
ALTER TABLE `product_sub_category`
  ADD PRIMARY KEY (`Id_product_sub_category`);

--
-- Indexes for table `promo_detail`
--
ALTER TABLE `promo_detail`
  ADD PRIMARY KEY (`Id_promo_detail`);

--
-- Indexes for table `promo_header`
--
ALTER TABLE `promo_header`
  ADD PRIMARY KEY (`Id_promo`);

--
-- Indexes for table `purchase_detail`
--
ALTER TABLE `purchase_detail`
  ADD PRIMARY KEY (`No_detail`);

--
-- Indexes for table `purchase_header`
--
ALTER TABLE `purchase_header`
  ADD PRIMARY KEY (`No_invoice`);

--
-- Indexes for table `purchase_payment`
--
ALTER TABLE `purchase_payment`
  ADD PRIMARY KEY (`Id_purchase_payment`);

--
-- Indexes for table `rating_review`
--
ALTER TABLE `rating_review`
  ADD PRIMARY KEY (`id`);

--
-- Indexes for table `receive_detail`
--
ALTER TABLE `receive_detail`
  ADD PRIMARY KEY (`No_receive_detail`);

--
-- Indexes for table `receive_expire`
--
ALTER TABLE `receive_expire`
  ADD PRIMARY KEY (`No_receive_expire`);

--
-- Indexes for table `receive_header`
--
ALTER TABLE `receive_header`
  ADD PRIMARY KEY (`No_receive`);

--
-- Indexes for table `stock_card`
--
ALTER TABLE `stock_card`
  ADD PRIMARY KEY (`Id_stock_card`);

--
-- Indexes for table `submitted_email_ebook`
--
ALTER TABLE `submitted_email_ebook`
  ADD PRIMARY KEY (`id`);

--
-- Indexes for table `submitted_embed_checkout`
--
ALTER TABLE `submitted_embed_checkout`
  ADD PRIMARY KEY (`id`);

--
-- Indexes for table `sub_category`
--
ALTER TABLE `sub_category`
  ADD PRIMARY KEY (`Id_sub_category`);

--
-- Indexes for table `supplier`
--
ALTER TABLE `supplier`
  ADD PRIMARY KEY (`Id_supplier`);

--
-- Indexes for table `supplier_product`
--
ALTER TABLE `supplier_product`
  ADD PRIMARY KEY (`Id_supplier_product`);

--
-- Indexes for table `table_ticket`
--
ALTER TABLE `table_ticket`
  ADD PRIMARY KEY (`id`);

--
-- Indexes for table `type`
--
ALTER TABLE `type`
  ADD PRIMARY KEY (`Id_type`);

--
-- Indexes for table `users`
--
ALTER TABLE `users`
  ADD PRIMARY KEY (`id`),
  ADD UNIQUE KEY `users_email_unique` (`email`);

--
-- Indexes for table `variation_product`
--
ALTER TABLE `variation_product`
  ADD PRIMARY KEY (`Id_variation`);

--
-- Indexes for table `voucher`
--
ALTER TABLE `voucher`
  ADD PRIMARY KEY (`Id_voucher`);

--
-- Indexes for table `voucher_member`
--
ALTER TABLE `voucher_member`
  ADD PRIMARY KEY (`Id_voucher_member`);

--
-- Indexes for table `voucher_product`
--
ALTER TABLE `voucher_product`
  ADD PRIMARY KEY (`Id_voucher_product`);

--
-- Indexes for table `wishlist`
--
ALTER TABLE `wishlist`
  ADD PRIMARY KEY (`Id_wishlist`);

--
-- AUTO_INCREMENT for dumped tables
--

--
-- AUTO_INCREMENT for table `address_member`
--
ALTER TABLE `address_member`
  MODIFY `Id_address` int(11) NOT NULL AUTO_INCREMENT, AUTO_INCREMENT=39;

--
-- AUTO_INCREMENT for table `affiliate`
--
ALTER TABLE `affiliate`
  MODIFY `Id_affiliate` int(11) NOT NULL AUTO_INCREMENT, AUTO_INCREMENT=27;

--
-- AUTO_INCREMENT for table `affiliate_member`
--
ALTER TABLE `affiliate_member`
  MODIFY `id` bigint(20) UNSIGNED NOT NULL AUTO_INCREMENT, AUTO_INCREMENT=3;

--
-- AUTO_INCREMENT for table `bank`
--
ALTER TABLE `bank`
  MODIFY `Id_bank` int(11) NOT NULL AUTO_INCREMENT, AUTO_INCREMENT=5;

--
-- AUTO_INCREMENT for table `banner`
--
ALTER TABLE `banner`
  MODIFY `Id_banner` int(11) NOT NULL AUTO_INCREMENT, AUTO_INCREMENT=17;

--
-- AUTO_INCREMENT for table `brand`
--
ALTER TABLE `brand`
  MODIFY `Id_brand` int(11) NOT NULL AUTO_INCREMENT, AUTO_INCREMENT=21;

--
-- AUTO_INCREMENT for table `cart`
--
ALTER TABLE `cart`
  MODIFY `Id_cart` int(11) NOT NULL AUTO_INCREMENT, AUTO_INCREMENT=121;

--
-- AUTO_INCREMENT for table `category`
--
ALTER TABLE `category`
  MODIFY `Id_category` int(11) NOT NULL AUTO_INCREMENT, AUTO_INCREMENT=23;

--
-- AUTO_INCREMENT for table `chat`
--
ALTER TABLE `chat`
  MODIFY `id` bigint(20) UNSIGNED NOT NULL AUTO_INCREMENT, AUTO_INCREMENT=6;

--
-- AUTO_INCREMENT for table `cust_order_detail`
--
ALTER TABLE `cust_order_detail`
  MODIFY `Id_detail_order` int(11) NOT NULL AUTO_INCREMENT, AUTO_INCREMENT=611;

--
-- AUTO_INCREMENT for table `cust_order_header`
--
ALTER TABLE `cust_order_header`
  MODIFY `Id_order` int(11) NOT NULL AUTO_INCREMENT, AUTO_INCREMENT=2108;

--
-- AUTO_INCREMENT for table `cust_order_history`
--
ALTER TABLE `cust_order_history`
  MODIFY `id` bigint(20) UNSIGNED NOT NULL AUTO_INCREMENT, AUTO_INCREMENT=134;

--
-- AUTO_INCREMENT for table `ebook`
--
ALTER TABLE `ebook`
  MODIFY `Id_ebook` int(11) NOT NULL AUTO_INCREMENT, AUTO_INCREMENT=6;

--
-- AUTO_INCREMENT for table `ebook_member_downloaded`
--
ALTER TABLE `ebook_member_downloaded`
  MODIFY `id` bigint(20) UNSIGNED NOT NULL AUTO_INCREMENT, AUTO_INCREMENT=6;

--
-- AUTO_INCREMENT for table `embed_member`
--
ALTER TABLE `embed_member`
  MODIFY `id` int(11) NOT NULL AUTO_INCREMENT, AUTO_INCREMENT=6;

--
-- AUTO_INCREMENT for table `failed_jobs`
--
ALTER TABLE `failed_jobs`
  MODIFY `id` bigint(20) UNSIGNED NOT NULL AUTO_INCREMENT;

--
-- AUTO_INCREMENT for table `followup_customers`
--
ALTER TABLE `followup_customers`
  MODIFY `Id_followup` int(10) UNSIGNED NOT NULL AUTO_INCREMENT, AUTO_INCREMENT=3;

--
-- AUTO_INCREMENT for table `kode_otp`
--
ALTER TABLE `kode_otp`
  MODIFY `id` bigint(20) UNSIGNED NOT NULL AUTO_INCREMENT;

--
-- AUTO_INCREMENT for table `member`
--
ALTER TABLE `member`
  MODIFY `Id_member` int(11) NOT NULL AUTO_INCREMENT, AUTO_INCREMENT=79;

--
-- AUTO_INCREMENT for table `migrations`
--
ALTER TABLE `migrations`
  MODIFY `id` int(10) UNSIGNED NOT NULL AUTO_INCREMENT, AUTO_INCREMENT=103;

--
-- AUTO_INCREMENT for table `point_card`
--
ALTER TABLE `point_card`
  MODIFY `Id_point_card` int(11) NOT NULL AUTO_INCREMENT, AUTO_INCREMENT=79;

--
-- AUTO_INCREMENT for table `product`
--
ALTER TABLE `product`
  MODIFY `Id_product` int(11) NOT NULL AUTO_INCREMENT, AUTO_INCREMENT=141;

--
-- AUTO_INCREMENT for table `product_image`
--
ALTER TABLE `product_image`
  MODIFY `Id_image` int(11) NOT NULL AUTO_INCREMENT, AUTO_INCREMENT=201;

--
-- AUTO_INCREMENT for table `product_sub_category`
--
ALTER TABLE `product_sub_category`
  MODIFY `Id_product_sub_category` int(11) NOT NULL AUTO_INCREMENT, AUTO_INCREMENT=300;

--
-- AUTO_INCREMENT for table `promo_detail`
--
ALTER TABLE `promo_detail`
  MODIFY `Id_promo_detail` int(11) NOT NULL AUTO_INCREMENT, AUTO_INCREMENT=110;

--
-- AUTO_INCREMENT for table `promo_header`
--
ALTER TABLE `promo_header`
  MODIFY `Id_promo` int(11) NOT NULL AUTO_INCREMENT, AUTO_INCREMENT=93;

--
-- AUTO_INCREMENT for table `purchase_detail`
--
ALTER TABLE `purchase_detail`
  MODIFY `No_detail` int(11) NOT NULL AUTO_INCREMENT, AUTO_INCREMENT=179;

--
-- AUTO_INCREMENT for table `rating_review`
--
ALTER TABLE `rating_review`
  MODIFY `id` bigint(20) UNSIGNED NOT NULL AUTO_INCREMENT;

--
-- AUTO_INCREMENT for table `receive_detail`
--
ALTER TABLE `receive_detail`
  MODIFY `No_receive_detail` int(11) NOT NULL AUTO_INCREMENT, AUTO_INCREMENT=268;

--
-- AUTO_INCREMENT for table `receive_expire`
--
ALTER TABLE `receive_expire`
  MODIFY `No_receive_expire` int(11) NOT NULL AUTO_INCREMENT, AUTO_INCREMENT=314;

--
-- AUTO_INCREMENT for table `stock_card`
--
ALTER TABLE `stock_card`
  MODIFY `Id_stock_card` int(11) NOT NULL AUTO_INCREMENT, AUTO_INCREMENT=308;

--
-- AUTO_INCREMENT for table `submitted_email_ebook`
--
ALTER TABLE `submitted_email_ebook`
  MODIFY `id` bigint(20) UNSIGNED NOT NULL AUTO_INCREMENT, AUTO_INCREMENT=11;

--
-- AUTO_INCREMENT for table `submitted_embed_checkout`
--
ALTER TABLE `submitted_embed_checkout`
  MODIFY `id` bigint(20) UNSIGNED NOT NULL AUTO_INCREMENT, AUTO_INCREMENT=11;

--
-- AUTO_INCREMENT for table `sub_category`
--
ALTER TABLE `sub_category`
  MODIFY `Id_sub_category` int(11) NOT NULL AUTO_INCREMENT, AUTO_INCREMENT=62;

--
-- AUTO_INCREMENT for table `supplier`
--
ALTER TABLE `supplier`
  MODIFY `Id_supplier` int(11) NOT NULL AUTO_INCREMENT, AUTO_INCREMENT=24;

--
-- AUTO_INCREMENT for table `supplier_product`
--
ALTER TABLE `supplier_product`
  MODIFY `Id_supplier_product` int(11) NOT NULL AUTO_INCREMENT, AUTO_INCREMENT=41;

--
-- AUTO_INCREMENT for table `table_ticket`
--
ALTER TABLE `table_ticket`
  MODIFY `id` bigint(20) UNSIGNED NOT NULL AUTO_INCREMENT, AUTO_INCREMENT=4;

--
-- AUTO_INCREMENT for table `type`
--
ALTER TABLE `type`
  MODIFY `Id_type` int(11) NOT NULL AUTO_INCREMENT, AUTO_INCREMENT=11;

--
-- AUTO_INCREMENT for table `users`
--
ALTER TABLE `users`
  MODIFY `id` bigint(20) UNSIGNED NOT NULL AUTO_INCREMENT;

--
-- AUTO_INCREMENT for table `variation_product`
--
ALTER TABLE `variation_product`
  MODIFY `Id_variation` int(11) NOT NULL AUTO_INCREMENT, AUTO_INCREMENT=191;

--
-- AUTO_INCREMENT for table `voucher`
--
ALTER TABLE `voucher`
  MODIFY `Id_voucher` int(11) NOT NULL AUTO_INCREMENT, AUTO_INCREMENT=30;

--
-- AUTO_INCREMENT for table `voucher_member`
--
ALTER TABLE `voucher_member`
  MODIFY `Id_voucher_member` int(11) NOT NULL AUTO_INCREMENT, AUTO_INCREMENT=70;

--
-- AUTO_INCREMENT for table `voucher_product`
--
ALTER TABLE `voucher_product`
  MODIFY `Id_voucher_product` int(11) NOT NULL AUTO_INCREMENT, AUTO_INCREMENT=56;

--
-- AUTO_INCREMENT for table `wishlist`
--
ALTER TABLE `wishlist`
  MODIFY `Id_wishlist` int(11) NOT NULL AUTO_INCREMENT, AUTO_INCREMENT=19;
COMMIT;

/*!40101 SET CHARACTER_SET_CLIENT=@OLD_CHARACTER_SET_CLIENT */;
/*!40101 SET CHARACTER_SET_RESULTS=@OLD_CHARACTER_SET_RESULTS */;
/*!40101 SET COLLATION_CONNECTION=@OLD_COLLATION_CONNECTION */;
